{"type":"FeatureCollection","features":[{"type":"Feature","properties":{"NAME":"Arizona"},"geometry":{"type":"Polygon","coordinates":[[[-109.045223,36.999084],[-109.181196,36.999271],[-109.381226,36.999148],[-110.000677,36.997968],[-110.33105,36.998216],[-110.495259,37.003875],[-110.75069,37.003197],[-111.189888,37.000959],[-111.412784,37.001478],[-112.35769,37.001025],[-112.534545,37.000684],[-112.609787,37.000753],[-112.899366,37.000319],[-112.966471,37.000219],[-113.965907,36.999976],[-114.0506,37.000396],[-114.050583,36.843141],[-114.050562,36.656259],[-114.046488,36.473449],[-114.046403,36.371873],[-114.048515,36.289598],[-114.047106,36.250591],[-114.046838,36.194069],[-114.063021,36.186942],[-114.120193,36.102228],[-114.125796,36.077531],[-114.138202,36.041284],[-114.15413,36.023862],[-114.21369,36.015613],[-114.238799,36.014561],[-114.263146,36.025937],[-114.292663,36.051118],[-114.303614,36.066456],[-114.310857,36.083787],[-114.328777,36.105501],[-114.365835,36.133722],[-114.381446,36.141665],[-114.513256,36.151217],[-114.572031,36.15161],[-114.631716,36.142306],[-114.736165,36.104367],[-114.744857,36.098693],[-114.755618,36.087166],[-114.743576,35.983721],[-114.731296,35.945157],[-114.70613,35.878712],[-114.704211,35.851984],[-114.705611,35.848884],[-114.70771,35.811885],[-114.700308,35.700387],[-114.689407,35.651412],[-114.676707,35.640989],[-114.657506,35.618289],[-114.653406,35.610789],[-114.653806,35.59949],[-114.671147,35.520641],[-114.674981,35.510564],[-114.677643,35.489742],[-114.662125,35.444241],[-114.652005,35.429165],[-114.627137,35.409504],[-114.604314,35.353584],[-114.595931,35.325234],[-114.569238,35.18348],[-114.569569,35.163053],[-114.572747,35.138725],[-114.578524,35.12875],[-114.59912,35.12105],[-114.621956,35.094678],[-114.635469,35.028266],[-114.633013,35.002085],[-114.629015,34.986148],[-114.630877,34.907263],[-114.636725,34.889107],[-114.633051,34.869971],[-114.552682,34.766871],[-114.465607,34.69226],[-114.452547,34.653494],[-114.339627,34.451435],[-114.264317,34.401329],[-114.199482,34.361373],[-114.176909,34.349306],[-114.138282,34.30323],[-114.131489,34.260387],[-114.133264,34.258462],[-114.164476,34.251667],[-114.225861,34.201774],[-114.244191,34.179625],[-114.312592,34.144453],[-114.321618,34.138093],[-114.366521,34.118575],[-114.390565,34.110084],[-114.411681,34.110031],[-114.420499,34.103466],[-114.43338,34.088413],[-114.435429,34.079727],[-114.434949,34.037784],[-114.438266,34.022609],[-114.46361,33.993431],[-114.499883,33.961789],[-114.518434,33.917518],[-114.525539,33.838614],[-114.523365,33.80612],[-114.50434,33.756381],[-114.494197,33.707922],[-114.496489,33.696901],[-114.519113,33.688473],[-114.530348,33.679245],[-114.540617,33.591412],[-114.5403,33.580615],[-114.535664,33.568788],[-114.558898,33.531819],[-114.594534,33.495059],[-114.622918,33.456561],[-114.627125,33.433554],[-114.665278,33.415358],[-114.721233,33.396912],[-114.700103,33.341045],[-114.672088,33.258499],[-114.67536,33.185489],[-114.679359,33.159519],[-114.687074,33.142196],[-114.696829,33.131209],[-114.706175,33.105335],[-114.707819,33.091102],[-114.675104,33.047532],[-114.62387,33.02872],[-114.606282,33.025703],[-114.589778,33.026228],[-114.578287,33.035375],[-114.571653,33.036624],[-114.523578,33.030961],[-114.511343,33.023455],[-114.468605,32.971649],[-114.46289,32.905797],[-114.465715,32.879191],[-114.496827,32.822119],[-114.615733,32.729427],[-114.678632,32.736614],[-114.719633,32.718763],[-114.748,32.664184],[-114.781872,32.62505],[-114.799302,32.625115],[-114.809393,32.617119],[-114.813613,32.494277],[-114.250775,32.32391],[-113.493196,32.088943],[-113.333794,32.038521],[-113.125961,31.97278],[-112.867074,31.895488],[-112.246102,31.704195],[-111.57953,31.494095],[-111.366635,31.42588],[-111.098097,31.339836],[-110.976828,31.33256],[-110.760997,31.332765],[-110.460172,31.333051],[-109.426931,31.334033],[-109.050044,31.332502],[-109.049813,31.499528],[-109.049195,31.796551],[-109.04859,31.870791],[-109.048599,32.013651],[-109.048286,32.089114],[-109.047926,32.426376],[-109.047653,32.681379],[-109.047117,32.77757],[-109.04748,33.06842],[-109.047013,33.092917],[-109.047237,33.208965],[-109.04687,33.372654],[-109.046627,33.778233],[-109.046182,34.522393],[-109.046156,34.579291],[-109.045851,34.959718],[-109.046082,35.174665],[-109.046481,35.546326],[-109.046295,35.616517],[-109.046024,35.8798],[-109.045973,36.002338],[-109.045433,36.874589],[-109.045223,36.999084]]]}},{"type":"Feature","properties":{"NAME":"Arkansas"},"geometry":{"type":"Polygon","coordinates":[[[-94.042964,33.019219],[-93.814553,33.019372],[-93.531499,33.018643],[-93.377134,33.018234],[-93.238607,33.017992],[-93.070686,33.017792],[-92.971137,33.017192],[-92.711289,33.014307],[-92.503776,33.012161],[-92.37029,33.010717],[-92.222825,33.00908],[-92.069105,33.008163],[-91.950001,33.00752],[-91.62667,33.006639],[-91.572326,33.006908],[-91.425466,33.006016],[-91.265018,33.005084],[-91.166073,33.004106],[-91.125656,33.038276],[-91.087589,33.145177],[-91.085984,33.221644],[-91.110561,33.24593],[-91.141216,33.298397],[-91.184427,33.419576],[-91.131885,33.430063],[-91.118495,33.449116],[-91.125109,33.472842],[-91.215671,33.529423],[-91.232295,33.552788],[-91.224121,33.567369],[-91.152148,33.582721],[-91.134043,33.594489],[-91.130445,33.606034],[-91.157484,33.626187],[-91.186519,33.645909],[-91.193093,33.656866],[-91.185971,33.679327],[-91.17611,33.684257],[-91.14817,33.679327],[-91.132831,33.688092],[-91.1279,33.695762],[-91.126805,33.707814],[-91.144682,33.750108],[-91.139869,33.777117],[-91.067511,33.840443],[-91.036821,33.914656],[-91.088164,33.960078],[-91.089119,33.972653],[-91.01889,34.003151],[-90.964708,34.007952],[-90.887413,34.032505],[-90.879163,34.065503],[-90.888396,34.087433],[-90.912057,34.095512],[-90.928793,34.107631],[-90.934564,34.130138],[-90.918405,34.154376],[-90.893013,34.155531],[-90.880317,34.169381],[-90.880894,34.180346],[-90.895898,34.191888],[-90.913212,34.210355],[-90.91148,34.223051],[-90.894744,34.229977],[-90.868775,34.228245],[-90.856367,34.238928],[-90.764143,34.363396],[-90.658542,34.375705],[-90.613944,34.390723],[-90.575336,34.415152],[-90.565809,34.4354],[-90.576543,34.657402],[-90.564033,34.665742],[-90.539013,34.65907],[-90.521499,34.66324],[-90.508989,34.679086],[-90.509823,34.689928],[-90.533175,34.707442],[-90.554859,34.727458],[-90.549855,34.76332],[-90.537345,34.78417],[-90.519831,34.782502],[-90.494811,34.76749],[-90.479799,34.769158],[-90.467289,34.782502],[-90.478131,34.832542],[-90.473961,34.852558],[-90.461451,34.856728],[-90.436431,34.85506],[-90.423879,34.834606],[-90.414864,34.831846],[-90.307384,34.846195],[-90.250095,34.90732],[-90.244476,34.937596],[-90.253969,34.954988],[-90.309297,34.995694],[-90.309877,35.00975],[-90.295596,35.040093],[-90.193859,35.061646],[-90.174594,35.116682],[-90.160058,35.12883],[-90.142794,35.135091],[-90.109393,35.118891],[-90.100593,35.116691],[-90.08342,35.12167],[-90.065392,35.137691],[-90.064612,35.140621],[-90.074262,35.218316],[-90.07741,35.225479],[-90.097947,35.249983],[-90.116493,35.255788],[-90.140394,35.252289],[-90.152094,35.255989],[-90.158865,35.262577],[-90.168871,35.281997],[-90.163812,35.296115],[-90.153394,35.302588],[-90.114893,35.303887],[-90.086691,35.369935],[-90.093589,35.393333],[-90.13551,35.376668],[-90.143633,35.374745],[-90.166246,35.374745],[-90.179265,35.385194],[-90.169002,35.421853],[-90.107723,35.476935],[-90.07442,35.472518],[-90.059068,35.457889],[-90.04768,35.459255],[-90.034014,35.468821],[-90.039744,35.548041],[-90.02862,35.555249],[-90.017312,35.555996],[-89.957347,35.528683],[-89.909797,35.537914],[-89.884932,35.655107],[-89.906147,35.651145],[-89.922749,35.655293],[-89.937383,35.665711],[-89.955753,35.690621],[-89.958882,35.723834],[-89.956254,35.733386],[-89.950278,35.738493],[-89.909996,35.759396],[-89.889023,35.750558],[-89.865631,35.746577],[-89.821216,35.756716],[-89.703875,35.820281],[-89.701045,35.828227],[-89.709261,35.838911],[-89.729517,35.847632],[-89.749424,35.852955],[-89.769413,35.861558],[-89.773564,35.871697],[-89.765689,35.891299],[-89.756036,35.896817],[-89.73361,35.904699],[-89.714934,35.906247],[-89.688141,35.896946],[-89.686924,35.947716],[-89.71997,35.97462],[-89.733095,36.000608],[-89.901183,35.999365],[-90.12635,35.997596],[-90.368718,35.995812],[-90.36443,36.013625],[-90.319168,36.089976],[-90.220425,36.184764],[-90.114922,36.265595],[-90.083731,36.272332],[-90.076301,36.280708],[-90.06398,36.303038],[-90.064514,36.382085],[-90.072897,36.393007],[-90.133993,36.437906],[-90.156369,36.487748],[-90.152481,36.497952],[-90.228943,36.497771],[-90.339892,36.498213],[-90.494575,36.498368],[-90.693005,36.49851],[-90.960648,36.498426],[-91.126529,36.497712],[-91.404915,36.49712],[-91.433298,36.497262],[-91.53687,36.499156],[-91.672343,36.499463],[-91.865995,36.498783],[-91.985802,36.498431],[-92.120306,36.498864],[-92.318415,36.497711],[-92.529145,36.497739],[-92.772333,36.497772],[-92.894336,36.497867],[-93.088988,36.498184],[-93.296117,36.498389],[-93.426989,36.498585],[-93.584282,36.498896],[-93.718893,36.499178],[-93.866758,36.498789],[-94.111473,36.498597],[-94.519478,36.499214],[-94.617919,36.499414],[-94.601984,36.40212],[-94.5862,36.299969],[-94.561165,36.15211],[-94.547715,36.077271],[-94.522658,35.93425],[-94.499647,35.79691],[-94.463318,35.58266],[-94.431215,35.39429],[-94.433915,35.387391],[-94.431815,35.362891],[-94.435316,35.275893],[-94.437774,35.239271],[-94.43955,35.169037],[-94.447889,34.933941],[-94.449058,34.890556],[-94.45753,34.642961],[-94.463671,34.419585],[-94.465847,34.352073],[-94.470292,34.189864],[-94.474896,34.021877],[-94.479954,33.85133],[-94.485528,33.663388],[-94.485875,33.637867],[-94.470963,33.60594],[-94.464336,33.598819],[-94.409329,33.568265],[-94.355945,33.54318],[-94.257801,33.582508],[-94.252656,33.586144],[-94.181805,33.593217],[-94.085243,33.575546],[-94.066846,33.568909],[-94.04345,33.552253],[-94.042887,33.420225],[-94.043128,33.358757],[-94.04273,33.241823],[-94.043185,33.143476],[-94.042964,33.019219]]]}},{"type":"Feature","properties":{"NAME":"California"},"geometry":{"type":"MultiPolygon","coordinates":[[[[-120.248484,33.999329],[-120.224461,33.989059],[-120.209372,33.972376],[-120.198602,33.952211],[-120.18984,33.947703],[-120.179049,33.927994],[-120.168974,33.91909],[-120.121817,33.895712],[-120.109137,33.899129],[-120.098601,33.907853],[-120.077793,33.908886],[-120.049682,33.914563],[-120.046881,33.919597],[-120.017715,33.936366],[-120.00096,33.941554],[-119.973691,33.942481],[-119.971141,33.950401],[-119.976857,33.956693],[-119.979913,33.969623],[-119.978876,33.983081],[-119.984316,33.983948],[-120.003815,33.979547],[-120.025653,33.985553],[-120.041311,33.994507],[-120.046575,34.000002],[-120.050382,34.013331],[-120.044004,34.02482],[-120.043259,34.035806],[-120.055107,34.037729],[-120.073609,34.024477],[-120.090182,34.019806],[-120.115058,34.019866],[-120.135853,34.026087],[-120.147647,34.024831],[-120.151663,34.018126],[-120.167306,34.008219],[-120.19578,34.004284],[-120.208478,34.005655],[-120.221287,34.010367],[-120.238657,34.007592],[-120.248484,33.999329]]],[[[-119.789798,34.05726],[-119.807825,34.052127],[-119.818742,34.052997],[-119.825865,34.059794],[-119.857304,34.071298],[-119.89113,34.072856],[-119.919155,34.07728],[-119.923337,34.069361],[-119.916216,34.058351],[-119.892821,34.045529],[-119.876329,34.032087],[-119.876916,34.023527],[-119.884896,34.008814],[-119.877057,33.985757],[-119.873358,33.980375],[-119.842748,33.97034],[-119.795938,33.962929],[-119.758141,33.959212],[-119.742966,33.963877],[-119.721206,33.959583],[-119.706952,33.969178],[-119.69011,33.972225],[-119.662825,33.985889],[-119.621117,33.98899],[-119.619082,33.987228],[-119.5902,33.989712],[-119.575636,33.996009],[-119.560464,33.99553],[-119.547072,34.005469],[-119.542449,34.021082],[-119.532413,34.024949],[-119.52064,34.034262],[-119.529603,34.041155],[-119.5667,34.053452],[-119.57341,34.05011],[-119.59324,34.049625],[-119.609239,34.03735],[-119.604287,34.031561],[-119.619343,34.016468],[-119.637742,34.013178],[-119.686507,34.019805],[-119.704628,34.037681],[-119.712576,34.043265],[-119.726437,34.047908],[-119.739472,34.049299],[-119.755521,34.056716],[-119.770729,34.055051],[-119.789798,34.05726]]],[[[-120.46258,34.042627],[-120.465329,34.038448],[-120.454134,34.028081],[-120.427408,34.025425],[-120.415225,34.032245],[-120.409368,34.032198],[-120.375143,34.018775],[-120.35793,34.015029],[-120.347706,34.020114],[-120.317052,34.018837],[-120.302122,34.023574],[-120.319032,34.041979],[-120.331161,34.049097],[-120.346946,34.046576],[-120.358608,34.050235],[-120.354982,34.059256],[-120.362251,34.073056],[-120.374211,34.062658],[-120.390906,34.051994],[-120.403613,34.050442],[-120.415287,34.05496],[-120.440248,34.036918],[-120.46258,34.042627]]],[[[-119.543842,33.280329],[-119.562042,33.271129],[-119.578942,33.278628],[-119.564971,33.24744],[-119.545872,33.233406],[-119.517514,33.226737],[-119.511659,33.223027],[-119.476029,33.21552],[-119.464725,33.215432],[-119.444269,33.21919],[-119.429559,33.228167],[-119.458466,33.254661],[-119.465717,33.259239],[-119.48278,33.263973],[-119.50504,33.272829],[-119.528141,33.284929],[-119.543842,33.280329]]],[[[-119.422972,34.004368],[-119.411317,34.008005],[-119.421376,34.015012],[-119.433912,34.015975],[-119.437734,34.01],[-119.422972,34.004368]]],[[[-118.524531,32.895488],[-118.524641,32.893175],[-118.507193,32.876264],[-118.506902,32.868503],[-118.496298,32.851572],[-118.487908,32.84459],[-118.476074,32.841754],[-118.44492,32.820593],[-118.428372,32.806872],[-118.425634,32.800595],[-118.401268,32.820338],[-118.394565,32.823978],[-118.379968,32.824545],[-118.36053,32.819921],[-118.353504,32.821962],[-118.369984,32.839273],[-118.446771,32.895424],[-118.460623,32.90951],[-118.485288,32.923545],[-118.496811,32.933847],[-118.529228,32.970921],[-118.540069,32.980933],[-118.559171,33.006291],[-118.564445,33.024914],[-118.57516,33.033961],[-118.594033,33.035951],[-118.605534,33.030999],[-118.606559,33.01469],[-118.596037,33.015357],[-118.586928,33.008281],[-118.573522,32.969183],[-118.560887,32.957891],[-118.551134,32.945155],[-118.535823,32.90628],[-118.524531,32.895488]]],[[[-118.500212,33.449592],[-118.530702,33.468071],[-118.54453,33.474119],[-118.585936,33.473819],[-118.598783,33.477939],[-118.601185,33.469853],[-118.593969,33.467198],[-118.575901,33.448261],[-118.570927,33.439351],[-118.558715,33.433419],[-118.53738,33.434608],[-118.52323,33.430733],[-118.515914,33.422417],[-118.503952,33.424234],[-118.48875,33.419826],[-118.484949,33.412131],[-118.478465,33.38632],[-118.482609,33.369914],[-118.48877,33.356649],[-118.481886,33.344123],[-118.465368,33.326056],[-118.456309,33.32182],[-118.440047,33.318638],[-118.402941,33.320901],[-118.374768,33.320065],[-118.360332,33.31533],[-118.343249,33.305234],[-118.325244,33.299075],[-118.316787,33.301137],[-118.305084,33.310323],[-118.303174,33.320264],[-118.310213,33.335795],[-118.365094,33.388374],[-118.368301,33.40711],[-118.382037,33.409883],[-118.423576,33.427258],[-118.445812,33.428907],[-118.477646,33.448392],[-118.48557,33.446213],[-118.500212,33.449592]]],[[[-122.418698,37.852717],[-122.421341,37.869946],[-122.430958,37.872242],[-122.446316,37.861046],[-122.434403,37.852434],[-122.418698,37.852717]]],[[[-123.013916,37.700355],[-123.011464,37.691907],[-123.000677,37.690203],[-122.997189,37.697909],[-123.004489,37.706262],[-123.013916,37.700355]]],[[[-122.3785,37.826505],[-122.372422,37.811301],[-122.362661,37.807577],[-122.358779,37.814278],[-122.369941,37.832137],[-122.3785,37.826505]]],[[[-124.211605,41.99846],[-124.204948,41.983441],[-124.203402,41.940964],[-124.208439,41.888192],[-124.219592,41.846432],[-124.230678,41.818681],[-124.245027,41.7923],[-124.255994,41.783014],[-124.248704,41.771459],[-124.23972,41.7708],[-124.203843,41.747035],[-124.19104,41.736079],[-124.17739,41.745756],[-124.164716,41.740126],[-124.154246,41.728801],[-124.143479,41.709284],[-124.135552,41.657307],[-124.120225,41.640354],[-124.114413,41.616768],[-124.100961,41.602499],[-124.097385,41.585251],[-124.101123,41.569192],[-124.092404,41.553615],[-124.081987,41.547761],[-124.081427,41.511228],[-124.075917,41.501757],[-124.066057,41.470258],[-124.063076,41.439579],[-124.072294,41.374844],[-124.092284,41.287695],[-124.106389,41.240682],[-124.106986,41.229678],[-124.122677,41.189726],[-124.1438,41.144686],[-124.158539,41.143021],[-124.165414,41.129822],[-124.159065,41.121957],[-124.160556,41.099011],[-124.154513,41.087159],[-124.153622,41.05355],[-124.138217,41.054342],[-124.125448,41.048504],[-124.112165,41.028173],[-124.118147,40.989263],[-124.137066,40.925732],[-124.158322,40.876069],[-124.176715,40.843618],[-124.201921,40.805111],[-124.228244,40.76939],[-124.248406,40.735166],[-124.289119,40.67963],[-124.312558,40.641333],[-124.329404,40.61643],[-124.363545,40.548698],[-124.379096,40.522865],[-124.387023,40.504954],[-124.383224,40.499852],[-124.38494,40.48982],[-124.396642,40.462119],[-124.408601,40.443201],[-124.409591,40.438076],[-124.402623,40.422105],[-124.391496,40.407047],[-124.373599,40.392923],[-124.365357,40.374855],[-124.362796,40.350046],[-124.353124,40.331425],[-124.347853,40.314634],[-124.363634,40.276212],[-124.363414,40.260974],[-124.34307,40.243979],[-124.327691,40.23737],[-124.320912,40.226617],[-124.296497,40.208816],[-124.258405,40.184277],[-124.231095,40.171581],[-124.214895,40.160902],[-124.187874,40.130542],[-124.170767,40.124207],[-124.139952,40.11635],[-124.110549,40.103765],[-124.087086,40.078442],[-124.080709,40.06611],[-124.079983,40.029773],[-124.072509,40.022657],[-124.056408,40.024305],[-124.035904,40.013319],[-123.99586,39.973045],[-123.980031,39.962458],[-123.962655,39.937635],[-123.954952,39.922373],[-123.930047,39.909697],[-123.907664,39.863028],[-123.881458,39.845422],[-123.851714,39.832041],[-123.839797,39.795637],[-123.83715,39.776232],[-123.838089,39.752409],[-123.829545,39.723071],[-123.824744,39.718128],[-123.808208,39.710715],[-123.792659,39.684122],[-123.78636,39.659932],[-123.782322,39.621486],[-123.787417,39.604552],[-123.76721,39.559852],[-123.766475,39.552803],[-123.78417,39.509419],[-123.795639,39.492215],[-123.81469,39.446538],[-123.821887,39.406809],[-123.822325,39.379987],[-123.826306,39.36871],[-123.822085,39.343857],[-123.808772,39.324368],[-123.811387,39.312825],[-123.803081,39.291747],[-123.803848,39.278771],[-123.798991,39.271355],[-123.787893,39.264327],[-123.777368,39.237214],[-123.774998,39.212083],[-123.765891,39.193657],[-123.76101,39.191595],[-123.742221,39.164885],[-123.735936,39.139644],[-123.721505,39.125327],[-123.713392,39.108422],[-123.693969,39.057363],[-123.690095,39.031157],[-123.69074,39.021293],[-123.6969,39.004401],[-123.711149,38.977316],[-123.729053,38.956667],[-123.738886,38.95412],[-123.726315,38.936367],[-123.725367,38.917438],[-123.71054,38.91323],[-123.688099,38.893594],[-123.659846,38.872529],[-123.654696,38.865638],[-123.647387,38.845472],[-123.638637,38.843865],[-123.605317,38.822765],[-123.600221,38.814115],[-123.58638,38.802857],[-123.571987,38.798189],[-123.541837,38.776764],[-123.533535,38.768408],[-123.525152,38.753801],[-123.514784,38.741966],[-123.490021,38.732213],[-123.461291,38.717001],[-123.441774,38.699744],[-123.43272,38.687131],[-123.405663,38.656729],[-123.379303,38.621953],[-123.371876,38.607235],[-123.349612,38.596805],[-123.343338,38.590008],[-123.331899,38.565542],[-123.297151,38.543452],[-123.287156,38.540223],[-123.249797,38.511045],[-123.202277,38.494314],[-123.166428,38.474947],[-123.145325,38.459422],[-123.128825,38.450418],[-123.122379,38.437314],[-123.103706,38.415541],[-123.085572,38.390525],[-123.068265,38.359865],[-123.068437,38.33521],[-123.074684,38.322574],[-123.063671,38.302178],[-123.053504,38.299385],[-123.051061,38.310693],[-123.038742,38.313576],[-123.024333,38.310573],[-123.004122,38.297012],[-122.986319,38.273164],[-122.977082,38.267902],[-122.967203,38.250691],[-122.968569,38.242879],[-122.987149,38.237538],[-122.991953,38.233185],[-122.968112,38.202428],[-122.965408,38.187113],[-122.953629,38.17567],[-122.949074,38.15406],[-122.952086,38.138562],[-122.960889,38.112962],[-122.99242,38.041758],[-123.011533,38.003438],[-123.024066,37.994878],[-122.97439,37.992429],[-122.982386,38.004274],[-122.972378,38.020247],[-122.956811,38.02872],[-122.939711,38.031908],[-122.882114,38.025273],[-122.856573,38.016717],[-122.821383,37.996735],[-122.797405,37.976657],[-122.791739,37.969422],[-122.783244,37.951334],[-122.766138,37.938004],[-122.754606,37.935527],[-122.736898,37.925825],[-122.727297,37.904626],[-122.70264,37.89382],[-122.682171,37.90645],[-122.656519,37.904519],[-122.639977,37.897349],[-122.627113,37.88608],[-122.60129,37.875126],[-122.584289,37.859227],[-122.561487,37.851827],[-122.548986,37.836227],[-122.523585,37.824828],[-122.505383,37.822128],[-122.483483,37.826728],[-122.476473,37.832513],[-122.483102,37.863957],[-122.480811,37.873448],[-122.474266,37.874429],[-122.462158,37.868866],[-122.45005,37.871157],[-122.438268,37.880974],[-122.448413,37.89341],[-122.458558,37.894064],[-122.472303,37.902573],[-122.471975,37.910427],[-122.478193,37.918608],[-122.493574,37.921881],[-122.503064,37.928753],[-122.499465,37.939225],[-122.48572,37.937589],[-122.479175,37.941516],[-122.487684,37.948716],[-122.490302,37.964751],[-122.471975,37.981768],[-122.456595,37.978823],[-122.448413,37.984713],[-122.452995,37.996167],[-122.462812,38.003367],[-122.481466,38.007621],[-122.497828,38.019402],[-122.499465,38.032165],[-122.492265,38.056381],[-122.483757,38.071762],[-122.491283,38.108087],[-122.484411,38.11496],[-122.454958,38.118887],[-122.439577,38.116923],[-122.409798,38.136231],[-122.40358,38.15063],[-122.39638,38.149976],[-122.366273,38.141467],[-122.314567,38.115287],[-122.301804,38.105142],[-122.282824,38.082889],[-122.273006,38.07438],[-122.262861,38.051473],[-122.262861,38.0446],[-122.283478,38.022674],[-122.300823,38.010893],[-122.321112,38.012857],[-122.331912,38.00533],[-122.340093,38.003694],[-122.359493,38.009941],[-122.368891,38.007948],[-122.361905,37.989991],[-122.367582,37.978168],[-122.399832,37.956009],[-122.415361,37.963115],[-122.430087,37.963115],[-122.413725,37.937262],[-122.39049,37.922535],[-122.389181,37.9101],[-122.378709,37.905191],[-122.362346,37.904209],[-122.35711,37.908791],[-122.33453,37.908791],[-122.32373,37.905845],[-122.309986,37.892755],[-122.310477,37.873938],[-122.301313,37.847758],[-122.303931,37.830087],[-122.323567,37.823214],[-122.333711,37.809797],[-122.335675,37.799652],[-122.331748,37.796052],[-122.33079,37.78383],[-122.293996,37.770416],[-122.264101,37.764667],[-122.242638,37.753744],[-122.257134,37.745001],[-122.257953,37.739601],[-122.246826,37.72193],[-122.221628,37.705567],[-122.213774,37.698695],[-122.203971,37.697769],[-122.163049,37.667933],[-122.152905,37.640771],[-122.145378,37.600846],[-122.147014,37.588411],[-122.137524,37.567467],[-122.128688,37.560594],[-122.111998,37.528851],[-122.111344,37.50758],[-122.127706,37.500053],[-122.140142,37.507907],[-122.155686,37.501198],[-122.168449,37.504143],[-122.194957,37.522469],[-122.196593,37.537196],[-122.214264,37.538505],[-122.244372,37.55814],[-122.262698,37.572866],[-122.305895,37.575484],[-122.315713,37.583666],[-122.317676,37.590865],[-122.360219,37.592501],[-122.378545,37.605592],[-122.373309,37.613773],[-122.358583,37.611155],[-122.35531,37.615736],[-122.365455,37.626208],[-122.386072,37.637662],[-122.387381,37.648462],[-122.3756,37.652389],[-122.374291,37.662206],[-122.387626,37.67906],[-122.39319,37.707531],[-122.370411,37.717572],[-122.361749,37.71501],[-122.356784,37.729505],[-122.365478,37.734621],[-122.375854,37.734979],[-122.385323,37.790724],[-122.398139,37.80563],[-122.407452,37.811441],[-122.425942,37.810979],[-122.463793,37.804653],[-122.478083,37.810828],[-122.485783,37.790629],[-122.50531,37.788312],[-122.514483,37.780829],[-122.511983,37.77113],[-122.506483,37.723731],[-122.496784,37.686433],[-122.494085,37.644035],[-122.496786,37.612136],[-122.501386,37.599637],[-122.517187,37.590637],[-122.518088,37.576138],[-122.513688,37.552239],[-122.519533,37.537302],[-122.516689,37.52134],[-122.499289,37.495341],[-122.493789,37.492341],[-122.472388,37.50054],[-122.467888,37.49814],[-122.452087,37.48054],[-122.445987,37.461541],[-122.443687,37.435941],[-122.423286,37.392542],[-122.409258,37.374805],[-122.40085,37.359225],[-122.401323,37.337009],[-122.411686,37.265844],[-122.418452,37.248521],[-122.415822,37.232839],[-122.407181,37.219465],[-122.405073,37.195791],[-122.390599,37.182988],[-122.37927,37.181128],[-122.367085,37.172817],[-122.359791,37.155574],[-122.344029,37.144099],[-122.337833,37.135936],[-122.337071,37.117382],[-122.322971,37.11546],[-122.306139,37.116383],[-122.284882,37.101747],[-122.260481,37.072548],[-122.252181,37.059448],[-122.20618,37.013949],[-122.186879,37.00345],[-122.155078,36.98085],[-122.140578,36.97495],[-122.105976,36.955951],[-122.066421,36.948271],[-122.027174,36.95115],[-122.023373,36.96215],[-122.012373,36.96455],[-121.983896,36.958727],[-121.972771,36.954151],[-121.95167,36.97145],[-121.93947,36.97805],[-121.930069,36.97815],[-121.906468,36.96895],[-121.880167,36.950151],[-121.862266,36.931552],[-121.827664,36.879353],[-121.809363,36.848654],[-121.791544,36.815186],[-121.788278,36.803994],[-121.805643,36.750239],[-121.807062,36.714157],[-121.814462,36.682858],[-121.825052,36.657207],[-121.842263,36.630059],[-121.860604,36.611136],[-121.871364,36.604559],[-121.889064,36.601759],[-121.890164,36.609259],[-121.923866,36.634559],[-121.938551,36.633908],[-121.941666,36.618059],[-121.970427,36.582754],[-121.972594,36.57337],[-121.957335,36.564482],[-121.942533,36.566435],[-121.932508,36.559935],[-121.925937,36.525173],[-121.944666,36.521861],[-121.943678,36.511802],[-121.938763,36.506423],[-121.9416,36.485602],[-121.937205,36.472488],[-121.9255,36.453918],[-121.91474,36.42589],[-121.917463,36.414809],[-121.914378,36.404344],[-121.905657,36.398206],[-121.901813,36.381879],[-121.902669,36.363901],[-121.905446,36.358269],[-121.892917,36.340428],[-121.894714,36.317806],[-121.888491,36.30281],[-121.874797,36.289064],[-121.851967,36.277831],[-121.83935,36.260478],[-121.835785,36.250748],[-121.826425,36.24186],[-121.813734,36.234235],[-121.797059,36.234211],[-121.779851,36.227407],[-121.717176,36.195146],[-121.680145,36.165818],[-121.629634,36.114452],[-121.622009,36.099695],[-121.618672,36.087767],[-121.606845,36.072065],[-121.592853,36.065062],[-121.590395,36.050363],[-121.574602,36.025156],[-121.569612,36.021539],[-121.553716,36.019798],[-121.531876,36.014368],[-121.51159,36.006598],[-121.503112,36.000299],[-121.4862,35.970348],[-121.472435,35.91989],[-121.463452,35.904416],[-121.462264,35.885618],[-121.439584,35.86695],[-121.413146,35.855316],[-121.406823,35.844623],[-121.388053,35.823483],[-121.356737,35.804187],[-121.332449,35.783106],[-121.315786,35.75252],[-121.314632,35.71331],[-121.304583,35.701794],[-121.289794,35.689428],[-121.284973,35.674109],[-121.251034,35.656641],[-121.195291,35.640734],[-121.188897,35.643138],[-121.166712,35.635399],[-121.143561,35.606046],[-121.126027,35.593058],[-121.101595,35.548814],[-121.059913,35.509671],[-121.05308,35.50753],[-121.025621,35.484598],[-121.003359,35.46071],[-120.976122,35.459028],[-120.969436,35.460197],[-120.946546,35.446715],[-120.907937,35.449069],[-120.896862,35.442243],[-120.884757,35.430196],[-120.869209,35.403276],[-120.866099,35.393045],[-120.862133,35.360763],[-120.862684,35.346776],[-120.8672,35.327154],[-120.87957,35.294184],[-120.889354,35.277819],[-120.896876,35.25399],[-120.89679,35.247877],[-120.873046,35.225688],[-120.856047,35.206487],[-120.846674,35.204429],[-120.805258,35.184973],[-120.786076,35.177666],[-120.778998,35.168897],[-120.760492,35.15971],[-120.756086,35.160459],[-120.754823,35.174701],[-120.74887,35.177795],[-120.734231,35.178472],[-120.714185,35.175998],[-120.698906,35.171192],[-120.675074,35.153061],[-120.662475,35.153357],[-120.651134,35.147768],[-120.644311,35.139616],[-120.635787,35.123805],[-120.630957,35.101941],[-120.629931,35.061515],[-120.63357,35.033085],[-120.63999,35.002963],[-120.670835,34.904115],[-120.662889,34.901183],[-120.647328,34.901133],[-120.642212,34.894145],[-120.639283,34.880413],[-120.616325,34.866739],[-120.610266,34.85818],[-120.609898,34.842751],[-120.62297,34.7933],[-120.637415,34.755895],[-120.62632,34.738072],[-120.614852,34.730709],[-120.601672,34.709721],[-120.60197,34.692095],[-120.625127,34.634489],[-120.640244,34.604406],[-120.645739,34.581035],[-120.637805,34.56622],[-120.622575,34.554017],[-120.608355,34.556656],[-120.581293,34.556959],[-120.524776,34.531291],[-120.511421,34.522953],[-120.490523,34.490075],[-120.47661,34.475131],[-120.471376,34.447846],[-120.451425,34.447094],[-120.441975,34.451512],[-120.341369,34.458789],[-120.301822,34.467077],[-120.295051,34.470623],[-120.283001,34.468354],[-120.238002,34.468098],[-120.225498,34.470587],[-120.183505,34.470372],[-120.141165,34.473405],[-120.118411,34.469927],[-120.088591,34.460208],[-120.050682,34.461651],[-120.038828,34.463434],[-120.008077,34.460447],[-119.971951,34.444641],[-119.956433,34.435288],[-119.925227,34.433931],[-119.873971,34.408795],[-119.853771,34.407996],[-119.835771,34.415796],[-119.794771,34.417597],[-119.785871,34.415997],[-119.74547,34.402898],[-119.729369,34.395897],[-119.709067,34.395397],[-119.691749,34.403154],[-119.688167,34.412497],[-119.671866,34.416096],[-119.648664,34.417396],[-119.638864,34.415696],[-119.616862,34.420995],[-119.559459,34.413395],[-119.536957,34.395495],[-119.510655,34.386295],[-119.472678,34.375628],[-119.461036,34.374064],[-119.435888,34.355839],[-119.42777,34.353016],[-119.390449,34.318198],[-119.370356,34.319486],[-119.349187,34.304383],[-119.337475,34.290576],[-119.313034,34.275689],[-119.302131,34.272761],[-119.290945,34.274902],[-119.278644,34.266902],[-119.270144,34.252903],[-119.265927,34.234609],[-119.257043,34.213304],[-119.237142,34.175804],[-119.216441,34.146105],[-119.20314,34.144505],[-119.18864,34.139005],[-119.130169,34.100102],[-119.109784,34.094566],[-119.098216,34.099334],[-119.088536,34.09831],[-119.069959,34.09047],[-119.037494,34.083111],[-119.004644,34.066231],[-118.99698,34.065943],[-118.977751,34.059822],[-118.954722,34.048167],[-118.938081,34.043383],[-118.928048,34.045847],[-118.896159,34.039207],[-118.854653,34.034215],[-118.84038,34.027527],[-118.805114,34.001239],[-118.783433,34.021543],[-118.744952,34.032103],[-118.732391,34.032743],[-118.706215,34.029383],[-118.679366,34.033255],[-118.668358,34.038887],[-118.609652,34.036424],[-118.603572,34.039048],[-118.569235,34.04164],[-118.543115,34.038508],[-118.519514,34.027509],[-118.502813,34.015509],[-118.484212,33.99771],[-118.460611,33.969111],[-118.44241,33.940312],[-118.412708,33.883913],[-118.392107,33.840915],[-118.391507,33.815415],[-118.394307,33.804315],[-118.405007,33.800215],[-118.423407,33.782015],[-118.428407,33.774715],[-118.411211,33.741985],[-118.396606,33.735917],[-118.385006,33.741417],[-118.360505,33.736817],[-118.354705,33.732317],[-118.317205,33.712818],[-118.297104,33.708319],[-118.277208,33.707091],[-118.258687,33.703741],[-118.207476,33.716905],[-118.181367,33.717367],[-118.1837,33.736118],[-118.187701,33.749218],[-118.180831,33.763072],[-118.1569,33.760317],[-118.132698,33.753217],[-118.101097,33.734117],[-118.088896,33.729817],[-118.064895,33.711018],[-118.029694,33.676418],[-118.000593,33.654319],[-117.940591,33.620021],[-117.927091,33.605521],[-117.89979,33.599622],[-117.87679,33.592322],[-117.840289,33.573523],[-117.814188,33.552224],[-117.784888,33.541525],[-117.761387,33.516326],[-117.726486,33.483427],[-117.715349,33.460556],[-117.691384,33.454028],[-117.684584,33.461927],[-117.645582,33.440728],[-117.631682,33.430528],[-117.607905,33.406317],[-117.59588,33.386629],[-117.571722,33.378988],[-117.547693,33.365491],[-117.50565,33.334063],[-117.469794,33.296417],[-117.445583,33.268517],[-117.401926,33.213598],[-117.39148,33.202762],[-117.362572,33.168437],[-117.328359,33.121842],[-117.315278,33.093504],[-117.309771,33.07454],[-117.29337,33.034642],[-117.28077,33.012343],[-117.26047,32.931245],[-117.25447,32.900146],[-117.25167,32.874346],[-117.25617,32.859447],[-117.26497,32.848947],[-117.27387,32.851447],[-117.28217,32.839547],[-117.280971,32.822247],[-117.26107,32.803148],[-117.25497,32.786948],[-117.25257,32.752949],[-117.25537,32.745449],[-117.25757,32.72605],[-117.255169,32.700051],[-117.246069,32.669352],[-117.236239,32.671353],[-117.223868,32.683051],[-117.213068,32.687751],[-117.196767,32.688851],[-117.180366,32.681652],[-117.168866,32.671952],[-117.159865,32.660652],[-117.139464,32.627054],[-117.132963,32.597054],[-117.133363,32.575625],[-117.124862,32.534156],[-116.390091,32.59602],[-116.106159,32.618328],[-115.875842,32.636424],[-115.465164,32.6671],[-114.719633,32.718763],[-114.678632,32.736614],[-114.615733,32.729427],[-114.496827,32.822119],[-114.465715,32.879191],[-114.46289,32.905797],[-114.468605,32.971649],[-114.511343,33.023455],[-114.523578,33.030961],[-114.571653,33.036624],[-114.578287,33.035375],[-114.589778,33.026228],[-114.606282,33.025703],[-114.62387,33.02872],[-114.675104,33.047532],[-114.707819,33.091102],[-114.706175,33.105335],[-114.696829,33.131209],[-114.687074,33.142196],[-114.679359,33.159519],[-114.67536,33.185489],[-114.672088,33.258499],[-114.700103,33.341045],[-114.721233,33.396912],[-114.665278,33.415358],[-114.627125,33.433554],[-114.622918,33.456561],[-114.594534,33.495059],[-114.558898,33.531819],[-114.535664,33.568788],[-114.5403,33.580615],[-114.540617,33.591412],[-114.530348,33.679245],[-114.519113,33.688473],[-114.496489,33.696901],[-114.494197,33.707922],[-114.50434,33.756381],[-114.523365,33.80612],[-114.525539,33.838614],[-114.518434,33.917518],[-114.499883,33.961789],[-114.46361,33.993431],[-114.438266,34.022609],[-114.434949,34.037784],[-114.435429,34.079727],[-114.43338,34.088413],[-114.420499,34.103466],[-114.411681,34.110031],[-114.390565,34.110084],[-114.366521,34.118575],[-114.321618,34.138093],[-114.312592,34.144453],[-114.244191,34.179625],[-114.225861,34.201774],[-114.164476,34.251667],[-114.133264,34.258462],[-114.131489,34.260387],[-114.138282,34.30323],[-114.176909,34.349306],[-114.199482,34.361373],[-114.264317,34.401329],[-114.339627,34.451435],[-114.452547,34.653494],[-114.465607,34.69226],[-114.552682,34.766871],[-114.633051,34.869971],[-114.636725,34.889107],[-114.630877,34.907263],[-114.629015,34.986148],[-114.633013,35.002085],[-114.804249,35.139689],[-114.92548,35.237054],[-115.145813,35.413182],[-115.160599,35.424313],[-115.271342,35.51266],[-115.406079,35.618613],[-115.647202,35.808995],[-115.689302,35.842003],[-115.84608,35.963596],[-115.912858,36.015359],[-116.093601,36.155805],[-116.097216,36.158346],[-116.488233,36.459097],[-117.000895,36.847694],[-117.166187,36.970862],[-117.500909,37.220282],[-117.832726,37.464929],[-118.039798,37.615273],[-118.428581,37.895613],[-118.746598,38.124926],[-119.125982,38.39317],[-119.328498,38.534648],[-119.450623,38.619965],[-119.587679,38.714734],[-119.904315,38.933324],[-120.001014,38.999574],[-120.005746,39.22521],[-120.005414,39.313345],[-120.003116,39.445113],[-120.001319,39.722416],[-120.000607,39.780779],[-119.997291,40.071803],[-119.996183,40.262461],[-119.995926,40.499901],[-119.999358,40.873101],[-119.999866,41.183974],[-119.999168,41.99454],[-120.286424,41.993058],[-120.692219,41.993677],[-120.879481,41.993781],[-121.035195,41.993323],[-121.154347,41.996352],[-121.334385,41.996655],[-121.434977,41.997022],[-121.580865,41.998668],[-121.689159,42.000584],[-122.001119,42.004017],[-122.160438,42.007637],[-122.289533,42.007764],[-122.378193,42.009518],[-122.501135,42.00846],[-122.634739,42.004858],[-123.001152,42.003],[-123.045254,42.003049],[-123.154908,42.008036],[-123.230764,42.003845],[-123.347562,41.999108],[-123.49883,42.000525],[-123.624554,41.999837],[-123.821472,41.995473],[-124.100921,41.996956],[-124.211605,41.99846]]]]}},{"type":"Feature","properties":{"NAME":"Colorado"},"geometry":{"type":"Polygon","coordinates":[[[-104.053249,41.001406],[-104.214692,41.001657],[-104.497149,41.001828],[-104.882452,40.998186],[-104.943371,40.99819],[-105.277138,40.998173],[-105.730421,40.996886],[-106.061181,40.996999],[-106.321165,40.999123],[-106.386356,41.001144],[-106.453859,41.002057],[-106.857772,41.003082],[-107.000606,41.003444],[-107.317794,41.002957],[-107.918421,41.002036],[-108.250649,41.000114],[-109.050076,41.000659],[-109.048249,40.653601],[-109.049955,40.539901],[-109.050854,40.222662],[-109.050873,40.058915],[-109.051221,39.660472],[-109.051363,39.497674],[-109.051417,39.366677],[-109.051516,39.124982],[-109.053292,38.942878],[-109.053943,38.904414],[-109.059541,38.719888],[-109.059962,38.499987],[-109.060062,38.275489],[-109.042062,38.15549],[-109.043121,37.97426],[-109.041754,37.835826],[-109.04176,37.713182],[-109.042131,37.617662],[-109.041865,37.530726],[-109.04581,37.374993],[-109.045156,37.112064],[-109.045223,36.999084],[-108.954404,36.998906],[-108.620309,36.999287],[-108.379203,36.999459],[-108.288086,36.999555],[-107.481737,36.999973],[-107.420913,37.000005],[-107.000592,37.000009],[-106.869796,36.992426],[-106.675626,36.993123],[-106.617159,36.992967],[-106.476228,36.993472],[-106.247705,36.994266],[-105.996159,36.995418],[-105.71847,36.995846],[-105.62747,36.995679],[-105.447255,36.996017],[-105.220613,36.995169],[-105.1208,36.995428],[-105.000554,36.993264],[-104.732031,36.993447],[-104.007855,36.996239],[-103.733247,36.998016],[-103.086105,36.999864],[-103.002199,37.000104],[-102.986976,36.998524],[-102.875481,36.999628],[-102.570896,36.995136],[-102.355367,36.994575],[-102.184271,36.993593],[-102.04224,36.993083],[-102.042002,37.141744],[-102.042089,37.352819],[-102.041676,37.409898],[-102.042016,37.535261],[-102.041574,37.680436],[-102.042953,37.803535],[-102.043844,37.928102],[-102.044398,38.250015],[-102.044944,38.384419],[-102.045263,38.505395],[-102.045074,38.669617],[-102.045388,38.813392],[-102.046571,39.047038],[-102.04725,39.13702],[-102.048449,39.303138],[-102.049369,39.423333],[-102.049554,39.538932],[-102.050594,39.675594],[-102.051569,39.849805],[-102.051744,40.003078],[-102.052001,40.148359],[-102.051922,40.235344],[-102.051572,40.39308],[-102.051725,40.537839],[-102.051292,40.749591],[-102.051614,41.002377],[-102.291354,41.002207],[-102.487955,41.002445],[-102.556789,41.002219],[-102.773546,41.002414],[-102.865784,41.001988],[-103.002026,41.002486],[-103.077804,41.002298],[-103.362979,41.001844],[-103.574522,41.001721],[-103.858449,41.001681],[-104.053249,41.001406]]]}},{"type":"Feature","properties":{"NAME":"Connecticut"},"geometry":{"type":"Polygon","coordinates":[[[-71.799242,42.008065],[-71.80065,42.023569],[-72.059752,42.027339],[-72.135687,42.030245],[-72.397428,42.033302],[-72.695927,42.036788],[-72.755838,42.036195],[-72.757467,42.020947],[-72.766739,42.002995],[-72.816741,41.997595],[-72.813541,42.036494],[-72.863619,42.037709],[-73.053254,42.039861],[-73.229798,42.044877],[-73.29442,42.046984],[-73.487314,42.049638],[-73.504944,41.824285],[-73.521457,41.616429],[-73.530067,41.527194],[-73.537673,41.433905],[-73.544728,41.366375],[-73.550961,41.295422],[-73.482709,41.21276],[-73.639672,41.141495],[-73.727775,41.100696],[-73.670472,41.030097],[-73.654671,41.011697],[-73.657336,40.985171],[-73.643478,41.002171],[-73.603952,41.015054],[-73.595699,41.015995],[-73.584988,41.010537],[-73.583968,41.000897],[-73.570068,41.001597],[-73.567668,41.010897],[-73.551494,41.024336],[-73.535338,41.03192],[-73.531169,41.021919],[-73.522666,41.019297],[-73.516766,41.029497],[-73.516903,41.038738],[-73.493327,41.048173],[-73.477364,41.035997],[-73.468239,41.051347],[-73.450364,41.057096],[-73.435063,41.056696],[-73.41367,41.073258],[-73.400154,41.086299],[-73.392162,41.087696],[-73.372296,41.10402],[-73.33066,41.109996],[-73.31186,41.116296],[-73.296359,41.125696],[-73.286759,41.127896],[-73.262358,41.117496],[-73.247958,41.126396],[-73.235058,41.143996],[-73.228295,41.142602],[-73.202656,41.158096],[-73.177774,41.166697],[-73.170074,41.160532],[-73.130253,41.146797],[-73.111052,41.150797],[-73.105493,41.172194],[-73.07945,41.194015],[-73.05065,41.210197],[-73.022549,41.207197],[-73.014948,41.204297],[-72.986247,41.233497],[-72.962047,41.251597],[-72.935646,41.258497],[-72.920846,41.268897],[-72.920062,41.280056],[-72.9082,41.282932],[-72.893845,41.259897],[-72.904345,41.247297],[-72.881445,41.242597],[-72.854055,41.24774],[-72.847767,41.25669],[-72.826883,41.256755],[-72.818737,41.252244],[-72.786142,41.264796],[-72.754444,41.266913],[-72.732813,41.254727],[-72.722439,41.259138],[-72.71246,41.254167],[-72.710595,41.24448],[-72.694744,41.24497],[-72.685539,41.251297],[-72.684939,41.257597],[-72.672339,41.266997],[-72.662838,41.269197],[-72.653838,41.265897],[-72.617237,41.271998],[-72.598036,41.268698],[-72.583336,41.271698],[-72.571136,41.268098],[-72.547235,41.250499],[-72.536746,41.256207],[-72.533247,41.26269],[-72.506634,41.260099],[-72.499534,41.265866],[-72.485693,41.270881],[-72.472539,41.270103],[-72.451925,41.278885],[-72.398688,41.278172],[-72.386629,41.261798],[-72.348068,41.269698],[-72.348643,41.277446],[-72.333894,41.282916],[-72.31776,41.277782],[-72.261487,41.282926],[-72.251323,41.289997],[-72.251895,41.29862],[-72.225276,41.299047],[-72.212924,41.291365],[-72.204022,41.299097],[-72.203022,41.313197],[-72.191022,41.323197],[-72.177622,41.322497],[-72.16158,41.310262],[-72.134221,41.299398],[-72.11182,41.299098],[-72.084487,41.319634],[-72.021898,41.316838],[-71.988153,41.320577],[-71.982194,41.329861],[-71.970955,41.324526],[-71.956747,41.329871],[-71.945652,41.337799],[-71.936284,41.337959],[-71.91671,41.332217],[-71.886302,41.33641],[-71.868235,41.330941],[-71.85957,41.322399],[-71.839782,41.33469],[-71.83124,41.344645],[-71.831613,41.370899],[-71.833443,41.384524],[-71.842131,41.395359],[-71.843472,41.40583],[-71.839649,41.412119],[-71.81839,41.419599],[-71.797683,41.416709],[-71.789356,41.59691],[-71.789678,41.724734],[-71.794161,41.841101],[-71.799242,42.008065]]]}},{"type":"Feature","properties":{"NAME":"District of Columbia"},"geometry":{"type":"Polygon","coordinates":[[[-77.1199,38.934311],[-77.1012,38.911111],[-77.0902,38.904211],[-77.068199,38.899811],[-77.040599,38.871212],[-77.031698,38.850512],[-77.038598,38.791513],[-77.001397,38.821513],[-76.909395,38.892812],[-77.040999,38.99511],[-77.1199,38.934311]]]}},{"type":"Feature","properties":{"NAME":"Georgia"},"geometry":{"type":"Polygon","coordinates":[[[-84.321869,34.988408],[-84.394903,34.98803],[-84.509886,34.98801],[-84.621483,34.988329],[-84.808127,34.987592],[-84.939306,34.987916],[-85.045183,34.986883],[-85.180553,34.986075],[-85.277556,34.984975],[-85.363919,34.983375],[-85.605165,34.984678],[-85.595163,34.924171],[-85.583145,34.860371],[-85.552482,34.708321],[-85.541267,34.656783],[-85.51393,34.525192],[-85.502316,34.473954],[-85.462304,34.286365],[-85.455057,34.250689],[-85.421731,34.080821],[-85.398837,33.964129],[-85.361844,33.773951],[-85.337974,33.653111],[-85.293902,33.428079],[-85.236509,33.129562],[-85.221868,33.055538],[-85.184131,32.870525],[-85.123421,32.772248],[-85.13204,32.764211],[-85.137136,32.745168],[-85.114737,32.685634],[-85.10479,32.642542],[-85.080288,32.603577],[-85.069583,32.58393],[-85.044606,32.559499],[-85.022509,32.542923],[-85.0071,32.523868],[-85.001324,32.512973],[-84.998231,32.469842],[-84.983831,32.445643],[-84.979431,32.412244],[-84.987386,32.381201],[-85.008096,32.336677],[-85.001874,32.322015],[-84.93868,32.300708],[-84.916611,32.281177],[-84.909052,32.26354],[-84.92165,32.233306],[-84.964828,32.194952],[-84.995929,32.184852],[-85.047865,32.142033],[-85.056029,32.063055],[-85.050212,32.024196],[-85.07233,31.964758],[-85.08213,31.944658],[-85.10663,31.915159],[-85.132931,31.88826],[-85.141831,31.839861],[-85.141331,31.783163],[-85.12523,31.767063],[-85.11893,31.732664],[-85.12653,31.716764],[-85.12553,31.694965],[-85.087029,31.640966],[-85.057473,31.618624],[-85.041305,31.540987],[-85.068065,31.427586],[-85.087651,31.308677],[-85.101561,31.283362],[-85.111871,31.258388],[-85.107516,31.186451],[-85.100207,31.16549],[-85.092106,31.160293],[-85.076628,31.156927],[-85.035615,31.108192],[-85.029736,31.096163],[-84.999428,31.013843],[-85.002368,31.000682],[-84.998628,30.971386],[-84.983527,30.935486],[-84.959626,30.910587],[-84.941925,30.887988],[-84.896122,30.750591],[-84.864693,30.711542],[-84.606386,30.699865],[-84.535042,30.696523],[-84.28121,30.685256],[-84.083753,30.675954],[-83.880317,30.665807],[-83.810536,30.66188],[-83.611667,30.651255],[-83.390062,30.639333],[-83.309455,30.634417],[-83.136616,30.624346],[-82.878779,30.609082],[-82.698902,30.598271],[-82.569237,30.590965],[-82.374844,30.579004],[-82.2581,30.571559],[-82.214385,30.566958],[-82.21233,30.499558],[-82.20604,30.455507],[-82.210291,30.42459],[-82.204151,30.40133],[-82.189583,30.376213],[-82.171508,30.359869],[-82.165192,30.358035],[-82.124835,30.366564],[-82.050069,30.362338],[-82.016103,30.497355],[-82.01699,30.519358],[-82.005477,30.563495],[-82.01329,30.595665],[-82.037609,30.633271],[-82.049401,30.655296],[-82.050432,30.676266],[-82.023213,30.781987],[-81.999836,30.788348],[-81.906014,30.822176],[-81.868608,30.792754],[-81.840375,30.786384],[-81.827014,30.788933],[-81.806652,30.789683],[-81.759338,30.771377],[-81.741278,30.762681],[-81.732627,30.749934],[-81.719927,30.744634],[-81.637222,30.733835],[-81.624298,30.736194],[-81.606221,30.718135],[-81.544618,30.712636],[-81.444124,30.709714],[-81.449375,30.715601],[-81.45947,30.741979],[-81.461065,30.753684],[-81.460061,30.769912],[-81.455287,30.79093],[-81.446927,30.81039],[-81.428577,30.836336],[-81.405153,30.908203],[-81.403409,30.957914],[-81.408484,30.977718],[-81.420108,30.974076],[-81.426929,30.956615],[-81.447388,30.956732],[-81.453568,30.965573],[-81.466814,30.97091],[-81.475789,30.965976],[-81.486966,30.969602],[-81.493651,30.977528],[-81.490586,30.984952],[-81.469298,30.996028],[-81.451444,31.015515],[-81.434923,31.017804],[-81.432475,31.012991],[-81.420474,31.016703],[-81.415123,31.026718],[-81.401267,31.072781],[-81.403732,31.107115],[-81.399677,31.134113],[-81.38683,31.133214],[-81.368241,31.136534],[-81.359349,31.149166],[-81.360791,31.155903],[-81.35488,31.167204],[-81.339028,31.186918],[-81.314183,31.207938],[-81.293359,31.206332],[-81.288403,31.211065],[-81.289136,31.225487],[-81.282842,31.24433],[-81.276862,31.254734],[-81.274688,31.289454],[-81.260958,31.30391],[-81.25482,31.315452],[-81.268027,31.324218],[-81.282923,31.326491],[-81.279338,31.351127],[-81.278798,31.367214],[-81.258616,31.404425],[-81.246911,31.422784],[-81.204883,31.473124],[-81.189643,31.503588],[-81.177254,31.517074],[-81.181592,31.527697],[-81.199518,31.537596],[-81.217948,31.527284],[-81.258809,31.52906],[-81.263905,31.532579],[-81.260076,31.54828],[-81.254218,31.55594],[-81.240699,31.552313],[-81.214536,31.557601],[-81.204315,31.568183],[-81.186114,31.568032],[-81.178822,31.55553],[-81.173079,31.555908],[-81.160364,31.570436],[-81.14997,31.593476],[-81.133493,31.623348],[-81.131728,31.654484],[-81.136408,31.674832],[-81.131137,31.695774],[-81.139394,31.699917],[-81.151888,31.698411],[-81.161084,31.691401],[-81.186303,31.701509],[-81.203572,31.719448],[-81.192784,31.733245],[-81.16067,31.728144],[-81.138448,31.720934],[-81.130634,31.722692],[-81.097402,31.753126],[-81.077057,31.761256],[-81.068116,31.768735],[-81.047345,31.802865],[-81.036873,31.812721],[-81.039808,31.823],[-81.057181,31.822687],[-81.075812,31.829031],[-81.076178,31.836132],[-81.06279,31.84474],[-81.058596,31.857811],[-81.065255,31.877095],[-81.041548,31.876198],[-81.014478,31.867474],[-81.000317,31.856744],[-80.99269,31.857641],[-80.971434,31.877941],[-80.947294,31.89621],[-80.934508,31.90918],[-80.941359,31.912984],[-80.954469,31.911768],[-80.968494,31.915822],[-80.975714,31.923602],[-80.972392,31.94127],[-80.948491,31.95723],[-80.930279,31.956705],[-80.929101,31.944964],[-80.911207,31.943769],[-80.897687,31.949065],[-80.882814,31.959075],[-80.862814,31.969346],[-80.848441,31.988279],[-80.840549,32.011306],[-80.84313,32.024226],[-80.852276,32.026676],[-80.859111,32.023693],[-80.885517,32.0346],[-81.042833,32.084508],[-81.06185,32.087935],[-81.113334,32.113205],[-81.117234,32.117605],[-81.122034,32.161803],[-81.128034,32.276297],[-81.120333,32.285796],[-81.122333,32.305395],[-81.134332,32.341693],[-81.140932,32.349393],[-81.168032,32.368391],[-81.199029,32.467286],[-81.275415,32.539457],[-81.318255,32.559722],[-81.328753,32.561228],[-81.348155,32.569294],[-81.389338,32.595436],[-81.411906,32.61841],[-81.41866,32.629392],[-81.414761,32.63744],[-81.404949,32.747027],[-81.423772,32.810514],[-81.49983,32.963816],[-81.494736,32.978998],[-81.491495,32.998572],[-81.496637,33.010224],[-81.51169,33.024506],[-81.541831,33.045654],[-81.620287,33.095408],[-81.696934,33.116551],[-81.852136,33.247544],[-81.902737,33.331242],[-81.912572,33.408811],[-81.967037,33.480636],[-82.046335,33.56383],[-82.069039,33.575382],[-82.098816,33.586358],[-82.124841,33.591274],[-82.135046,33.591044],[-82.179854,33.615945],[-82.196583,33.630582],[-82.218649,33.686299],[-82.247472,33.752591],[-82.301457,33.801864],[-82.32448,33.820033],[-82.403881,33.865477],[-82.422803,33.863754],[-82.429164,33.865844],[-82.564582,33.95581],[-82.640701,34.088341],[-82.659077,34.103544],[-82.668113,34.12016],[-82.67732,34.131657],[-82.70414,34.141007],[-82.717507,34.150504],[-82.731881,34.178363],[-82.74192,34.210063],[-82.744415,34.224913],[-82.74198,34.230196],[-82.755028,34.276067],[-82.848651,34.423844],[-82.874864,34.468891],[-82.882864,34.479003],[-82.902665,34.485902],[-82.939067,34.486202],[-82.979568,34.482702],[-82.992671,34.479072],[-82.995284,34.474549],[-83.006848,34.474376],[-83.034712,34.483495],[-83.072746,34.504349],[-83.087189,34.515939],[-83.170278,34.592398],[-83.167523,34.600424],[-83.240676,34.624307],[-83.291683,34.653396],[-83.338194,34.687924],[-83.351293,34.701703],[-83.352485,34.715993],[-83.339129,34.741266],[-83.32406,34.788691],[-83.283151,34.821328],[-83.267293,34.832748],[-83.242962,34.877749],[-83.143261,34.924756],[-83.108535,35.000771],[-83.483064,34.993737],[-83.549381,34.992492],[-83.620185,34.992091],[-83.673621,34.987111],[-83.936413,34.987485],[-84.029954,34.987321],[-84.129555,34.987504],[-84.321869,34.988408]]]}},{"type":"Feature","properties":{"NAME":"Hawaii"},"geometry":{"type":"MultiPolygon","coordinates":[[[[-155.778234,20.245743],[-155.783242,20.246395],[-155.811459,20.26032],[-155.853293,20.271548],[-155.873921,20.267744],[-155.890663,20.25524],[-155.901452,20.235787],[-155.906035,20.205157],[-155.899149,20.145728],[-155.88419,20.10675],[-155.866931,20.078652],[-155.850385,20.062506],[-155.828182,20.035424],[-155.825473,20.025944],[-155.828965,19.995542],[-155.835312,19.976078],[-155.840708,19.976952],[-155.856588,19.968885],[-155.866919,19.954172],[-155.892533,19.932162],[-155.894099,19.923135],[-155.901987,19.912081],[-155.915662,19.887126],[-155.92549,19.875],[-155.925843,19.858928],[-155.940311,19.852305],[-155.949251,19.857034],[-155.964817,19.855183],[-155.982821,19.845651],[-156.006267,19.81758],[-156.021732,19.8022],[-156.049651,19.780452],[-156.052315,19.756836],[-156.05722,19.742536],[-156.064364,19.730766],[-156.052485,19.718667],[-156.051652,19.703649],[-156.036079,19.690252],[-156.027427,19.672154],[-156.033326,19.66923],[-156.034994,19.65936],[-156.028982,19.650098],[-155.997728,19.642816],[-155.978206,19.608159],[-155.970969,19.586328],[-155.96935,19.555963],[-155.960457,19.546612],[-155.953663,19.510003],[-155.952897,19.488805],[-155.939145,19.481577],[-155.930523,19.484921],[-155.922609,19.478611],[-155.925166,19.468081],[-155.924269,19.438794],[-155.921707,19.43055],[-155.909087,19.415455],[-155.913849,19.401107],[-155.898792,19.377984],[-155.888701,19.348031],[-155.887356,19.337101],[-155.890842,19.298905],[-155.895435,19.274639],[-155.902565,19.258427],[-155.90491,19.230147],[-155.903339,19.217792],[-155.917292,19.155963],[-155.921389,19.121183],[-155.908355,19.081138],[-155.903693,19.080777],[-155.886278,19.05576],[-155.884077,19.039266],[-155.88155,19.036644],[-155.853943,19.023762],[-155.806109,19.013967],[-155.763598,18.981837],[-155.726043,18.969437],[-155.693117,18.940542],[-155.687716,18.923358],[-155.681825,18.918694],[-155.672005,18.917466],[-155.658486,18.924835],[-155.638054,18.941723],[-155.625,18.959934],[-155.613966,18.970399],[-155.601866,18.971572],[-155.596521,18.980654],[-155.596032,18.998833],[-155.581903,19.02224],[-155.566446,19.032531],[-155.557371,19.046565],[-155.555177,19.053932],[-155.555326,19.069377],[-155.557817,19.08213],[-155.544806,19.091059],[-155.528902,19.11371],[-155.519652,19.117025],[-155.512137,19.124296],[-155.51474,19.132501],[-155.505281,19.137908],[-155.465663,19.146964],[-155.453516,19.151952],[-155.432519,19.170623],[-155.427093,19.179546],[-155.417369,19.187858],[-155.390701,19.201171],[-155.378638,19.202435],[-155.360631,19.20893],[-155.349148,19.217756],[-155.341268,19.234039],[-155.31337,19.250698],[-155.303808,19.261835],[-155.296761,19.266289],[-155.264619,19.274213],[-155.243961,19.271313],[-155.205892,19.260907],[-155.19626,19.261295],[-155.187427,19.266156],[-155.172413,19.26906],[-155.159635,19.268375],[-155.1337,19.276099],[-155.113272,19.290613],[-155.061729,19.316636],[-155.020537,19.331317],[-154.980861,19.349291],[-154.964619,19.365646],[-154.944185,19.381852],[-154.928772,19.397646],[-154.887817,19.426425],[-154.86854,19.438126],[-154.838545,19.463642],[-154.822968,19.48129],[-154.809379,19.519086],[-154.814417,19.53009],[-154.826732,19.537626],[-154.837384,19.538354],[-154.852618,19.549172],[-154.875,19.556797],[-154.903542,19.570622],[-154.924422,19.586553],[-154.93394,19.597505],[-154.947106,19.604856],[-154.951014,19.613614],[-154.950359,19.626461],[-154.963933,19.627605],[-154.974342,19.633201],[-154.983778,19.641647],[-154.984718,19.672161],[-154.981102,19.690687],[-154.987168,19.708524],[-154.997278,19.72858],[-155.006423,19.739286],[-155.045382,19.739824],[-155.063972,19.728917],[-155.079426,19.726193],[-155.087118,19.728013],[-155.093387,19.737751],[-155.093517,19.771832],[-155.091216,19.776368],[-155.09207,19.799409],[-155.094414,19.81491],[-155.088979,19.826656],[-155.084357,19.849736],[-155.095032,19.867882],[-155.107541,19.872467],[-155.12175,19.886099],[-155.124618,19.897288],[-155.131235,19.906801],[-155.144394,19.920523],[-155.149215,19.922872],[-155.179939,19.949372],[-155.194593,19.958368],[-155.204486,19.969438],[-155.240933,19.990173],[-155.270316,20.014525],[-155.282629,20.021969],[-155.29548,20.024438],[-155.33021,20.038517],[-155.387578,20.067119],[-155.405459,20.078772],[-155.443957,20.095318],[-155.468211,20.104296],[-155.502561,20.114155],[-155.516795,20.11523],[-155.523661,20.120028],[-155.558933,20.13157],[-155.568368,20.130545],[-155.58168,20.123617],[-155.590923,20.122497],[-155.600909,20.126573],[-155.607797,20.137987],[-155.630382,20.146916],[-155.653966,20.16736],[-155.732704,20.205392],[-155.737004,20.222773],[-155.746893,20.232325],[-155.772734,20.245409],[-155.778234,20.245743]]],[[[-160.555771,21.668287],[-160.554123,21.649546],[-160.542404,21.648081],[-160.54332,21.667128],[-160.555771,21.668287]]],[[[-160.125,21.95909],[-160.13705,21.948632],[-160.167471,21.932863],[-160.190158,21.923592],[-160.202716,21.912422],[-160.21383,21.899193],[-160.231028,21.886263],[-160.244943,21.848943],[-160.24961,21.815145],[-160.23478,21.795418],[-160.218044,21.783755],[-160.205851,21.779518],[-160.205211,21.789053],[-160.189782,21.82245],[-160.174796,21.846923],[-160.16162,21.864746],[-160.147609,21.872814],[-160.124283,21.876789],[-160.098897,21.884711],[-160.079065,21.89608],[-160.080012,21.910808],[-160.085787,21.927295],[-160.078393,21.955153],[-160.065811,21.976562],[-160.052729,21.980321],[-160.058543,21.99638],[-160.072123,22.003334],[-160.09645,22.001489],[-160.112746,21.995245],[-160.122262,21.962881],[-160.125,21.95909]]],[[[-159.431707,22.220015],[-159.441809,22.226321],[-159.45619,22.228811],[-159.467007,22.226529],[-159.480158,22.232715],[-159.488558,22.23317],[-159.500821,22.225538],[-159.501055,22.211064],[-159.507811,22.205987],[-159.515574,22.208008],[-159.51941,22.215646],[-159.534594,22.219403],[-159.54115,22.216764],[-159.548594,22.226263],[-159.559643,22.229185],[-159.583965,22.22668],[-159.591596,22.219456],[-159.608794,22.207878],[-159.66984,22.170782],[-159.699978,22.165252],[-159.726043,22.152171],[-159.733457,22.142756],[-159.741223,22.115666],[-159.748159,22.100388],[-159.780096,22.072567],[-159.786543,22.06369],[-159.790932,22.031177],[-159.788139,22.018411],[-159.765735,21.986593],[-159.758218,21.980694],[-159.72014,21.970789],[-159.705255,21.963427],[-159.681493,21.960054],[-159.671872,21.957038],[-159.648132,21.93297],[-159.637849,21.917166],[-159.610241,21.898356],[-159.584272,21.899038],[-159.555415,21.891355],[-159.517973,21.890996],[-159.490914,21.888898],[-159.471962,21.88292],[-159.446599,21.871647],[-159.425862,21.884527],[-159.408284,21.897781],[-159.382349,21.924479],[-159.356613,21.939546],[-159.350828,21.950817],[-159.334714,21.961099],[-159.333224,21.973005],[-159.341401,22.028978],[-159.337996,22.046575],[-159.333267,22.054639],[-159.321667,22.063411],[-159.317451,22.080944],[-159.297143,22.113815],[-159.295271,22.13039],[-159.297808,22.149748],[-159.308855,22.155555],[-159.315613,22.186817],[-159.339964,22.208519],[-159.353795,22.217669],[-159.367563,22.214906],[-159.385977,22.220009],[-159.388119,22.223252],[-159.40732,22.230555],[-159.431707,22.220015]]],[[[-157.014553,21.185503],[-157.039987,21.190909],[-157.064264,21.189076],[-157.097971,21.198012],[-157.113438,21.197375],[-157.128207,21.201488],[-157.144627,21.202555],[-157.157103,21.200706],[-157.192439,21.207644],[-157.202125,21.219298],[-157.212082,21.221848],[-157.226445,21.220185],[-157.241534,21.220969],[-157.257085,21.227268],[-157.263163,21.220873],[-157.25026,21.207739],[-157.251007,21.190952],[-157.259911,21.174875],[-157.274504,21.162762],[-157.284346,21.157755],[-157.293774,21.146127],[-157.299187,21.132488],[-157.313343,21.105755],[-157.298054,21.096917],[-157.254061,21.090601],[-157.143483,21.096632],[-157.125,21.1026],[-157.095373,21.10636],[-157.079696,21.105835],[-157.037667,21.097864],[-157.032045,21.091094],[-157.00295,21.083282],[-156.953719,21.067761],[-156.89517,21.055771],[-156.891946,21.051831],[-156.877137,21.0493],[-156.865795,21.057801],[-156.835351,21.06336],[-156.794136,21.075796],[-156.790815,21.081686],[-156.775995,21.089751],[-156.748932,21.1086],[-156.726033,21.13236],[-156.714158,21.152238],[-156.712696,21.161547],[-156.719386,21.163911],[-156.736648,21.16188],[-156.742231,21.176214],[-156.771495,21.180053],[-156.821944,21.174693],[-156.841592,21.167926],[-156.867944,21.16452],[-156.896537,21.172208],[-156.903466,21.16421],[-156.946159,21.175963],[-156.950808,21.182636],[-156.951654,21.191662],[-156.962847,21.212131],[-156.974002,21.218503],[-156.984032,21.212198],[-156.982343,21.207798],[-156.987768,21.18935],[-156.999108,21.182221],[-157.014553,21.185503]]],[[[-156.544169,20.522802],[-156.540189,20.534741],[-156.556021,20.542657],[-156.548909,20.56859],[-156.542808,20.573674],[-156.543034,20.580115],[-156.553604,20.594729],[-156.56714,20.604895],[-156.576871,20.60657],[-156.610734,20.59377],[-156.614598,20.587109],[-156.651567,20.565574],[-156.6801,20.557021],[-156.696662,20.541646],[-156.703673,20.527237],[-156.682939,20.506775],[-156.668809,20.504738],[-156.647464,20.512017],[-156.642347,20.508285],[-156.631143,20.514943],[-156.603844,20.524372],[-156.586238,20.511711],[-156.559994,20.521892],[-156.544169,20.522802]]],[[[-156.612012,21.02477],[-156.619581,21.027793],[-156.642809,21.027583],[-156.642592,21.019936],[-156.652419,21.008994],[-156.665514,21.007054],[-156.680905,20.980262],[-156.69411,20.952708],[-156.69989,20.920629],[-156.688132,20.906325],[-156.688969,20.888673],[-156.678634,20.870541],[-156.631794,20.82124],[-156.537752,20.778408],[-156.525215,20.780821],[-156.515994,20.794234],[-156.506026,20.799463],[-156.489496,20.798339],[-156.473562,20.790756],[-156.464043,20.781667],[-156.462058,20.772571],[-156.462242,20.753952],[-156.458438,20.736676],[-156.451038,20.725469],[-156.443673,20.656018],[-156.450651,20.642212],[-156.442884,20.613842],[-156.444242,20.607941],[-156.431872,20.598143],[-156.423141,20.602079],[-156.417799,20.598682],[-156.415313,20.586099],[-156.377633,20.578427],[-156.359634,20.581977],[-156.351716,20.58697],[-156.322944,20.588273],[-156.302692,20.586199],[-156.293454,20.588783],[-156.284391,20.596488],[-156.265921,20.601629],[-156.236145,20.61595],[-156.225338,20.62294],[-156.210258,20.628518],[-156.192938,20.631769],[-156.173393,20.6241],[-156.169732,20.627358],[-156.148085,20.629067],[-156.142665,20.623605],[-156.129898,20.627523],[-156.120985,20.633685],[-156.089365,20.648519],[-156.081472,20.654387],[-156.059753,20.652044],[-156.053385,20.65432],[-156.043786,20.664902],[-156.040341,20.672719],[-156.030702,20.682452],[-156.020044,20.686857],[-156.01415,20.685681],[-156.00187,20.698064],[-155.987216,20.722717],[-155.985413,20.744245],[-155.986851,20.758577],[-155.984587,20.767496],[-155.987944,20.776552],[-156.002947,20.789418],[-156.003532,20.795545],[-156.033287,20.808246],[-156.059788,20.81054],[-156.090291,20.831872],[-156.100123,20.828502],[-156.115735,20.827301],[-156.129381,20.847513],[-156.132669,20.861369],[-156.166746,20.865646],[-156.173103,20.876926],[-156.216341,20.907035],[-156.217953,20.916573],[-156.230089,20.917864],[-156.230159,20.931936],[-156.242555,20.937838],[-156.263107,20.940888],[-156.275116,20.937361],[-156.286332,20.947701],[-156.307198,20.942739],[-156.324578,20.950184],[-156.342365,20.938737],[-156.352649,20.941414],[-156.370729,20.932669],[-156.386045,20.919563],[-156.422668,20.911631],[-156.474796,20.894546],[-156.481055,20.898199],[-156.493263,20.916011],[-156.49948,20.934577],[-156.510391,20.940358],[-156.512226,20.95128],[-156.518707,20.954662],[-156.528246,20.967757],[-156.546291,21.005082],[-156.549813,21.004939],[-156.562773,21.016167],[-156.580448,21.020172],[-156.592256,21.03288],[-156.606238,21.034371],[-156.612012,21.02477]]],[[[-157.010001,20.929757],[-157.025626,20.929528],[-157.035789,20.927078],[-157.05913,20.913407],[-157.062511,20.904385],[-157.059663,20.884634],[-157.054552,20.877219],[-157.010911,20.854476],[-157.006243,20.849603],[-156.991834,20.826603],[-156.988933,20.815496],[-156.994001,20.786671],[-156.984747,20.756677],[-156.96789,20.73508],[-156.949009,20.738997],[-156.909081,20.739533],[-156.890295,20.744855],[-156.869753,20.754701],[-156.838321,20.764575],[-156.817427,20.794606],[-156.809463,20.809169],[-156.809576,20.826036],[-156.825237,20.850731],[-156.837047,20.863575],[-156.897169,20.915395],[-156.91845,20.922546],[-156.937529,20.925274],[-156.971604,20.926254],[-156.989813,20.932127],[-157.010001,20.929757]]],[[[-158.044485,21.306011],[-158.0245,21.3093],[-157.989424,21.317984],[-157.973334,21.327426],[-157.967971,21.327986],[-157.951881,21.318742],[-157.952263,21.306531],[-157.910925,21.305768],[-157.918939,21.318615],[-157.90482,21.329172],[-157.898969,21.327391],[-157.89,21.3065],[-157.8457,21.29],[-157.8319,21.2795],[-157.8253,21.2714],[-157.8211,21.2606],[-157.8096,21.2577],[-157.7931,21.2604],[-157.7782,21.2735],[-157.765,21.2789],[-157.7572,21.278],[-157.7213,21.2869],[-157.7122,21.2814],[-157.7097,21.2621],[-157.6944,21.2665],[-157.6946,21.2739],[-157.6537,21.302],[-157.6518,21.3139],[-157.6619,21.3131],[-157.6938,21.3329],[-157.7088,21.3534],[-157.7126,21.3689],[-157.7089,21.3833],[-157.722544,21.403036],[-157.7386,21.4043],[-157.740762,21.424048],[-157.731328,21.444713],[-157.731777,21.455944],[-157.737617,21.459089],[-157.764572,21.461335],[-157.774905,21.453698],[-157.772209,21.431236],[-157.774455,21.421352],[-157.786513,21.415633],[-157.8059,21.4301],[-157.8139,21.4403],[-157.8163,21.4502],[-157.82489,21.455379],[-157.84099,21.459483],[-157.84549,21.466747],[-157.852625,21.499971],[-157.849579,21.509598],[-157.837372,21.512085],[-157.836945,21.529945],[-157.85257,21.557514],[-157.8669,21.5637],[-157.872528,21.557568],[-157.878601,21.560181],[-157.87735,21.575277],[-157.900574,21.605885],[-157.910797,21.611183],[-157.9238,21.6293],[-157.924591,21.651183],[-157.9301,21.6552],[-157.939,21.669],[-157.947174,21.689568],[-157.968628,21.712704],[-157.98703,21.712494],[-157.9923,21.708],[-158.018127,21.699955],[-158.0372,21.6843],[-158.0639,21.6584],[-158.0668,21.6437],[-158.079895,21.628101],[-158.108185,21.607487],[-158.10672,21.596577],[-158.12561,21.586739],[-158.17,21.5823],[-158.190704,21.585892],[-158.254425,21.582684],[-158.277679,21.578789],[-158.27951,21.575794],[-158.250671,21.557373],[-158.234314,21.540058],[-158.231171,21.523857],[-158.233,21.4876],[-158.219446,21.46978],[-158.205383,21.459793],[-158.192352,21.44804],[-158.182648,21.430073],[-158.181274,21.409626],[-158.1792,21.4043],[-158.161743,21.396282],[-158.1403,21.3738],[-158.13324,21.359207],[-158.125459,21.330264],[-158.119427,21.334594],[-158.111949,21.326622],[-158.1225,21.3224],[-158.1127,21.3019],[-158.1033,21.2979],[-158.0883,21.2988],[-158.044485,21.306011]]]]}},{"type":"Feature","properties":{"NAME":"Illinois"},"geometry":{"type":"Polygon","coordinates":[[[-87.800477,42.49192],[-87.971279,42.494019],[-88.049782,42.495319],[-88.200172,42.496016],[-88.271691,42.494818],[-88.417396,42.494618],[-88.506912,42.494883],[-88.707378,42.493587],[-88.940388,42.495046],[-88.992659,42.496025],[-89.071141,42.496208],[-89.250759,42.497994],[-89.361561,42.500012],[-89.522542,42.501889],[-89.667596,42.50496],[-89.926484,42.505787],[-90.093026,42.50816],[-90.405927,42.506891],[-90.491716,42.507624],[-90.555862,42.507509],[-90.640927,42.508302],[-90.655927,42.491703],[-90.654027,42.478503],[-90.646727,42.471904],[-90.624328,42.458904],[-90.559451,42.430695],[-90.477279,42.383794],[-90.419027,42.328505],[-90.4162,42.321314],[-90.424326,42.293326],[-90.430884,42.27823],[-90.419326,42.254467],[-90.391108,42.225473],[-90.375129,42.214811],[-90.356964,42.205445],[-90.349162,42.204277],[-90.306531,42.190439],[-90.234919,42.165431],[-90.211328,42.15401],[-90.167533,42.122475],[-90.162225,42.11488],[-90.161119,42.104404],[-90.163405,42.087613],[-90.168358,42.075779],[-90.164537,42.045007],[-90.150916,42.02944],[-90.141167,42.008931],[-90.140613,41.995999],[-90.1516,41.931002],[-90.181973,41.80707],[-90.187969,41.803163],[-90.222263,41.793133],[-90.278633,41.767358],[-90.302782,41.750031],[-90.31522,41.734264],[-90.334525,41.679559],[-90.343162,41.648141],[-90.34165,41.621484],[-90.39793,41.572233],[-90.461432,41.523533],[-90.474332,41.519733],[-90.499475,41.518055],[-90.605937,41.494232],[-90.655839,41.462132],[-90.737537,41.450127],[-90.771672,41.450761],[-90.786282,41.452888],[-90.847458,41.455019],[-90.989976,41.431962],[-91.027787,41.423603],[-91.039872,41.418523],[-91.047819,41.4109],[-91.114186,41.250029],[-91.113648,41.241401],[-91.049808,41.178033],[-91.019036,41.16491],[-91.005503,41.165622],[-90.989663,41.155716],[-90.946627,41.096632],[-90.949383,41.072711],[-90.945549,41.06173],[-90.942253,41.034702],[-90.952233,40.954047],[-90.962916,40.924957],[-90.968995,40.919127],[-90.9985,40.90812],[-91.009536,40.900565],[-91.092993,40.821079],[-91.097553,40.808433],[-91.094728,40.797833],[-91.11194,40.697018],[-91.122421,40.670675],[-91.138055,40.660893],[-91.18698,40.637297],[-91.197906,40.636107],[-91.218437,40.638437],[-91.253074,40.637962],[-91.306524,40.626231],[-91.348733,40.609695],[-91.359873,40.601805],[-91.405241,40.554641],[-91.404125,40.539127],[-91.384531,40.530948],[-91.369059,40.512532],[-91.364211,40.500043],[-91.36391,40.490122],[-91.372554,40.4012],[-91.375746,40.391879],[-91.38836,40.384929],[-91.419422,40.378264],[-91.444833,40.36317],[-91.46214,40.342414],[-91.489868,40.286048],[-91.505968,40.234305],[-91.512974,40.181062],[-91.510322,40.127994],[-91.494865,40.037421],[-91.460287,39.980333],[-91.446385,39.870394],[-91.432919,39.840554],[-91.365396,39.777266],[-91.369953,39.745042],[-91.367753,39.729029],[-91.349039,39.712316],[-91.229317,39.620853],[-91.178012,39.598196],[-91.168419,39.564928],[-91.158606,39.553048],[-91.042351,39.452062],[-90.993789,39.422959],[-90.882706,39.362254],[-90.842175,39.341932],[-90.799346,39.313087],[-90.72996,39.255894],[-90.726981,39.251173],[-90.681086,39.10059],[-90.682744,39.088348],[-90.712541,39.057064],[-90.71158,39.046798],[-90.663372,38.928042],[-90.657254,38.92027],[-90.625122,38.888654],[-90.583388,38.86903],[-90.566557,38.868847],[-90.54403,38.87505],[-90.507451,38.902767],[-90.486974,38.925982],[-90.482419,38.94446],[-90.472122,38.958838],[-90.450792,38.967764],[-90.406367,38.962554],[-90.250248,38.919344],[-90.22585,38.908923],[-90.113327,38.849306],[-90.109107,38.837448],[-90.117707,38.805748],[-90.123107,38.798048],[-90.171309,38.766549],[-90.20991,38.72605],[-90.21201,38.71175],[-90.20921,38.70275],[-90.19521,38.68755],[-90.18641,38.67475],[-90.18111,38.65955],[-90.17801,38.63375],[-90.18451,38.611551],[-90.196011,38.594451],[-90.224512,38.574651],[-90.248913,38.544752],[-90.260314,38.528352],[-90.279215,38.472453],[-90.285215,38.443453],[-90.295316,38.426753],[-90.346118,38.381853],[-90.350918,38.375053],[-90.370819,38.333554],[-90.372519,38.323354],[-90.373929,38.281853],[-90.363926,38.236355],[-90.353902,38.213855],[-90.334258,38.189932],[-90.243116,38.112669],[-90.126532,38.041666],[-90.072283,38.017001],[-89.997103,37.963225],[-89.974918,37.926719],[-89.973642,37.917661],[-89.950594,37.881526],[-89.937383,37.874693],[-89.923185,37.870672],[-89.901832,37.869822],[-89.881475,37.879591],[-89.862949,37.896906],[-89.844786,37.905572],[-89.739873,37.84693],[-89.671255,37.801144],[-89.515436,37.67137],[-89.506563,37.62505],[-89.511936,37.584564],[-89.521274,37.578971],[-89.521697,37.557325],[-89.517051,37.537278],[-89.492051,37.494008],[-89.475525,37.471388],[-89.450969,37.450069],[-89.439769,37.4372],[-89.42594,37.407471],[-89.421054,37.387668],[-89.428185,37.356158],[-89.43604,37.344441],[-89.447556,37.340475],[-89.474569,37.338165],[-89.489005,37.333368],[-89.511842,37.310825],[-89.518393,37.289354],[-89.517032,37.28192],[-89.467631,37.2182],[-89.414471,37.12505],[-89.385434,37.05513],[-89.378277,37.039605],[-89.29213,36.992189],[-89.261154,36.982437],[-89.226247,36.985287],[-89.207013,36.982437],[-89.185491,36.973518],[-89.170008,36.970298],[-89.132685,36.9822],[-89.166447,37.003337],[-89.178975,37.020928],[-89.182509,37.037275],[-89.175725,37.062069],[-89.168087,37.074218],[-89.086526,37.165602],[-89.041263,37.202881],[-89.000968,37.224401],[-88.98326,37.228685],[-88.966831,37.229891],[-88.933385,37.225005],[-88.916934,37.224291],[-88.809206,37.189235],[-88.625889,37.119458],[-88.589207,37.099655],[-88.576718,37.085852],[-88.560032,37.07601],[-88.545403,37.070003],[-88.514356,37.065231],[-88.482856,37.067114],[-88.458948,37.073796],[-88.444605,37.098601],[-88.424403,37.152428],[-88.447764,37.203527],[-88.458763,37.213536],[-88.471753,37.220155],[-88.509328,37.26213],[-88.515939,37.284043],[-88.514661,37.290948],[-88.476592,37.386875],[-88.470224,37.396255],[-88.456,37.408482],[-88.439333,37.416416],[-88.408808,37.425216],[-88.358436,37.40486],[-88.330622,37.429316],[-88.312585,37.440591],[-88.281667,37.452596],[-88.255193,37.456748],[-88.083395,37.473683],[-88.062562,37.489385],[-88.061292,37.505232],[-88.063311,37.515755],[-88.072242,37.528826],[-88.121517,37.568166],[-88.133393,37.574235],[-88.139973,37.586451],[-88.156827,37.632801],[-88.160187,37.657592],[-88.151646,37.675098],[-88.122412,37.709685],[-88.072538,37.733286],[-88.059588,37.742608],[-88.045008,37.762436],[-88.02803,37.799224],[-88.027789,37.828298],[-88.049453,37.845187],[-88.071449,37.895813],[-88.055373,37.891238],[-88.021117,37.888057],[-88.013451,37.893951],[-88.012574,37.977062],[-88.041532,38.037345],[-88.042132,38.046345],[-88.013118,38.103527],[-87.974272,38.121981],[-87.942176,38.131759],[-87.92783,38.141545],[-87.911034,38.162194],[-87.915666,38.173322],[-87.940694,38.181261],[-87.959062,38.203712],[-87.961103,38.214733],[-87.951715,38.239632],[-87.923958,38.258409],[-87.863032,38.280172],[-87.750028,38.403027],[-87.656144,38.521668],[-87.670071,38.545237],[-87.651529,38.568166],[-87.627345,38.607237],[-87.62012,38.639489],[-87.60018,38.662462],[-87.579397,38.672475],[-87.540052,38.679143],[-87.531231,38.684036],[-87.519609,38.697198],[-87.498515,38.758983],[-87.495211,38.78306],[-87.525893,38.848795],[-87.550515,38.85956],[-87.553384,38.863344],[-87.540804,38.896385],[-87.52791,38.908209],[-87.518826,38.923205],[-87.512187,38.954417],[-87.572588,39.057286],[-87.614881,39.102655],[-87.658746,39.135997],[-87.651719,39.150602],[-87.642174,39.157097],[-87.628727,39.157427],[-87.605173,39.185897],[-87.587507,39.249282],[-87.593486,39.247452],[-87.605543,39.261122],[-87.61005,39.282232],[-87.604043,39.313526],[-87.584852,39.337329],[-87.544013,39.352907],[-87.531646,39.347888],[-87.531355,39.436656],[-87.532703,39.664868],[-87.533227,39.883127],[-87.532308,40.011587],[-87.531439,40.148027],[-87.530054,40.250671],[-87.526809,40.46217],[-87.526292,40.535409],[-87.526129,40.736885],[-87.525783,40.854357],[-87.52652,41.024837],[-87.52657,41.166097],[-87.526768,41.298177],[-87.525623,41.453619],[-87.524641,41.563335],[-87.524944,41.702635],[-87.524044,41.708335],[-87.524141,41.72399],[-87.530745,41.748235],[-87.542845,41.752135],[-87.560646,41.766034],[-87.576347,41.786034],[-87.580948,41.804334],[-87.600549,41.826833],[-87.60945,41.845233],[-87.616251,41.868933],[-87.616537,41.882396],[-87.611659,41.890708],[-87.624052,41.904232],[-87.630953,41.933132],[-87.668982,42.029142],[-87.671462,42.058334],[-87.682359,42.075729],[-87.71096,42.095328],[-87.724661,42.107727],[-87.741662,42.128227],[-87.800066,42.208024],[-87.812267,42.231823],[-87.828569,42.269922],[-87.834769,42.301522],[-87.830986,42.330317],[-87.820858,42.361584],[-87.81657,42.364621],[-87.80537,42.384721],[-87.80337,42.420621],[-87.798071,42.471721],[-87.800477,42.49192]]]}},{"type":"Feature","properties":{"NAME":"Indiana"},"geometry":{"type":"Polygon","coordinates":[[[-84.820157,39.10548],[-84.819451,39.305152],[-84.815754,39.477352],[-84.814955,39.567251],[-84.814129,39.726556],[-84.814179,39.814212],[-84.812193,39.92734],[-84.808291,40.129027],[-84.806175,40.197995],[-84.803917,40.310115],[-84.804119,40.352844],[-84.802483,40.528046],[-84.802119,40.728163],[-84.802538,40.765515],[-84.802935,40.922377],[-84.803374,41.089302],[-84.803492,41.252562],[-84.804133,41.408292],[-84.803919,41.435531],[-84.805812,41.61304],[-84.806082,41.696089],[-84.806134,41.743115],[-84.818873,41.760059],[-84.972803,41.759366],[-85.039436,41.759985],[-85.17223,41.759618],[-85.30814,41.760097],[-85.515959,41.759352],[-85.607548,41.759079],[-85.791363,41.759051],[-85.974901,41.759849],[-86.127844,41.760592],[-86.21759,41.760016],[-86.265496,41.760207],[-86.519318,41.759447],[-86.640044,41.759671],[-86.824828,41.76024],[-86.875429,41.737939],[-86.90913,41.726938],[-86.93483,41.709638],[-87.027888,41.674661],[-87.066033,41.661845],[-87.120322,41.645701],[-87.125835,41.650302],[-87.160784,41.645385],[-87.160625,41.637266],[-87.187651,41.629653],[-87.22066,41.624356],[-87.261536,41.620336],[-87.278437,41.619736],[-87.287637,41.622236],[-87.324338,41.623036],[-87.365439,41.629536],[-87.394539,41.637235],[-87.42344,41.642835],[-87.438941,41.654335],[-87.432396,41.66053],[-87.43853,41.670679],[-87.446113,41.66934],[-87.463142,41.675535],[-87.470742,41.672835],[-87.505343,41.691535],[-87.520544,41.709935],[-87.524044,41.708335],[-87.524944,41.702635],[-87.524641,41.563335],[-87.525623,41.453619],[-87.526768,41.298177],[-87.52657,41.166097],[-87.52652,41.024837],[-87.525783,40.854357],[-87.526129,40.736885],[-87.526292,40.535409],[-87.526809,40.46217],[-87.530054,40.250671],[-87.531439,40.148027],[-87.532308,40.011587],[-87.533227,39.883127],[-87.532703,39.664868],[-87.531355,39.436656],[-87.531646,39.347888],[-87.544013,39.352907],[-87.584852,39.337329],[-87.604043,39.313526],[-87.61005,39.282232],[-87.605543,39.261122],[-87.593486,39.247452],[-87.587507,39.249282],[-87.605173,39.185897],[-87.628727,39.157427],[-87.642174,39.157097],[-87.651719,39.150602],[-87.658746,39.135997],[-87.614881,39.102655],[-87.572588,39.057286],[-87.512187,38.954417],[-87.518826,38.923205],[-87.52791,38.908209],[-87.540804,38.896385],[-87.553384,38.863344],[-87.550515,38.85956],[-87.525893,38.848795],[-87.495211,38.78306],[-87.498515,38.758983],[-87.519609,38.697198],[-87.531231,38.684036],[-87.540052,38.679143],[-87.579397,38.672475],[-87.60018,38.662462],[-87.62012,38.639489],[-87.627345,38.607237],[-87.651529,38.568166],[-87.670071,38.545237],[-87.656144,38.521668],[-87.750028,38.403027],[-87.863032,38.280172],[-87.923958,38.258409],[-87.951715,38.239632],[-87.961103,38.214733],[-87.959062,38.203712],[-87.940694,38.181261],[-87.915666,38.173322],[-87.911034,38.162194],[-87.92783,38.141545],[-87.942176,38.131759],[-87.974272,38.121981],[-88.013118,38.103527],[-88.042132,38.046345],[-88.041532,38.037345],[-88.012574,37.977062],[-88.013451,37.893951],[-88.021117,37.888057],[-88.055373,37.891238],[-88.071449,37.895813],[-88.049453,37.845187],[-88.027789,37.828298],[-88.02803,37.799224],[-88.017314,37.801911],[-88.004706,37.800145],[-87.976389,37.788004],[-87.970869,37.783456],[-87.943756,37.776843],[-87.90681,37.807624],[-87.903804,37.817762],[-87.907773,37.837611],[-87.914892,37.849618],[-87.927303,37.858709],[-87.940005,37.875044],[-87.940069,37.88767],[-87.936784,37.892587],[-87.904789,37.924892],[-87.898062,37.927514],[-87.883321,37.926238],[-87.865558,37.915056],[-87.857243,37.900649],[-87.841193,37.882325],[-87.830578,37.876516],[-87.7909,37.875714],[-87.783643,37.877759],[-87.76226,37.890906],[-87.684018,37.903498],[-87.666481,37.895786],[-87.662865,37.885578],[-87.681633,37.855917],[-87.679188,37.836321],[-87.670889,37.828429],[-87.645858,37.825899],[-87.615399,37.831974],[-87.606599,37.838669],[-87.588729,37.860984],[-87.591582,37.887194],[-87.597118,37.892394],[-87.620272,37.906922],[-87.62896,37.926714],[-87.601416,37.972542],[-87.592916,37.975842],[-87.581115,37.973442],[-87.574715,37.967742],[-87.57203,37.947466],[-87.559342,37.931146],[-87.550333,37.92489],[-87.511499,37.906426],[-87.450458,37.941451],[-87.436859,37.944192],[-87.418585,37.944763],[-87.402632,37.942267],[-87.380247,37.935596],[-87.302324,37.898445],[-87.26293,37.872846],[-87.20224,37.843791],[-87.132621,37.791008],[-87.128749,37.785728],[-87.111133,37.782512],[-87.090636,37.787808],[-87.077404,37.796209],[-87.067836,37.806065],[-87.057836,37.827457],[-87.043854,37.870796],[-87.046237,37.889866],[-87.042249,37.898291],[-87.033444,37.906593],[-87.010315,37.919668],[-86.978957,37.9302],[-86.919329,37.936664],[-86.902413,37.946161],[-86.884961,37.964373],[-86.85595,37.987292],[-86.823491,37.998939],[-86.815267,37.998877],[-86.794985,37.988982],[-86.787695,37.971449],[-86.770179,37.940264],[-86.75099,37.912893],[-86.73146,37.89434],[-86.718462,37.893123],[-86.709164,37.89764],[-86.660293,37.865057],[-86.655296,37.842508],[-86.634271,37.843845],[-86.604624,37.858272],[-86.525174,37.968228],[-86.524969,38.027879],[-86.521825,38.038327],[-86.51176,38.044448],[-86.466876,38.046597],[-86.452192,38.05049],[-86.432789,38.067171],[-86.430091,38.078638],[-86.398661,38.106238],[-86.332567,38.130131],[-86.323453,38.139032],[-86.309727,38.144393],[-86.283964,38.143185],[-86.271223,38.130112],[-86.278034,38.102426],[-86.27872,38.089303],[-86.273584,38.067443],[-86.266891,38.057125],[-86.220371,38.027922],[-86.178983,38.011308],[-86.172186,38.00992],[-86.029509,37.99264],[-85.951467,38.005608],[-85.930235,38.018311],[-85.922395,38.028679],[-85.906163,38.08617],[-85.905164,38.11107],[-85.909464,38.14007],[-85.908764,38.161169],[-85.897664,38.184269],[-85.829364,38.276769],[-85.816164,38.282969],[-85.791563,38.288569],[-85.773363,38.286169],[-85.761062,38.27257],[-85.744862,38.26717],[-85.683561,38.295469],[-85.675017,38.301317],[-85.653641,38.327108],[-85.638777,38.361443],[-85.638041,38.380338],[-85.632937,38.395666],[-85.620521,38.423105],[-85.607629,38.439295],[-85.462518,38.512602],[-85.433136,38.523914],[-85.423077,38.531581],[-85.4156,38.546341],[-85.415821,38.563558],[-85.439351,38.610388],[-85.456978,38.689135],[-85.452114,38.709348],[-85.434065,38.729455],[-85.410925,38.73708],[-85.289226,38.74241],[-85.258846,38.737754],[-85.246505,38.731821],[-85.226062,38.705456],[-85.213257,38.695446],[-85.189362,38.687579],[-85.172528,38.688082],[-85.156158,38.692251],[-85.13868,38.699168],[-85.106902,38.720789],[-85.100963,38.7268],[-84.995939,38.776756],[-84.973432,38.778847],[-84.944296,38.775184],[-84.844412,38.787078],[-84.81335,38.79833],[-84.785799,38.869496],[-84.785111,38.879988],[-84.789521,38.884687],[-84.849445,39.000923],[-84.889065,39.04082],[-84.897364,39.057378],[-84.888873,39.066376],[-84.831197,39.10192],[-84.820157,39.10548]]]}},{"type":"Feature","properties":{"NAME":"Louisiana"},"geometry":{"type":"MultiPolygon","coordinates":[[[[-88.865067,29.752714],[-88.844078,29.795713],[-88.83271,29.824062],[-88.826538,29.847092],[-88.818146,29.889109],[-88.817017,29.93425],[-88.824158,29.970461],[-88.833725,29.998821],[-88.841225,30.012789],[-88.855583,30.034414],[-88.857368,30.027826],[-88.848373,30.01333],[-88.840866,29.995613],[-88.83979,29.983803],[-88.835495,29.974138],[-88.838715,29.962326],[-88.837379,29.944878],[-88.828247,29.920717],[-88.8312,29.878839],[-88.843277,29.86381],[-88.836296,29.855221],[-88.84301,29.82596],[-88.846497,29.817101],[-88.861267,29.805826],[-88.867973,29.79133],[-88.867973,29.772272],[-88.873611,29.758043],[-88.89006,29.729202],[-88.911751,29.699348],[-88.920235,29.694319],[-88.941605,29.674833],[-88.94632,29.662579],[-88.940346,29.657234],[-88.889755,29.718204],[-88.865067,29.752714]]],[[[-94.042964,33.019219],[-94.043092,32.910021],[-94.042785,32.871486],[-94.043147,32.69303],[-94.04278,32.643466],[-94.043089,32.486561],[-94.042739,32.363559],[-94.042733,32.269696],[-94.042337,32.119914],[-94.04272,31.999265],[-94.01563,31.979856],[-93.975377,31.92366],[-93.932135,31.893672],[-93.92029,31.888651],[-93.889193,31.856819],[-93.840029,31.800596],[-93.812477,31.715246],[-93.817059,31.671694],[-93.82629,31.614903],[-93.834924,31.586211],[-93.818582,31.554826],[-93.798087,31.534044],[-93.729613,31.487922],[-93.695866,31.409392],[-93.670182,31.387184],[-93.640805,31.372546],[-93.671676,31.299586],[-93.644407,31.27711],[-93.620829,31.271299],[-93.614402,31.260869],[-93.608158,31.227835],[-93.607243,31.204806],[-93.602315,31.181742],[-93.598828,31.174679],[-93.588503,31.165581],[-93.579215,31.167422],[-93.552649,31.185575],[-93.535097,31.185614],[-93.531744,31.180817],[-93.527644,31.074509],[-93.540354,31.008135],[-93.530936,30.924534],[-93.558617,30.869424],[-93.563292,30.818503],[-93.578395,30.802047],[-93.727844,30.57407],[-93.740045,30.538765],[-93.710117,30.5064],[-93.697828,30.443838],[-93.702665,30.429947],[-93.751437,30.396288],[-93.757654,30.390423],[-93.765822,30.333318],[-93.735896,30.29944],[-93.720575,30.295961],[-93.712008,30.194304],[-93.695252,30.1476],[-93.695684,30.135729],[-93.712101,30.067346],[-93.721589,30.051939],[-93.752038,30.016403],[-93.75663,30.014163],[-93.789431,29.987812],[-93.890679,29.843159],[-93.89847,29.771577],[-93.892246,29.765241],[-93.837971,29.690619],[-93.818995,29.704076],[-93.79925,29.71526],[-93.766048,29.7295],[-93.741948,29.736343],[-93.68364,29.747153],[-93.635304,29.752806],[-93.590786,29.755649],[-93.538462,29.763299],[-93.475252,29.769242],[-93.438973,29.768949],[-93.372029,29.763049],[-93.347331,29.759046],[-93.342104,29.763402],[-93.295573,29.775071],[-93.267456,29.778113],[-93.226934,29.777519],[-93.17693,29.770487],[-93.088182,29.749125],[-93.065354,29.740966],[-92.974305,29.71398],[-92.940455,29.701033],[-92.871232,29.670028],[-92.744126,29.617608],[-92.653651,29.588065],[-92.61627,29.578729],[-92.558602,29.569935],[-92.473585,29.561081],[-92.402165,29.551269],[-92.347236,29.539394],[-92.309357,29.533026],[-92.280392,29.533434],[-92.25186,29.539354],[-92.21259,29.562479],[-92.158624,29.581616],[-92.105923,29.586335],[-92.066533,29.583842],[-92.046316,29.584362],[-92.035462,29.57864],[-92.02681,29.566805],[-91.985726,29.547708],[-91.969312,29.536893],[-91.947007,29.53316],[-91.915322,29.518513],[-91.906175,29.518052],[-91.886815,29.505577],[-91.878746,29.502937],[-91.862324,29.502393],[-91.852598,29.494984],[-91.848665,29.484144],[-91.8385,29.478874],[-91.821576,29.473925],[-91.814609,29.482061],[-91.803448,29.486851],[-91.789119,29.482081],[-91.770516,29.488953],[-91.771927,29.504871],[-91.765448,29.520844],[-91.747058,29.535144],[-91.733956,29.539504],[-91.711654,29.55427],[-91.709205,29.561012],[-91.719102,29.565568],[-91.74632,29.574337],[-91.774686,29.576387],[-91.7785,29.58922],[-91.784976,29.595204],[-91.803831,29.599562],[-91.821693,29.606049],[-91.838297,29.616041],[-91.841294,29.62962],[-91.863018,29.633739],[-91.882318,29.62977],[-91.898996,29.63701],[-91.922825,29.633173],[-91.929567,29.61884],[-91.939903,29.610291],[-91.965031,29.608019],[-92.000003,29.613013],[-92.01627,29.618741],[-92.02532,29.625647],[-92.04767,29.624527],[-92.06564,29.619967],[-92.093419,29.618694],[-92.111787,29.62177],[-92.132804,29.660462],[-92.134347,29.669516],[-92.149349,29.697052],[-92.144431,29.716418],[-92.107486,29.744429],[-92.056398,29.772313],[-92.035666,29.781662],[-91.983871,29.794516],[-91.96123,29.810221],[-91.940723,29.817008],[-91.915989,29.815654],[-91.90689,29.83094],[-91.889118,29.836023],[-91.869998,29.828328],[-91.854677,29.807436],[-91.859151,29.783331],[-91.874761,29.760083],[-91.879748,29.742668],[-91.87557,29.722471],[-91.88075,29.710839],[-91.85864,29.703121],[-91.845962,29.708763],[-91.830499,29.718918],[-91.783674,29.740689],[-91.752259,29.748264],[-91.737253,29.74937],[-91.710935,29.738993],[-91.667128,29.745822],[-91.632829,29.742576],[-91.621512,29.735429],[-91.61809,29.720694],[-91.618479,29.710816],[-91.623829,29.69924],[-91.626826,29.684753],[-91.625114,29.671679],[-91.627286,29.662132],[-91.637344,29.647217],[-91.648941,29.633635],[-91.625114,29.626195],[-91.600179,29.631156],[-91.581843,29.637165],[-91.560908,29.63735],[-91.553537,29.632766],[-91.541974,29.594353],[-91.537445,29.565888],[-91.529217,29.558598],[-91.52584,29.545946],[-91.531021,29.531543],[-91.517274,29.52974],[-91.468748,29.544299],[-91.447345,29.544749],[-91.432337,29.53283],[-91.42713,29.520215],[-91.420449,29.515745],[-91.402214,29.511914],[-91.356625,29.515191],[-91.34588,29.504538],[-91.343567,29.492593],[-91.335742,29.485886],[-91.294325,29.476894],[-91.2813,29.481547],[-91.265649,29.472362],[-91.260024,29.462102],[-91.258226,29.446954],[-91.24164,29.441021],[-91.221166,29.436421],[-91.211999,29.420931],[-91.218463,29.407235],[-91.200087,29.38955],[-91.197465,29.369882],[-91.207299,29.360703],[-91.222377,29.360703],[-91.238515,29.371999],[-91.249109,29.369864],[-91.266589,29.361218],[-91.274308,29.344878],[-91.276647,29.329825],[-91.291821,29.311357],[-91.309314,29.305698],[-91.33275,29.305816],[-91.334885,29.298775],[-91.302677,29.265958],[-91.278792,29.247776],[-91.219032,29.226051],[-91.199647,29.221287],[-91.129141,29.215863],[-91.11476,29.207918],[-91.094015,29.187711],[-91.05863,29.181734],[-91.031786,29.182188],[-91.023955,29.174784],[-91.000096,29.169481],[-90.981458,29.171211],[-90.961278,29.180817],[-90.948091,29.174104],[-90.941877,29.162373],[-90.925797,29.153116],[-90.898215,29.131342],[-90.885351,29.117016],[-90.877583,29.104891],[-90.867766,29.095434],[-90.862757,29.094863],[-90.844593,29.06728],[-90.841226,29.054266],[-90.844849,29.048721],[-90.839345,29.039167],[-90.811473,29.03658],[-90.79768,29.039741],[-90.755677,29.038997],[-90.730899,29.042259],[-90.648058,29.062649],[-90.637495,29.066608],[-90.63924,29.072848],[-90.665589,29.06723],[-90.683645,29.060944],[-90.702102,29.060275],[-90.709105,29.064305],[-90.7253,29.066616],[-90.750092,29.053247],[-90.765188,29.049403],[-90.781981,29.049431],[-90.79872,29.054841],[-90.803699,29.063709],[-90.802053,29.083322],[-90.799444,29.087377],[-90.773458,29.100133],[-90.764189,29.113374],[-90.731239,29.122886],[-90.718035,29.116611],[-90.700893,29.12147],[-90.677724,29.118742],[-90.647042,29.12858],[-90.636973,29.164572],[-90.645612,29.175867],[-90.640223,29.196554],[-90.633819,29.209128],[-90.624161,29.210366],[-90.618413,29.20329],[-90.575277,29.206827],[-90.560889,29.204261],[-90.55739,29.207881],[-90.556501,29.219913],[-90.544311,29.224292],[-90.544547,29.230683],[-90.565378,29.242475],[-90.583924,29.242886],[-90.589724,29.248521],[-90.582525,29.276037],[-90.565436,29.285111],[-90.552005,29.278512],[-90.526216,29.276492],[-90.510555,29.290925],[-90.495299,29.287277],[-90.472779,29.272556],[-90.452186,29.26625],[-90.450674,29.263739],[-90.462866,29.249809],[-90.46832,29.227532],[-90.490987,29.220883],[-90.494928,29.216713],[-90.485786,29.209843],[-90.467233,29.202549],[-90.472489,29.192688],[-90.443954,29.19583],[-90.432912,29.188132],[-90.408578,29.196421],[-90.399465,29.201046],[-90.383857,29.235606],[-90.387924,29.252786],[-90.372565,29.258923],[-90.367012,29.264956],[-90.367166,29.274128],[-90.332796,29.276956],[-90.316093,29.264777],[-90.311523,29.256374],[-90.311663,29.237954],[-90.286621,29.225694],[-90.271251,29.204639],[-90.275851,29.193668],[-90.2828,29.192545],[-90.293183,29.199789],[-90.300885,29.196171],[-90.302846,29.175098],[-90.297,29.171317],[-90.27832,29.150691],[-90.280516,29.142521],[-90.26901,29.139242],[-90.248629,29.13837],[-90.234405,29.128824],[-90.234235,29.110268],[-90.250044,29.108067],[-90.253141,29.093772],[-90.29293,29.078761],[-90.325514,29.075138],[-90.349891,29.063681],[-90.343293,29.057062],[-90.245283,29.085824],[-90.231984,29.08773],[-90.223587,29.085075],[-90.174273,29.105301],[-90.104162,29.150407],[-90.079276,29.16997],[-90.058512,29.183687],[-90.022029,29.216065],[-89.95646,29.253744],[-89.951175,29.266124],[-89.959509,29.267677],[-89.969981,29.255753],[-90.005718,29.240627],[-90.019772,29.231903],[-90.04291,29.211765],[-90.070622,29.208698],[-90.073355,29.210611],[-90.073355,29.227282],[-90.096038,29.240673],[-90.101231,29.259804],[-90.086747,29.259257],[-90.070622,29.262537],[-90.060511,29.267729],[-90.057094,29.281331],[-90.043293,29.282487],[-90.032088,29.280027],[-90.016288,29.284257],[-90.009678,29.294785],[-90.013778,29.30271],[-90.028536,29.307083],[-90.034275,29.322661],[-90.031815,29.344251],[-90.036374,29.363661],[-90.030761,29.375043],[-90.029468,29.388136],[-90.033295,29.393274],[-90.031536,29.412545],[-90.032298,29.427005],[-90.01251,29.462775],[-89.991961,29.463536],[-89.964563,29.434615],[-89.95543,29.428527],[-89.932598,29.429288],[-89.918999,29.444254],[-89.902179,29.460011],[-89.876224,29.472168],[-89.849642,29.477996],[-89.83442,29.470386],[-89.833659,29.456686],[-89.836773,29.45404],[-89.845075,29.434615],[-89.843553,29.421677],[-89.826049,29.415589],[-89.819199,29.404173],[-89.816916,29.384385],[-89.835,29.359043],[-89.847124,29.349186],[-89.855109,29.334997],[-89.850305,29.311768],[-89.819859,29.310241],[-89.782149,29.311132],[-89.726162,29.304026],[-89.671781,29.289028],[-89.606651,29.252023],[-89.5366,29.236212],[-89.482844,29.215053],[-89.47231,29.20755],[-89.455829,29.190991],[-89.447472,29.178576],[-89.432932,29.149023],[-89.417718,29.13869],[-89.409371,29.127855],[-89.411154,29.105838],[-89.405654,29.086936],[-89.374522,29.084174],[-89.354798,29.072543],[-89.339828,29.052221],[-89.334735,29.040335],[-89.375049,28.985368],[-89.398104,28.977016],[-89.412388,28.957504],[-89.419865,28.929709],[-89.41148,28.925011],[-89.383814,28.947434],[-89.338249,29.012935],[-89.32485,29.013805],[-89.315182,29.032662],[-89.315389,29.039081],[-89.29109,29.053097],[-89.259354,29.058358],[-89.25364,29.064954],[-89.256869,29.0738],[-89.254726,29.083261],[-89.23631,29.084605],[-89.225865,29.07866],[-89.217201,29.067275],[-89.216101,29.056371],[-89.211144,29.040813],[-89.202563,29.031603],[-89.189893,29.032635],[-89.18215,29.025486],[-89.186061,29.017993],[-89.16985,29.008703],[-89.164788,29.008703],[-89.156339,29.028782],[-89.143453,29.047591],[-89.121542,29.069074],[-89.105009,29.073641],[-89.09126,29.066931],[-89.062335,29.070234],[-89.055475,29.084167],[-89.051953,29.106554],[-89.026031,29.130126],[-89.024149,29.137298],[-89.032004,29.144747],[-89.03873,29.14238],[-89.047233,29.157833],[-89.043919,29.162528],[-89.024269,29.170043],[-89.013254,29.16328],[-89.00529,29.164949],[-89.000674,29.180091],[-89.015192,29.211561],[-89.029103,29.220956],[-89.067371,29.208636],[-89.068265,29.204166],[-89.090724,29.199992],[-89.10065,29.206314],[-89.106244,29.215912],[-89.105833,29.231608],[-89.095544,29.238028],[-89.100106,29.25022],[-89.129688,29.265632],[-89.136979,29.275239],[-89.134337,29.27934],[-89.140275,29.291085],[-89.157593,29.296691],[-89.165015,29.303039],[-89.178221,29.32697],[-89.179547,29.339608],[-89.200599,29.347672],[-89.204703,29.338674],[-89.219734,29.324412],[-89.224192,29.313792],[-89.24087,29.310081],[-89.253545,29.322802],[-89.257852,29.336872],[-89.272543,29.351195],[-89.283028,29.356467],[-89.303766,29.357455],[-89.32317,29.343982],[-89.350694,29.349544],[-89.347615,29.365],[-89.336589,29.378228],[-89.340304,29.381412],[-89.355528,29.381569],[-89.373109,29.387175],[-89.380001,29.391785],[-89.42238,29.390628],[-89.457303,29.393148],[-89.470142,29.401471],[-89.47714,29.411241],[-89.482318,29.406222],[-89.487308,29.393346],[-89.508551,29.386168],[-89.518368,29.40023],[-89.531943,29.425679],[-89.53215,29.434567],[-89.528429,29.454702],[-89.548686,29.465723],[-89.574653,29.4411],[-89.577096,29.433692],[-89.589536,29.437662],[-89.596533,29.456303],[-89.617558,29.468298],[-89.63533,29.489294],[-89.644039,29.492343],[-89.665813,29.49002],[-89.693877,29.508559],[-89.700501,29.515967],[-89.699698,29.523423],[-89.681092,29.534487],[-89.684486,29.551073],[-89.684486,29.563263],[-89.668648,29.580322],[-89.671082,29.588243],[-89.684486,29.602867],[-89.688141,29.615055],[-89.684486,29.624804],[-89.674736,29.626633],[-89.657677,29.624195],[-89.647324,29.625414],[-89.641228,29.635773],[-89.641228,29.647961],[-89.64975,29.672941],[-89.644272,29.675381],[-89.632698,29.671724],[-89.621109,29.657101],[-89.608925,29.657707],[-89.583336,29.652834],[-89.535202,29.648567],[-89.523018,29.639427],[-89.504738,29.631508],[-89.486931,29.620447],[-89.487915,29.630405],[-89.53376,29.670204],[-89.55732,29.670204],[-89.573883,29.674025],[-89.596802,29.684212],[-89.599663,29.690262],[-89.592979,29.702042],[-89.59903,29.704908],[-89.618446,29.700768],[-89.644562,29.710957],[-89.649651,29.719872],[-89.651237,29.749479],[-89.634048,29.752981],[-89.598068,29.74757],[-89.572922,29.746616],[-89.560181,29.735472],[-89.540131,29.74375],[-89.530258,29.74375],[-89.506065,29.731651],[-89.486961,29.72592],[-89.471992,29.718597],[-89.44812,29.703316],[-89.42421,29.697638],[-89.428207,29.74155],[-89.414536,29.752371],[-89.399162,29.770592],[-89.394608,29.784828],[-89.386063,29.788815],[-89.367271,29.775148],[-89.354179,29.781412],[-89.337662,29.779135],[-89.325134,29.772301],[-89.316025,29.760912],[-89.305199,29.756926],[-89.271034,29.756355],[-89.269325,29.760912],[-89.284706,29.770021],[-89.284134,29.795649],[-89.277298,29.799635],[-89.277298,29.807608],[-89.293251,29.803053],[-89.318306,29.788815],[-89.33197,29.790524],[-89.342781,29.798496],[-89.345634,29.820135],[-89.372971,29.82526],[-89.383217,29.830385],[-89.383789,29.838928],[-89.363289,29.84576],[-89.317726,29.850885],[-89.294952,29.857149],[-89.269897,29.859997],[-89.254517,29.864552],[-89.236298,29.877081],[-89.236298,29.886763],[-89.241425,29.88961],[-89.272179,29.886763],[-89.289253,29.880499],[-89.311462,29.881636],[-89.322289,29.887333],[-89.318306,29.898149],[-89.280144,29.924915],[-89.263062,29.929472],[-89.244843,29.93004],[-89.231178,29.925484],[-89.22377,29.961929],[-89.218071,29.97275],[-89.249969,29.975597],[-89.243706,29.997236],[-89.250534,30.002361],[-89.273315,29.99382],[-89.283562,29.97332],[-89.315453,29.923208],[-89.331894,29.91585],[-89.368019,29.911491],[-89.378601,29.919588],[-89.379227,29.963804],[-89.393555,29.966295],[-89.40538,29.965672],[-89.432785,29.978752],[-89.432785,30.008022],[-89.41597,30.020477],[-89.393555,30.029818],[-89.381096,30.030441],[-89.372375,30.036671],[-89.368637,30.047256],[-89.372375,30.054729],[-89.418465,30.049747],[-89.429047,30.05224],[-89.444618,30.060959],[-89.458946,30.06345],[-89.481926,30.079128],[-89.493484,30.072191],[-89.499275,30.058893],[-89.494637,30.0508],[-89.494064,30.040972],[-89.501587,30.034037],[-89.551292,30.005709],[-89.571533,29.999926],[-89.58136,29.994722],[-89.574425,29.983738],[-89.574997,29.959455],[-89.583099,29.945581],[-89.583099,29.931705],[-89.592346,29.917253],[-89.591194,29.897018],[-89.598129,29.881409],[-89.613159,29.87216],[-89.638016,29.864065],[-89.660568,29.862909],[-89.671555,29.867535],[-89.692004,29.868722],[-89.711158,29.879287],[-89.742479,29.90817],[-89.746273,29.928221],[-89.742727,29.935894],[-89.736311,29.936263],[-89.71291,29.946349],[-89.727933,29.95878],[-89.748492,29.945831],[-89.775459,29.937416],[-89.804463,29.932588],[-89.81803,29.934145],[-89.8385,29.945816],[-89.844202,29.955645],[-89.852312,29.97765],[-89.857558,30.004439],[-89.839926,30.024153],[-89.818561,30.043328],[-89.782534,30.045372],[-89.763216,30.042108],[-89.746506,30.0326],[-89.733323,30.022054],[-89.724649,30.022454],[-89.7163,30.02811],[-89.731544,30.04969],[-89.727453,30.062661],[-89.712942,30.069088],[-89.698496,30.070491],[-89.683712,30.076018],[-89.682181,30.091536],[-89.678163,30.108286],[-89.669182,30.110667],[-89.656986,30.118381],[-89.640989,30.138612],[-89.617542,30.156422],[-89.587062,30.150648],[-89.562825,30.168667],[-89.537493,30.171745],[-89.524504,30.180753],[-89.572654,30.180897],[-89.580754,30.186197],[-89.607655,30.217096],[-89.64344,30.287682],[-89.640694,30.301313],[-89.629877,30.321017],[-89.629941,30.339449],[-89.68341,30.451793],[-89.724614,30.491902],[-89.732577,30.492502],[-89.76057,30.515761],[-89.806843,30.572039],[-89.823384,30.608535],[-89.842596,30.666038],[-89.826175,30.736594],[-89.789863,30.851527],[-89.77341,30.897693],[-89.756543,30.900431],[-89.744789,30.918933],[-89.728382,30.971141],[-89.728147,31.002431],[-89.732504,31.004831],[-89.752642,31.001853],[-89.856862,31.002075],[-89.923119,31.001446],[-89.97543,31.001692],[-90.029574,31.00119],[-90.164676,31.00098],[-90.369371,31.000335],[-90.422117,30.99981],[-90.567195,30.999733],[-90.734473,30.999214],[-90.826027,30.99936],[-91.060217,30.998935],[-91.224839,30.999183],[-91.423621,30.998984],[-91.636942,30.999416],[-91.58467,31.020185],[-91.571695,31.029782],[-91.562468,31.043213],[-91.559907,31.054119],[-91.56415,31.06683],[-91.577373,31.078179],[-91.604197,31.154545],[-91.59849,31.205485],[-91.574493,31.261289],[-91.547588,31.264444],[-91.522397,31.273423],[-91.515614,31.27821],[-91.508858,31.291644],[-91.51982,31.311228],[-91.539904,31.337336],[-91.541242,31.35675],[-91.525386,31.378904],[-91.513795,31.386875],[-91.505093,31.400933],[-91.500406,31.419008],[-91.505301,31.432945],[-91.51513,31.449206],[-91.52292,31.519841],[-91.511217,31.532612],[-91.479718,31.530366],[-91.450017,31.539666],[-91.422691,31.55439],[-91.415482,31.567006],[-91.425094,31.57782],[-91.44862,31.583032],[-91.470754,31.58563],[-91.477362,31.592239],[-91.477963,31.610863],[-91.474959,31.621677],[-91.464746,31.628886],[-91.45273,31.63129],[-91.42209,31.63129],[-91.404668,31.637898],[-91.398059,31.655922],[-91.400115,31.688164],[-91.397915,31.709364],[-91.365084,31.752743],[-91.363714,31.780363],[-91.359514,31.799362],[-91.345714,31.842861],[-91.338414,31.851261],[-91.326914,31.854961],[-91.293413,31.86016],[-91.248144,31.869848],[-91.128009,31.985857],[-91.034707,32.101053],[-91.027535,32.113431],[-91.026931,32.123737],[-91.034447,32.134832],[-91.046615,32.138768],[-91.067004,32.132144],[-91.131403,32.126213],[-91.162822,32.132694],[-91.171702,32.14425],[-91.174552,32.154978],[-91.171046,32.176526],[-91.164171,32.196888],[-91.158026,32.201956],[-91.133587,32.213432],[-91.046507,32.241149],[-91.039007,32.242349],[-91.021507,32.236149],[-91.006306,32.22415],[-91.004557,32.215381],[-90.905173,32.315497],[-90.898588,32.329094],[-90.901511,32.337864],[-90.986672,32.35176],[-91.000106,32.357695],[-91.004506,32.368144],[-90.99408,32.403862],[-91.029606,32.433542],[-91.052907,32.438442],[-91.070207,32.445141],[-91.095308,32.458741],[-91.108808,32.47204],[-91.116008,32.48314],[-91.116708,32.500139],[-91.097878,32.544752],[-91.089436,32.553306],[-91.090771,32.563978],[-91.096774,32.576652],[-91.104111,32.584657],[-91.127912,32.586493],[-91.141148,32.597209],[-91.151318,32.615919],[-91.153821,32.631282],[-91.152081,32.641508],[-91.118258,32.674075],[-91.098762,32.685291],[-91.076061,32.693751],[-91.063946,32.702926],[-91.057043,32.712576],[-91.054481,32.722259],[-91.060766,32.727494],[-91.077176,32.732534],[-91.123152,32.742798],[-91.154461,32.742339],[-91.165328,32.751301],[-91.164397,32.785821],[-91.161669,32.812465],[-91.158336,32.822304],[-91.145002,32.84287],[-91.127886,32.855059],[-91.105631,32.858396],[-91.086683,32.873392],[-91.070602,32.888659],[-91.063809,32.903709],[-91.063974,32.924113],[-91.086802,32.976266],[-91.094265,32.984371],[-91.106581,32.988938],[-91.134414,32.980533],[-91.138585,32.971352],[-91.130947,32.963815],[-91.132115,32.923122],[-91.145076,32.905494],[-91.159975,32.899879],[-91.175405,32.899998],[-91.196785,32.906784],[-91.208263,32.915354],[-91.214027,32.93032],[-91.201842,32.961212],[-91.166073,33.004106],[-91.265018,33.005084],[-91.425466,33.006016],[-91.572326,33.006908],[-91.62667,33.006639],[-91.950001,33.00752],[-92.069105,33.008163],[-92.222825,33.00908],[-92.37029,33.010717],[-92.503776,33.012161],[-92.711289,33.014307],[-92.971137,33.017192],[-93.070686,33.017792],[-93.238607,33.017992],[-93.377134,33.018234],[-93.531499,33.018643],[-93.814553,33.019372],[-94.042964,33.019219]]]]}},{"type":"Feature","properties":{"NAME":"Minnesota"},"geometry":{"type":"Polygon","coordinates":[[[-91.217706,43.50055],[-91.265091,43.609977],[-91.268748,43.615348],[-91.273316,43.668307],[-91.262436,43.792166],[-91.284138,43.847065],[-91.298815,43.856555],[-91.310991,43.867381],[-91.363242,43.926563],[-91.432522,43.996827],[-91.463515,44.009041],[-91.505918,44.018651],[-91.547028,44.022226],[-91.580019,44.026925],[-91.59207,44.031372],[-91.67252,44.091286],[-91.721552,44.130342],[-91.740871,44.133918],[-91.808064,44.159262],[-91.875158,44.200575],[-91.892698,44.231105],[-91.887189,44.252513],[-91.918625,44.322671],[-91.92559,44.333548],[-91.9636,44.362112],[-91.972493,44.36676],[-92.046285,44.394398],[-92.115296,44.416056],[-92.221083,44.440386],[-92.233897,44.446334],[-92.24201,44.454254],[-92.276784,44.473649],[-92.291005,44.485464],[-92.302215,44.500298],[-92.303046,44.518646],[-92.319938,44.54494],[-92.340058,44.555273],[-92.357313,44.55848],[-92.491773,44.566003],[-92.534186,44.570375],[-92.549685,44.576],[-92.619774,44.629214],[-92.621733,44.638983],[-92.632105,44.649027],[-92.737259,44.717155],[-92.802402,44.745167],[-92.784443,44.793958],[-92.765461,44.836202],[-92.750645,44.937299],[-92.768606,45.008016],[-92.791206,45.045698],[-92.792875,45.078489],[-92.76713,45.194165],[-92.760615,45.278827],[-92.751735,45.292667],[-92.732594,45.304224],[-92.704794,45.326526],[-92.664102,45.393309],[-92.680234,45.464344],[-92.72623,45.531085],[-92.803432,45.5625],[-92.823309,45.560934],[-92.871082,45.567581],[-92.883749,45.575483],[-92.886421,45.594881],[-92.888114,45.628377],[-92.883987,45.65487],[-92.869193,45.717568],[-92.863703,45.72182],[-92.841051,45.730024],[-92.803971,45.749805],[-92.784621,45.764196],[-92.76843,45.79801],[-92.76249,45.819239],[-92.734039,45.868108],[-92.721128,45.883805],[-92.707702,45.894901],[-92.656125,45.924442],[-92.443285,46.014648],[-92.326877,46.066618],[-92.294033,46.074377],[-92.29353,46.113824],[-92.293857,46.180073],[-92.292999,46.321894],[-92.29286,46.41722],[-92.291597,46.624941],[-92.292192,46.663242],[-92.269948,46.65193],[-92.242493,46.649241],[-92.212392,46.649941],[-92.202292,46.655041],[-92.187592,46.678941],[-92.187795,46.690185],[-92.196575,46.7021],[-92.189091,46.717541],[-92.11659,46.74864],[-92.08949,46.74924],[-92.03399,46.708939],[-92.01529,46.706469],[-92.025789,46.710839],[-92.06449,46.745439],[-92.088289,46.773639],[-92.094089,46.787839],[-92.086089,46.794339],[-92.062088,46.804038],[-92.058888,46.809938],[-92.013405,46.833727],[-91.997987,46.838737],[-91.985086,46.849637],[-91.952985,46.867037],[-91.914984,46.883836],[-91.906483,46.891236],[-91.883238,46.905728],[-91.871286,46.908352],[-91.841349,46.925215],[-91.826068,46.927199],[-91.806851,46.933727],[-91.780675,46.945881],[-91.7773,46.951799],[-91.737098,46.982853],[-91.704649,47.005246],[-91.666477,47.014297],[-91.644564,47.026491],[-91.637164,47.040429],[-91.613173,47.059192],[-91.591508,47.068684],[-91.573817,47.089917],[-91.518793,47.108121],[-91.497902,47.122579],[-91.477351,47.125667],[-91.456965,47.139156],[-91.452031,47.145158],[-91.418805,47.172152],[-91.398455,47.183916],[-91.387021,47.187293],[-91.374191,47.1978],[-91.357803,47.206743],[-91.35385,47.212686],[-91.326019,47.238993],[-91.288478,47.26596],[-91.270697,47.277134],[-91.262512,47.27929],[-91.250163,47.29049],[-91.238658,47.304976],[-91.206248,47.329182],[-91.188772,47.340082],[-91.170037,47.366266],[-91.156513,47.378816],[-91.146958,47.381464],[-91.131268,47.393567],[-91.128131,47.399619],[-91.106218,47.411806],[-91.097569,47.413888],[-91.077712,47.428767],[-91.045646,47.456525],[-91.032945,47.458236],[-91.023124,47.464964],[-90.939072,47.514532],[-90.919375,47.519784],[-90.907494,47.532873],[-90.86827,47.5569],[-90.735927,47.624343],[-90.686382,47.643594],[-90.647837,47.656176],[-90.584954,47.68074],[-90.551291,47.690266],[-90.537105,47.703055],[-90.458365,47.7214],[-90.441912,47.726404],[-90.437712,47.731612],[-90.42139,47.73515],[-90.393823,47.738271],[-90.386234,47.7411],[-90.332686,47.746387],[-90.330254,47.750892],[-90.313958,47.756681],[-90.295952,47.759054],[-90.248794,47.772763],[-90.229145,47.776198],[-90.187636,47.77813],[-90.178755,47.786414],[-90.16079,47.792807],[-90.132078,47.79572],[-90.1168,47.79538],[-90.08816,47.803041],[-90.075559,47.803303],[-90.072025,47.811105],[-90.042761,47.817568],[-90.01373,47.821373],[-89.974296,47.830514],[-89.933899,47.84676],[-89.930844,47.857723],[-89.923649,47.862062],[-89.87158,47.874194],[-89.85396,47.873997],[-89.793539,47.891358],[-89.758714,47.906993],[-89.737539,47.918183],[-89.72973,47.925245],[-89.697619,47.941288],[-89.660616,47.951216],[-89.639545,47.95359],[-89.640129,47.96793],[-89.631825,47.980039],[-89.624559,47.983153],[-89.611412,47.980731],[-89.58823,47.9662],[-89.572315,47.967238],[-89.555015,47.974849],[-89.551555,47.987305],[-89.541521,47.992841],[-89.495344,48.002356],[-89.489226,48.014528],[-89.564288,48.00293],[-89.655793,48.007532],[-89.687891,48.010826],[-89.724184,48.019818],[-89.749314,48.023325],[-89.763967,48.022969],[-89.819802,48.015099],[-89.847571,47.992442],[-89.873286,47.985419],[-89.897414,47.987599],[-89.968255,48.014482],[-89.99305,48.028404],[-89.996702,48.035391],[-89.993822,48.049027],[-89.997852,48.057567],[-90.023595,48.084708],[-90.073873,48.101138],[-90.091639,48.10463],[-90.1239,48.107131],[-90.136191,48.112136],[-90.176605,48.112445],[-90.312386,48.1053],[-90.330052,48.102399],[-90.344234,48.094447],[-90.403219,48.105114],[-90.452022,48.105006],[-90.495637,48.099444],[-90.569763,48.106951],[-90.751608,48.090968],[-90.761625,48.098283],[-90.776133,48.122481],[-90.793841,48.135569],[-90.789776,48.143472],[-90.804207,48.177833],[-90.839176,48.239511],[-90.847352,48.244443],[-90.88548,48.245784],[-90.976955,48.219452],[-91.035858,48.189436],[-91.138482,48.151458],[-91.140773,48.147689],[-91.176181,48.125811],[-91.250112,48.084087],[-91.26638,48.078713],[-91.290215,48.073945],[-91.328738,48.070588],[-91.340159,48.073236],[-91.488067,48.068111],[-91.569746,48.093348],[-91.641062,48.097703],[-91.71185,48.114598],[-91.699336,48.144728],[-91.710519,48.193898],[-91.714931,48.19913],[-91.742313,48.204491],[-91.789693,48.197829],[-91.867641,48.218341],[-91.907597,48.238183],[-91.954397,48.251199],[-91.977486,48.24634],[-91.989545,48.260214],[-92.030872,48.325824],[-92.055228,48.359213],[-92.26228,48.354933],[-92.288994,48.342991],[-92.304561,48.322977],[-92.306309,48.316442],[-92.301451,48.288608],[-92.295053,48.276587],[-92.325304,48.23703],[-92.384387,48.242914],[-92.415121,48.293841],[-92.456325,48.414204],[-92.507285,48.447875],[-92.537202,48.447703],[-92.575636,48.440827],[-92.656027,48.436709],[-92.687998,48.443889],[-92.712562,48.463013],[-92.698824,48.494892],[-92.684866,48.497611],[-92.661418,48.496557],[-92.636696,48.499428],[-92.625739,48.518189],[-92.634931,48.542873],[-92.657881,48.546263],[-92.728046,48.53929],[-92.980484,48.624915],[-93.088438,48.627597],[-93.14242,48.624924],[-93.17999,48.624926],[-93.207398,48.642474],[-93.254854,48.642784],[-93.347528,48.62662],[-93.367025,48.608283],[-93.40366,48.607593],[-93.464308,48.591792],[-93.466007,48.587291],[-93.456675,48.561834],[-93.460798,48.550552],[-93.467504,48.545664],[-93.544361,48.529109],[-93.662337,48.515708],[-93.756483,48.515366],[-93.794454,48.516021],[-93.815178,48.526508],[-93.818375,48.534442],[-93.811201,48.542385],[-93.805369,48.568393],[-93.806763,48.577616],[-93.822644,48.609067],[-93.834323,48.624954],[-93.840754,48.628548],[-94.052452,48.64402],[-94.126336,48.644447],[-94.224276,48.649527],[-94.250497,48.656654],[-94.251169,48.683514],[-94.260541,48.696381],[-94.290737,48.707747],[-94.308446,48.710239],[-94.388848,48.711945],[-94.416191,48.710948],[-94.468728,48.696324],[-94.533057,48.701262],[-94.628854,48.738789],[-94.690889,48.778066],[-94.690246,48.863363],[-94.683069,48.883929],[-94.718932,48.999991],[-94.750218,48.999992],[-94.750221,49.099763],[-94.773223,49.120733],[-94.797527,49.197791],[-94.824291,49.308834],[-94.909273,49.350176],[-94.957465,49.370186],[-94.988908,49.368897],[-95.014415,49.356405],[-95.058404,49.35317],[-95.126467,49.369439],[-95.153314,49.384358],[-95.153309,49.18488],[-95.153711,48.998903],[-95.368698,48.998729],[-96.405412,48.99982],[-97.229039,49.000687],[-97.234005,48.99747],[-97.238387,48.982631],[-97.239155,48.967596],[-97.23261,48.946561],[-97.199549,48.881183],[-97.157797,48.78768],[-97.137571,48.749191],[-97.092606,48.682033],[-97.163105,48.543855],[-97.150541,48.539449],[-97.12677,48.520191],[-97.123399,48.421201],[-97.131479,48.406586],[-97.145693,48.397431],[-97.136373,48.352393],[-97.126745,48.34214],[-97.115581,48.323928],[-97.11657,48.279661],[-97.12993,48.249731],[-97.14717,48.242966],[-97.14751,48.170572],[-97.123135,48.109497],[-97.098275,48.07131],[-97.088158,48.059515],[-97.023156,47.873978],[-97.000356,47.860915],[-96.980391,47.815662],[-96.88574,47.664266],[-96.850955,47.598287],[-96.84243,47.508225],[-96.853286,47.503881],[-96.862312,47.422333],[-96.852676,47.374973],[-96.832946,47.237588],[-96.824807,47.124968],[-96.82318,46.999965],[-96.823222,46.970861],[-96.791558,46.934264],[-96.780258,46.928263],[-96.767458,46.905163],[-96.802013,46.812464],[-96.784205,46.686768],[-96.783003,46.630405],[-96.739054,46.543708],[-96.716438,46.444567],[-96.721999,46.439986],[-96.669794,46.384644],[-96.631586,46.353752],[-96.598233,46.312563],[-96.599087,46.263701],[-96.585647,46.177309],[-96.578362,46.170112],[-96.557952,46.102442],[-96.554835,46.084824],[-96.55694,46.064601],[-96.566295,46.051416],[-96.57794,46.026874],[-96.57035,45.963595],[-96.56328,45.935238],[-96.564317,45.921074],[-96.569069,45.914785],[-96.568281,45.891203],[-96.576544,45.839945],[-96.583085,45.820024],[-96.652226,45.746809],[-96.672665,45.732336],[-96.711157,45.717561],[-96.745086,45.701576],[-96.835769,45.649648],[-96.844211,45.639583],[-96.857751,45.605962],[-96.784863,45.5413],[-96.76528,45.521414],[-96.745487,45.488712],[-96.732739,45.458737],[-96.692541,45.417338],[-96.680454,45.410499],[-96.617726,45.408092],[-96.521787,45.375645],[-96.489065,45.357071],[-96.454094,45.301546],[-96.453067,45.298115],[-96.452315,45.208986],[-96.452347,44.962734],[-96.45156,44.805569],[-96.451543,44.703135],[-96.451888,44.544058],[-96.451816,44.460402],[-96.452372,44.325991],[-96.452774,44.19678],[-96.453389,43.97806],[-96.453183,43.87865],[-96.45338,43.689637],[-96.453049,43.500415],[-96.351059,43.500333],[-96.053163,43.500176],[-95.861152,43.499966],[-95.740813,43.499894],[-95.514774,43.499865],[-95.454706,43.500563],[-95.374737,43.500314],[-95.250969,43.500464],[-95.214938,43.500885],[-94.99446,43.500523],[-94.854555,43.500614],[-94.615916,43.500544],[-94.47042,43.50034],[-94.247965,43.500333],[-94.092894,43.500302],[-93.970762,43.499605],[-93.795793,43.49952],[-93.49735,43.499456],[-93.2718,43.499356],[-93.049192,43.499571],[-92.790317,43.499567],[-92.752088,43.500084],[-92.649194,43.500049],[-92.40613,43.500476],[-92.279084,43.500436],[-92.178863,43.500713],[-91.949879,43.500485],[-91.77929,43.500803],[-91.651396,43.500454],[-91.369325,43.500827],[-91.217706,43.50055]]]}},{"type":"Feature","properties":{"NAME":"Mississippi"},"geometry":{"type":"MultiPolygon","coordinates":[[[[-89.095623,30.231767],[-89.156738,30.230699],[-89.118222,30.223343],[-89.091469,30.202305],[-89.073538,30.223318],[-89.077259,30.23168],[-89.095623,30.231767]]],[[[-88.90037,30.224576],[-88.87366,30.241748],[-88.889797,30.239665],[-88.908885,30.225437],[-88.920511,30.220578],[-88.947872,30.214179],[-88.976811,30.210987],[-88.974672,30.207391],[-88.945498,30.209646],[-88.909752,30.220405],[-88.90037,30.224576]]],[[[-88.506999,30.214348],[-88.493523,30.205945],[-88.453654,30.196584],[-88.428301,30.198511],[-88.404581,30.206162],[-88.401466,30.210172],[-88.430332,30.208548],[-88.442654,30.202314],[-88.465713,30.20254],[-88.500011,30.214044],[-88.506999,30.214348]]],[[[-88.710719,30.250799],[-88.718104,30.252931],[-88.73255,30.246322],[-88.771991,30.245523],[-88.752782,30.238803],[-88.740647,30.238665],[-88.71183,30.242662],[-88.665857,30.228847],[-88.633743,30.226342],[-88.587424,30.219154],[-88.573044,30.22264],[-88.656804,30.233956],[-88.710719,30.250799]]],[[[-88.200064,34.995634],[-88.380508,34.99561],[-88.469877,34.996033],[-88.786612,34.995252],[-89.017128,34.994649],[-89.138997,34.99433],[-89.352679,34.99442],[-89.493739,34.994361],[-89.511153,34.994755],[-89.644282,34.995293],[-89.795187,34.994293],[-89.893402,34.994356],[-90.309297,34.995694],[-90.253969,34.954988],[-90.244476,34.937596],[-90.250095,34.90732],[-90.307384,34.846195],[-90.414864,34.831846],[-90.423879,34.834606],[-90.436431,34.85506],[-90.461451,34.856728],[-90.473961,34.852558],[-90.478131,34.832542],[-90.467289,34.782502],[-90.479799,34.769158],[-90.494811,34.76749],[-90.519831,34.782502],[-90.537345,34.78417],[-90.549855,34.76332],[-90.554859,34.727458],[-90.533175,34.707442],[-90.509823,34.689928],[-90.508989,34.679086],[-90.521499,34.66324],[-90.539013,34.65907],[-90.564033,34.665742],[-90.576543,34.657402],[-90.565809,34.4354],[-90.575336,34.415152],[-90.613944,34.390723],[-90.658542,34.375705],[-90.764143,34.363396],[-90.856367,34.238928],[-90.868775,34.228245],[-90.894744,34.229977],[-90.91148,34.223051],[-90.913212,34.210355],[-90.895898,34.191888],[-90.880894,34.180346],[-90.880317,34.169381],[-90.893013,34.155531],[-90.918405,34.154376],[-90.934564,34.130138],[-90.928793,34.107631],[-90.912057,34.095512],[-90.888396,34.087433],[-90.879163,34.065503],[-90.887413,34.032505],[-90.964708,34.007952],[-91.01889,34.003151],[-91.089119,33.972653],[-91.088164,33.960078],[-91.036821,33.914656],[-91.067511,33.840443],[-91.139869,33.777117],[-91.144682,33.750108],[-91.126805,33.707814],[-91.1279,33.695762],[-91.132831,33.688092],[-91.14817,33.679327],[-91.17611,33.684257],[-91.185971,33.679327],[-91.193093,33.656866],[-91.186519,33.645909],[-91.157484,33.626187],[-91.130445,33.606034],[-91.134043,33.594489],[-91.152148,33.582721],[-91.224121,33.567369],[-91.232295,33.552788],[-91.215671,33.529423],[-91.125109,33.472842],[-91.118495,33.449116],[-91.131885,33.430063],[-91.184427,33.419576],[-91.141216,33.298397],[-91.110561,33.24593],[-91.085984,33.221644],[-91.087589,33.145177],[-91.125656,33.038276],[-91.166073,33.004106],[-91.201842,32.961212],[-91.214027,32.93032],[-91.208263,32.915354],[-91.196785,32.906784],[-91.175405,32.899998],[-91.159975,32.899879],[-91.145076,32.905494],[-91.132115,32.923122],[-91.130947,32.963815],[-91.138585,32.971352],[-91.134414,32.980533],[-91.106581,32.988938],[-91.094265,32.984371],[-91.086802,32.976266],[-91.063974,32.924113],[-91.063809,32.903709],[-91.070602,32.888659],[-91.086683,32.873392],[-91.105631,32.858396],[-91.127886,32.855059],[-91.145002,32.84287],[-91.158336,32.822304],[-91.161669,32.812465],[-91.164397,32.785821],[-91.165328,32.751301],[-91.154461,32.742339],[-91.123152,32.742798],[-91.077176,32.732534],[-91.060766,32.727494],[-91.054481,32.722259],[-91.057043,32.712576],[-91.063946,32.702926],[-91.076061,32.693751],[-91.098762,32.685291],[-91.118258,32.674075],[-91.152081,32.641508],[-91.153821,32.631282],[-91.151318,32.615919],[-91.141148,32.597209],[-91.127912,32.586493],[-91.104111,32.584657],[-91.096774,32.576652],[-91.090771,32.563978],[-91.089436,32.553306],[-91.097878,32.544752],[-91.116708,32.500139],[-91.116008,32.48314],[-91.108808,32.47204],[-91.095308,32.458741],[-91.070207,32.445141],[-91.052907,32.438442],[-91.029606,32.433542],[-90.99408,32.403862],[-91.004506,32.368144],[-91.000106,32.357695],[-90.986672,32.35176],[-90.901511,32.337864],[-90.898588,32.329094],[-90.905173,32.315497],[-91.004557,32.215381],[-91.006306,32.22415],[-91.021507,32.236149],[-91.039007,32.242349],[-91.046507,32.241149],[-91.133587,32.213432],[-91.158026,32.201956],[-91.164171,32.196888],[-91.171046,32.176526],[-91.174552,32.154978],[-91.171702,32.14425],[-91.162822,32.132694],[-91.131403,32.126213],[-91.067004,32.132144],[-91.046615,32.138768],[-91.034447,32.134832],[-91.026931,32.123737],[-91.027535,32.113431],[-91.034707,32.101053],[-91.128009,31.985857],[-91.248144,31.869848],[-91.293413,31.86016],[-91.326914,31.854961],[-91.338414,31.851261],[-91.345714,31.842861],[-91.359514,31.799362],[-91.363714,31.780363],[-91.365084,31.752743],[-91.397915,31.709364],[-91.400115,31.688164],[-91.398059,31.655922],[-91.404668,31.637898],[-91.42209,31.63129],[-91.45273,31.63129],[-91.464746,31.628886],[-91.474959,31.621677],[-91.477963,31.610863],[-91.477362,31.592239],[-91.470754,31.58563],[-91.44862,31.583032],[-91.425094,31.57782],[-91.415482,31.567006],[-91.422691,31.55439],[-91.450017,31.539666],[-91.479718,31.530366],[-91.511217,31.532612],[-91.52292,31.519841],[-91.51513,31.449206],[-91.505301,31.432945],[-91.500406,31.419008],[-91.505093,31.400933],[-91.513795,31.386875],[-91.525386,31.378904],[-91.541242,31.35675],[-91.539904,31.337336],[-91.51982,31.311228],[-91.508858,31.291644],[-91.515614,31.27821],[-91.522397,31.273423],[-91.547588,31.264444],[-91.574493,31.261289],[-91.59849,31.205485],[-91.604197,31.154545],[-91.577373,31.078179],[-91.56415,31.06683],[-91.559907,31.054119],[-91.562468,31.043213],[-91.571695,31.029782],[-91.58467,31.020185],[-91.636942,30.999416],[-91.423621,30.998984],[-91.224839,30.999183],[-91.060217,30.998935],[-90.826027,30.99936],[-90.734473,30.999214],[-90.567195,30.999733],[-90.422117,30.99981],[-90.369371,31.000335],[-90.164676,31.00098],[-90.029574,31.00119],[-89.97543,31.001692],[-89.923119,31.001446],[-89.856862,31.002075],[-89.752642,31.001853],[-89.732504,31.004831],[-89.728147,31.002431],[-89.728382,30.971141],[-89.744789,30.918933],[-89.756543,30.900431],[-89.77341,30.897693],[-89.789863,30.851527],[-89.826175,30.736594],[-89.842596,30.666038],[-89.823384,30.608535],[-89.806843,30.572039],[-89.76057,30.515761],[-89.732577,30.492502],[-89.724614,30.491902],[-89.68341,30.451793],[-89.629941,30.339449],[-89.629877,30.321017],[-89.640694,30.301313],[-89.64344,30.287682],[-89.607655,30.217096],[-89.580754,30.186197],[-89.572654,30.180897],[-89.524504,30.180753],[-89.522814,30.183076],[-89.503231,30.183051],[-89.480214,30.193751],[-89.475824,30.191561],[-89.469792,30.176278],[-89.461275,30.174745],[-89.44791,30.185352],[-89.447465,30.205098],[-89.430428,30.223218],[-89.419348,30.25432],[-89.383747,30.267796],[-89.365747,30.284896],[-89.344746,30.293196],[-89.329946,30.302896],[-89.322345,30.319296],[-89.332546,30.337895],[-89.366116,30.352169],[-89.353248,30.368795],[-89.335942,30.374016],[-89.315067,30.375408],[-89.292499,30.365635],[-89.279818,30.34979],[-89.281564,30.33198],[-89.291844,30.328096],[-89.294444,30.307596],[-89.291444,30.303296],[-89.271833,30.305491],[-89.220442,30.322497],[-89.18684,30.331197],[-89.083237,30.368097],[-89.016334,30.383898],[-88.971233,30.390798],[-88.922031,30.393798],[-88.884829,30.391998],[-88.880526,30.3866],[-88.851442,30.375355],[-88.857828,30.392898],[-88.841328,30.409598],[-88.823724,30.402376],[-88.810227,30.394698],[-88.811615,30.384907],[-88.771742,30.365403],[-88.746945,30.347622],[-88.728893,30.342671],[-88.700587,30.343689],[-88.679575,30.35571],[-88.66382,30.362099],[-88.624523,30.358713],[-88.613745,30.353108],[-88.596349,30.358365],[-88.579483,30.34419],[-88.536214,30.343299],[-88.522494,30.340092],[-88.506334,30.327398],[-88.504802,30.321472],[-88.480117,30.318345],[-88.471875,30.32002],[-88.45381,30.329626],[-88.446625,30.337671],[-88.446495,30.347753],[-88.433891,30.354652],[-88.418811,30.353911],[-88.409927,30.342115],[-88.39398,30.349307],[-88.399062,30.360744],[-88.395023,30.369425],[-88.404013,30.54506],[-88.412462,30.735598],[-88.425635,30.998301],[-88.432007,31.114298],[-88.438104,31.23006],[-88.445182,31.355855],[-88.449446,31.435837],[-88.459478,31.621652],[-88.464425,31.697881],[-88.471106,31.850949],[-88.46866,31.933173],[-88.454959,32.040576],[-88.43871,32.172078],[-88.421453,32.30868],[-88.403789,32.44977],[-88.382985,32.626954],[-88.347692,32.929059],[-88.340432,32.991199],[-88.304514,33.28832],[-88.277421,33.512436],[-88.269532,33.572894],[-88.256343,33.682053],[-88.24839,33.744908],[-88.226517,33.911551],[-88.203597,34.08653],[-88.176889,34.293858],[-88.155305,34.463087],[-88.139988,34.581703],[-88.118407,34.724292],[-88.097888,34.892202],[-88.125038,34.902227],[-88.200064,34.995634]]]]}},{"type":"Feature","properties":{"NAME":"Montana"},"geometry":{"type":"Polygon","coordinates":[[[-111.048974,44.474072],[-111.055208,44.624927],[-111.056888,44.866658],[-111.056207,44.935901],[-111.044275,45.001345],[-110.875772,45.002101],[-110.750767,44.997948],[-110.705272,44.992324],[-110.547165,44.992459],[-110.221343,44.996176],[-110.110103,45.003905],[-109.798687,45.002188],[-109.269294,45.005283],[-109.103445,45.005904],[-109.08301,44.99961],[-108.621313,45.000408],[-108.565921,45.000578],[-108.249345,44.999458],[-108.125666,45.001011],[-107.911495,45.000948],[-107.607824,45.000929],[-107.13418,45.000109],[-107.080624,44.996791],[-106.888773,44.995885],[-106.263586,44.993788],[-106.024814,44.993688],[-105.928184,44.993647],[-105.918995,44.997771],[-105.848065,45.000396],[-105.076607,45.000347],[-105.01824,45.000437],[-104.765063,44.999183],[-104.663882,44.998869],[-104.470117,44.998453],[-104.057698,44.997431],[-104.040128,44.999987],[-104.040274,45.212891],[-104.040114,45.374214],[-104.041764,45.490789],[-104.041937,45.557915],[-104.043814,45.868385],[-104.045443,45.94531],[-104.04667,46.000001],[-104.045633,46.280188],[-104.045462,46.341895],[-104.045335,46.540929],[-104.045402,46.725423],[-104.045566,46.941231],[-104.045076,47.037589],[-104.045159,47.263874],[-104.045333,47.343452],[-104.044621,47.45938],[-104.043242,47.747106],[-104.041662,47.862282],[-104.043933,47.971515],[-104.045399,48.16439],[-104.046039,48.256761],[-104.046371,48.374154],[-104.047134,48.411057],[-104.047974,48.591606],[-104.047586,48.625644],[-104.0489,48.847387],[-104.048736,48.999877],[-104.543636,48.999541],[-104.647389,48.999344],[-105.057514,48.999448],[-105.355888,48.999357],[-105.612577,48.999703],[-105.65027,48.999444],[-105.834181,48.999707],[-106.050543,48.999207],[-106.24621,48.999258],[-106.500592,48.999756],[-106.625597,48.99964],[-107.179865,48.999559],[-108.236495,48.999405],[-108.543194,48.999377],[-108.994722,48.999237],[-109.06057,48.999666],[-109.384068,49.000374],[-109.489686,49.000267],[-109.995618,48.999642],[-110.216135,48.999239],[-110.743209,48.998363],[-110.887459,48.998087],[-111.270702,48.997895],[-111.761613,48.99765],[-111.854088,48.998067],[-112.193588,48.998229],[-113.009895,48.998619],[-113.116356,48.998462],[-113.692982,48.997632],[-114.068151,48.999364],[-114.43883,49.001076],[-114.728125,49.000623],[-115.251126,48.999557],[-116.049193,49.000912],[-116.049023,48.957947],[-116.049226,48.502058],[-116.049353,48.21546],[-116.049415,48.07722],[-116.048421,47.97682],[-116.007254,47.944968],[-115.919291,47.857406],[-115.729123,47.703102],[-115.72377,47.696671],[-115.706284,47.637864],[-115.718072,47.592675],[-115.721207,47.576323],[-115.735755,47.555346],[-115.739684,47.537663],[-115.729861,47.518016],[-115.712178,47.488546],[-115.725931,47.466934],[-115.729861,47.447287],[-115.721084,47.42235],[-115.69057,47.415059],[-115.576836,47.366825],[-115.561439,47.351887],[-115.551309,47.333856],[-115.52369,47.298919],[-115.479255,47.282089],[-115.421645,47.271736],[-115.339201,47.261623],[-115.320184,47.255717],[-115.294785,47.220914],[-115.29211,47.209861],[-115.266723,47.181101],[-115.200547,47.139154],[-115.099178,47.048129],[-115.072985,47.01376],[-114.936015,46.899761],[-114.938713,46.869021],[-114.927837,46.83599],[-114.920459,46.827697],[-114.888146,46.808573],[-114.853279,46.799794],[-114.825923,46.781949],[-114.76718,46.738828],[-114.739253,46.715167],[-114.717645,46.713994],[-114.69063,46.719961],[-114.667346,46.719276],[-114.644747,46.702155],[-114.641322,46.686404],[-114.642713,46.673145],[-114.635868,46.65951],[-114.614423,46.639188],[-114.592264,46.632861],[-114.481943,46.631993],[-114.44683,46.645314],[-114.422176,46.652163],[-114.370129,46.654217],[-114.337942,46.641205],[-114.331093,46.630248],[-114.331093,46.607649],[-114.346528,46.535789],[-114.385297,46.467162],[-114.378,46.435371],[-114.426885,46.289671],[-114.472643,46.162202],[-114.48312,46.129147],[-114.468205,46.099937],[-114.467583,46.081914],[-114.476284,46.062026],[-114.4912,46.044003],[-114.490578,46.022872],[-114.483379,46.008047],[-114.465376,45.996077],[-114.429638,45.986638],[-114.412007,45.978057],[-114.401552,45.963195],[-114.39376,45.89402],[-114.44868,45.858891],[-114.498809,45.850676],[-114.514596,45.840785],[-114.566172,45.773864],[-114.547763,45.743309],[-114.528667,45.731636],[-114.504869,45.722176],[-114.495421,45.703321],[-114.500925,45.666715],[-114.515411,45.652842],[-114.54182,45.641305],[-114.550834,45.6426],[-114.563652,45.637412],[-114.561773,45.565109],[-114.551286,45.559007],[-114.514196,45.564734],[-114.473759,45.563278],[-114.460542,45.561283],[-114.36662,45.491616],[-114.350819,45.468542],[-114.309613,45.469432],[-114.247828,45.545489],[-114.187852,45.542151],[-114.135249,45.557465],[-114.03493,45.647967],[-114.015633,45.696127],[-113.987759,45.705247],[-113.971565,45.700636],[-113.93422,45.682232],[-113.896681,45.641451],[-113.835396,45.61296],[-113.813933,45.600559],[-113.804871,45.589112],[-113.802009,45.579096],[-113.813456,45.550002],[-113.810117,45.530924],[-113.786269,45.521385],[-113.772915,45.512322],[-113.76576,45.483228],[-113.774156,45.465372],[-113.760924,45.406501],[-113.738729,45.329741],[-113.674409,45.249411],[-113.650064,45.23471],[-113.599506,45.191114],[-113.565979,45.149335],[-113.566179,45.14312],[-113.576453,45.130311],[-113.485278,45.063519],[-113.463961,45.063194],[-113.449349,45.045745],[-113.445751,45.018351],[-113.445915,44.979918],[-113.447199,44.971924],[-113.472715,44.948123],[-113.494446,44.948597],[-113.498745,44.942314],[-113.475838,44.894648],[-113.455071,44.865424],[-113.353631,44.791395],[-113.341704,44.784853],[-113.329491,44.788645],[-113.278382,44.812706],[-113.247166,44.82295],[-113.207878,44.80804],[-113.158206,44.780847],[-113.134617,44.763149],[-113.101082,44.718832],[-113.051504,44.63695],[-113.049349,44.62938],[-113.05677,44.618657],[-113.027147,44.495915],[-113.003544,44.450814],[-112.9703,44.426933],[-112.875822,44.374357],[-112.849266,44.371038],[-112.83134,44.38166],[-112.824701,44.393611],[-112.822046,44.434109],[-112.812087,44.45137],[-112.781294,44.484888],[-112.71911,44.504344],[-112.68816,44.49885],[-112.544224,44.483763],[-112.473207,44.480027],[-112.410345,44.462968],[-112.38708,44.460476],[-112.371294,44.472108],[-112.358926,44.48628],[-112.339721,44.538577],[-112.299009,44.559348],[-112.274083,44.564334],[-112.258297,44.564334],[-112.235864,44.555194],[-112.221698,44.543519],[-112.187115,44.534452],[-112.078471,44.533551],[-111.947941,44.556776],[-111.870504,44.564033],[-111.849293,44.539837],[-111.843295,44.528225],[-111.806528,44.515459],[-111.737191,44.54306],[-111.704218,44.560205],[-111.631505,44.552022],[-111.601249,44.55421],[-111.525764,44.604883],[-111.516588,44.643707],[-111.489008,44.705553],[-111.394815,44.751351],[-111.377682,44.751744],[-111.323669,44.724474],[-111.219236,44.622616],[-111.139455,44.517112],[-111.131379,44.499925],[-111.106574,44.48633],[-111.048974,44.474072]]]}},{"type":"Feature","properties":{"NAME":"New Mexico"},"geometry":{"type":"Polygon","coordinates":[[[-106.528543,31.783907],[-106.535843,31.798607],[-106.545344,31.805007],[-106.566844,31.813306],[-106.605245,31.845905],[-106.614637,31.84649],[-106.627808,31.860593],[-106.616136,31.948439],[-106.614702,31.956],[-106.599096,32.000731],[-106.411075,32.001334],[-106.205915,32.001762],[-106.18184,32.00205],[-105.998003,32.002328],[-105.886159,32.00197],[-105.429281,32.000577],[-105.153994,32.000497],[-104.918272,32.000496],[-104.643526,32.000443],[-104.531756,32.000117],[-104.024521,32.00001],[-103.722853,32.000221],[-103.326501,32.00037],[-103.064423,32.000518],[-103.064422,32.145006],[-103.064696,32.522193],[-103.064864,32.682647],[-103.064699,32.827531],[-103.064625,32.999899],[-103.060103,33.219225],[-103.057487,33.329477],[-103.056655,33.388438],[-103.05261,33.570599],[-103.051535,33.650487],[-103.050148,33.701971],[-103.045644,33.901537],[-103.043617,34.003633],[-103.043569,34.087947],[-103.043644,34.256903],[-103.043979,34.312764],[-103.043594,34.46266],[-103.042827,34.671188],[-103.042781,34.850243],[-103.042521,34.954101],[-103.04252,35.135596],[-103.042497,35.211862],[-103.041554,35.622487],[-103.041357,35.739274],[-103.040824,36.055231],[-103.041674,36.317534],[-103.041669,36.478514],[-103.002434,36.500397],[-103.002188,36.602716],[-103.002198,36.719427],[-103.001964,36.909573],[-103.002199,37.000104],[-103.086105,36.999864],[-103.733247,36.998016],[-104.007855,36.996239],[-104.732031,36.993447],[-105.000554,36.993264],[-105.1208,36.995428],[-105.220613,36.995169],[-105.447255,36.996017],[-105.62747,36.995679],[-105.71847,36.995846],[-105.996159,36.995418],[-106.247705,36.994266],[-106.476228,36.993472],[-106.617159,36.992967],[-106.675626,36.993123],[-106.869796,36.992426],[-107.000592,37.000009],[-107.420913,37.000005],[-107.481737,36.999973],[-108.288086,36.999555],[-108.379203,36.999459],[-108.620309,36.999287],[-108.954404,36.998906],[-109.045223,36.999084],[-109.045433,36.874589],[-109.045973,36.002338],[-109.046024,35.8798],[-109.046295,35.616517],[-109.046481,35.546326],[-109.046082,35.174665],[-109.045851,34.959718],[-109.046156,34.579291],[-109.046182,34.522393],[-109.046627,33.778233],[-109.04687,33.372654],[-109.047237,33.208965],[-109.047013,33.092917],[-109.04748,33.06842],[-109.047117,32.77757],[-109.047653,32.681379],[-109.047926,32.426376],[-109.048286,32.089114],[-109.048599,32.013651],[-109.04859,31.870791],[-109.049195,31.796551],[-109.049813,31.499528],[-109.050044,31.332502],[-108.851105,31.332301],[-108.208573,31.333395],[-108.208521,31.499798],[-108.208394,31.783599],[-107.422495,31.783599],[-107.296824,31.783762],[-107.00056,31.783513],[-106.993544,31.783689],[-106.750547,31.783898],[-106.528543,31.783907]]]}},{"type":"Feature","properties":{"NAME":"North Dakota"},"geometry":{"type":"Polygon","coordinates":[[[-104.045443,45.94531],[-103.668479,45.945242],[-103.55871,45.945131],[-103.284109,45.945152],[-103.047779,45.945335],[-102.920482,45.945038],[-102.704871,45.945072],[-102.65162,45.94545],[-102.550947,45.945015],[-102.32823,45.944806],[-102.176993,45.944622],[-101.973749,45.944456],[-101.72338,45.944187],[-101.557276,45.9441],[-101.271524,45.944209],[-101.101334,45.943841],[-100.935582,45.943757],[-100.627681,45.943642],[-100.430597,45.943638],[-100.170826,45.942514],[-99.965775,45.941822],[-99.750396,45.940935],[-99.58878,45.941104],[-99.490254,45.940362],[-99.257745,45.94006],[-99.092868,45.940184],[-98.904429,45.93952],[-98.724375,45.938685],[-98.18563,45.936185],[-98.008202,45.936096],[-97.784575,45.935327],[-97.481967,45.935138],[-97.318899,45.935054],[-97.019596,45.935382],[-96.998652,45.9357],[-96.701313,45.935807],[-96.56328,45.935238],[-96.57035,45.963595],[-96.57794,46.026874],[-96.566295,46.051416],[-96.55694,46.064601],[-96.554835,46.084824],[-96.557952,46.102442],[-96.578362,46.170112],[-96.585647,46.177309],[-96.599087,46.263701],[-96.598233,46.312563],[-96.631586,46.353752],[-96.669794,46.384644],[-96.721999,46.439986],[-96.716438,46.444567],[-96.739054,46.543708],[-96.783003,46.630405],[-96.784205,46.686768],[-96.802013,46.812464],[-96.767458,46.905163],[-96.780258,46.928263],[-96.791558,46.934264],[-96.823222,46.970861],[-96.82318,46.999965],[-96.824807,47.124968],[-96.832946,47.237588],[-96.852676,47.374973],[-96.862312,47.422333],[-96.853286,47.503881],[-96.84243,47.508225],[-96.850955,47.598287],[-96.88574,47.664266],[-96.980391,47.815662],[-97.000356,47.860915],[-97.023156,47.873978],[-97.088158,48.059515],[-97.098275,48.07131],[-97.123135,48.109497],[-97.14751,48.170572],[-97.14717,48.242966],[-97.12993,48.249731],[-97.11657,48.279661],[-97.115581,48.323928],[-97.126745,48.34214],[-97.136373,48.352393],[-97.145693,48.397431],[-97.131479,48.406586],[-97.123399,48.421201],[-97.12677,48.520191],[-97.150541,48.539449],[-97.163105,48.543855],[-97.092606,48.682033],[-97.137571,48.749191],[-97.157797,48.78768],[-97.199549,48.881183],[-97.23261,48.946561],[-97.239155,48.967596],[-97.238387,48.982631],[-97.234005,48.99747],[-97.229039,49.000687],[-97.411216,49.00051],[-97.77575,49.000574],[-97.950205,49.000459],[-98.999819,48.999769],[-99.5257,48.999423],[-99.91378,48.999049],[-100.182707,48.99923],[-100.433981,48.99941],[-100.920577,48.99956],[-101.216182,48.999469],[-101.496737,48.999355],[-102.021144,48.999015],[-102.216993,48.998553],[-102.938793,48.998998],[-103.852287,48.999561],[-103.969479,48.999525],[-104.048736,48.999877],[-104.0489,48.847387],[-104.047586,48.625644],[-104.047974,48.591606],[-104.047134,48.411057],[-104.046371,48.374154],[-104.046039,48.256761],[-104.045399,48.16439],[-104.043933,47.971515],[-104.041662,47.862282],[-104.043242,47.747106],[-104.044621,47.45938],[-104.045333,47.343452],[-104.045159,47.263874],[-104.045076,47.037589],[-104.045566,46.941231],[-104.045402,46.725423],[-104.045335,46.540929],[-104.045462,46.341895],[-104.045633,46.280188],[-104.04667,46.000001],[-104.045443,45.94531]]]}},{"type":"Feature","properties":{"NAME":"Oklahoma"},"geometry":{"type":"Polygon","coordinates":[[[-103.002434,36.500397],[-102.162463,36.500326],[-102.032339,36.500066],[-101.826565,36.499654],[-101.623915,36.499528],[-101.085156,36.499244],[-101.045331,36.49954],[-100.85084,36.4997],[-100.648344,36.499463],[-100.522227,36.499291],[-100.334464,36.49942],[-100.181221,36.499633],[-100.000406,36.499702],[-100.000399,36.055677],[-100.000396,35.880948],[-100.000392,35.619115],[-100.000389,35.422364],[-100.000385,35.182702],[-100.000384,35.030385],[-100.000381,34.746461],[-100.000381,34.560509],[-99.954567,34.578195],[-99.94572,34.579273],[-99.923211,34.574552],[-99.884842,34.546953],[-99.874403,34.537095],[-99.864922,34.523018],[-99.793684,34.453894],[-99.767234,34.430502],[-99.69497,34.378333],[-99.663948,34.37368],[-99.616793,34.375391],[-99.58006,34.416653],[-99.574367,34.418281],[-99.515385,34.414333],[-99.499875,34.409608],[-99.453477,34.388756],[-99.44076,34.374123],[-99.407168,34.372605],[-99.398635,34.375832],[-99.356713,34.442144],[-99.261321,34.403499],[-99.211423,34.337897],[-99.209724,34.324935],[-99.2116,34.31397],[-99.211648,34.292232],[-99.19089,34.215251],[-99.157114,34.207414],[-99.119204,34.201747],[-99.060344,34.204761],[-98.966743,34.201185],[-98.920042,34.182908],[-98.858419,34.152732],[-98.76557,34.136376],[-98.700182,34.135995],[-98.665824,34.151617],[-98.652347,34.161029],[-98.637575,34.162284],[-98.599789,34.160571],[-98.577356,34.1491],[-98.553717,34.13366],[-98.504182,34.072371],[-98.475066,34.064269],[-98.400494,34.121778],[-98.398441,34.128456],[-98.383222,34.147806],[-98.364023,34.157109],[-98.325445,34.151025],[-98.300209,34.134579],[-98.293901,34.13302],[-98.200075,34.116783],[-98.16912,34.114171],[-98.106261,34.033696],[-98.088203,34.005481],[-98.08526,34.003259],[-98.041117,33.993456],[-98.019485,33.993804],[-97.983521,34.001559],[-97.94573,33.989839],[-97.953395,33.936445],[-97.977859,33.889929],[-97.966706,33.881949],[-97.877387,33.850236],[-97.865765,33.849393],[-97.834333,33.857671],[-97.785317,33.890701],[-97.733723,33.936392],[-97.700477,33.972246],[-97.69311,33.983699],[-97.671772,33.99137],[-97.65621,33.989488],[-97.609091,33.968093],[-97.588828,33.951882],[-97.597115,33.917868],[-97.587441,33.902479],[-97.555002,33.897282],[-97.545526,33.900396],[-97.519171,33.913638],[-97.50096,33.919643],[-97.486505,33.916994],[-97.458069,33.901635],[-97.450954,33.891398],[-97.451469,33.87093],[-97.462857,33.841772],[-97.453057,33.828536],[-97.444193,33.823773],[-97.426493,33.819398],[-97.372941,33.819454],[-97.310843,33.872461],[-97.226522,33.914642],[-97.210921,33.916064],[-97.185458,33.9007],[-97.180845,33.895204],[-97.166629,33.847311],[-97.166824,33.840395],[-97.18137,33.831375],[-97.194678,33.831192],[-97.204995,33.81887],[-97.204827,33.799908],[-97.172192,33.737545],[-97.151257,33.722608],[-97.13753,33.718664],[-97.121102,33.717174],[-97.107183,33.721119],[-97.092414,33.733214],[-97.047972,33.817931],[-97.00613,33.861884],[-96.985567,33.886522],[-96.97287,33.935698],[-96.922114,33.959579],[-96.907387,33.950025],[-96.899442,33.933728],[-96.895728,33.896414],[-96.88301,33.868019],[-96.866438,33.853149],[-96.85609,33.84749],[-96.761588,33.824406],[-96.712422,33.831633],[-96.700952,33.840748],[-96.68928,33.86166],[-96.67858,33.892786],[-96.672258,33.899595],[-96.65864,33.900081],[-96.622165,33.885977],[-96.611466,33.875278],[-96.615843,33.853393],[-96.612925,33.833939],[-96.500268,33.772583],[-96.448045,33.781031],[-96.423362,33.776365],[-96.36959,33.716809],[-96.304675,33.745901],[-96.229859,33.74832],[-96.220521,33.74739],[-96.1999,33.752117],[-96.181704,33.758504],[-96.170055,33.76917],[-96.1641,33.784261],[-96.156717,33.813324],[-96.14807,33.837799],[-96.097526,33.847544],[-95.949935,33.857452],[-95.82468,33.837726],[-95.763622,33.847954],[-95.757156,33.867293],[-95.599678,33.934247],[-95.567022,33.932697],[-95.559414,33.930179],[-95.549145,33.90795],[-95.552085,33.888422],[-95.544346,33.880111],[-95.445751,33.86885],[-95.407795,33.866308],[-95.339758,33.868752],[-95.287565,33.873617],[-95.260815,33.887653],[-95.249922,33.902024],[-95.2482,33.912327],[-95.252906,33.933648],[-95.231113,33.960361],[-95.219358,33.961567],[-95.129572,33.936718],[-95.067253,33.917351],[-95.062284,33.903618],[-95.039452,33.860621],[-94.8693,33.745871],[-94.822473,33.732716],[-94.760604,33.727054],[-94.746096,33.703016],[-94.735128,33.691267],[-94.660964,33.660322],[-94.52838,33.615995],[-94.524055,33.615765],[-94.490684,33.625586],[-94.485875,33.637867],[-94.485528,33.663388],[-94.479954,33.85133],[-94.474896,34.021877],[-94.470292,34.189864],[-94.465847,34.352073],[-94.463671,34.419585],[-94.45753,34.642961],[-94.449058,34.890556],[-94.447889,34.933941],[-94.43955,35.169037],[-94.437774,35.239271],[-94.435316,35.275893],[-94.431815,35.362891],[-94.433915,35.387391],[-94.431215,35.39429],[-94.463318,35.58266],[-94.499647,35.79691],[-94.522658,35.93425],[-94.547715,36.077271],[-94.561165,36.15211],[-94.5862,36.299969],[-94.601984,36.40212],[-94.617919,36.499414],[-94.617815,36.612604],[-94.618307,36.76656],[-94.61838,36.84732],[-94.61808,36.998135],[-94.699735,36.998805],[-94.853197,36.998874],[-94.995293,36.999529],[-95.195307,36.999565],[-95.407572,36.999241],[-95.534401,36.999332],[-95.80798,36.999124],[-95.91018,36.999336],[-96.00081,36.99886],[-96.200028,36.999028],[-96.415412,36.999113],[-96.525493,36.999147],[-96.749838,36.998988],[-96.87629,36.999233],[-97.030082,36.998929],[-97.147721,36.999111],[-97.46228,36.998685],[-97.606549,36.998682],[-97.637137,36.99909],[-97.802313,36.998713],[-98.033955,36.998366],[-98.237712,36.997972],[-98.354073,36.997961],[-98.544872,36.998997],[-98.714512,36.99906],[-98.761597,36.999425],[-98.869449,36.999286],[-99.029337,36.999595],[-99.124883,36.99942],[-99.277506,36.999579],[-99.456203,36.999471],[-99.625399,36.999671],[-99.657658,37.000197],[-99.786016,37.000931],[-99.995201,37.001631],[-100.115722,37.002206],[-100.201676,37.002081],[-100.551598,37.00062],[-100.675552,36.999688],[-100.814277,36.999085],[-100.945566,36.998152],[-101.012641,36.998176],[-101.211486,36.997124],[-101.357797,36.996271],[-101.601593,36.995095],[-101.90244,36.993702],[-102.04224,36.993083],[-102.184271,36.993593],[-102.355367,36.994575],[-102.570896,36.995136],[-102.875481,36.999628],[-102.986976,36.998524],[-103.002199,37.000104],[-103.001964,36.909573],[-103.002198,36.719427],[-103.002188,36.602716],[-103.002434,36.500397]]]}},{"type":"Feature","properties":{"NAME":"Pennsylvania"},"geometry":{"type":"Polygon","coordinates":[[[-79.476662,39.721078],[-79.392458,39.72134],[-78.931176,39.722775],[-78.808387,39.722726],[-78.380599,39.722554],[-78.202895,39.722416],[-78.073736,39.722314],[-77.768534,39.721358],[-77.724115,39.720894],[-77.534758,39.720134],[-77.459427,39.720017],[-77.243307,39.719998],[-77.047104,39.72],[-76.8901,39.720401],[-76.715594,39.721103],[-76.418784,39.721204],[-76.239805,39.721305],[-76.013067,39.72192],[-75.788359,39.721811],[-75.739705,39.772623],[-75.716969,39.791998],[-75.685991,39.811054],[-75.662822,39.82115],[-75.634706,39.830164],[-75.595756,39.837156],[-75.579849,39.838526],[-75.539346,39.838211],[-75.498843,39.833312],[-75.45374,39.820312],[-75.428038,39.809212],[-75.415041,39.801786],[-75.374635,39.82577],[-75.3065,39.849812],[-75.271159,39.84944],[-75.235026,39.856613],[-75.210425,39.865913],[-75.184952,39.881615],[-75.13322,39.922512],[-75.072017,39.980612],[-74.974713,40.048711],[-74.838008,40.10091],[-74.740605,40.13521],[-74.724304,40.14701],[-74.722304,40.160609],[-74.770706,40.214908],[-74.860492,40.284584],[-75.024775,40.403455],[-75.035548,40.406309],[-75.058848,40.418065],[-75.061489,40.422848],[-75.070568,40.455165],[-75.06509,40.526148],[-75.068615,40.542223],[-75.100325,40.567811],[-75.117292,40.573211],[-75.135389,40.575624],[-75.147368,40.573152],[-75.190161,40.589321],[-75.200708,40.618356],[-75.20392,40.691498],[-75.196533,40.751631],[-75.171587,40.777745],[-75.1344,40.773765],[-75.108505,40.791094],[-75.053294,40.8599],[-75.052538,40.872051],[-75.117764,40.953023],[-75.120435,40.968302],[-75.135526,40.973807],[-75.130575,40.991093],[-75.109114,41.004102],[-75.091377,41.012283],[-75.069277,41.019348],[-75.036982,41.034702],[-74.968389,41.087797],[-74.966759,41.093425],[-74.974338,41.103912],[-74.923169,41.138146],[-74.882139,41.180836],[-74.867287,41.208754],[-74.864356,41.224854],[-74.867267,41.228861],[-74.861678,41.241575],[-74.838366,41.277286],[-74.830057,41.2872],[-74.795847,41.318951],[-74.76173,41.336398],[-74.694914,41.357423],[-74.691129,41.367324],[-74.752562,41.426518],[-74.799165,41.430451],[-74.876721,41.440338],[-74.891948,41.448853],[-74.912517,41.475605],[-74.93976,41.483371],[-74.984226,41.506299],[-75.04049,41.569688],[-75.053077,41.618552],[-75.048199,41.632011],[-75.053431,41.752538],[-75.090799,41.811991],[-75.114399,41.843583],[-75.140241,41.852078],[-75.146446,41.850899],[-75.263005,41.885109],[-75.279094,41.938917],[-75.292589,41.953897],[-75.341868,41.993262],[-75.359579,41.999445],[-75.483738,41.999244],[-75.98025,41.999035],[-76.145519,41.998913],[-76.343722,41.998346],[-76.462155,41.998934],[-76.558118,42.000155],[-76.835079,42.001773],[-76.920784,42.001774],[-77.124693,41.999395],[-77.505308,42.00007],[-77.749931,41.998782],[-77.83203,41.998524],[-78.030963,41.999392],[-78.12473,42.000452],[-78.308128,41.999415],[-78.59665,41.999877],[-78.874759,41.997559],[-79.061265,41.999259],[-79.538445,41.998527],[-79.625287,41.999003],[-79.761374,41.999067],[-79.762122,42.131246],[-79.761759,42.162675],[-79.761951,42.26986],[-79.798447,42.255939],[-79.844661,42.235486],[-79.867979,42.230999],[-79.886187,42.224933],[-79.90105,42.216701],[-79.923924,42.207546],[-79.931324,42.206737],[-79.989186,42.177051],[-80.06108,42.144857],[-80.07198,42.146057],[-80.071981,42.155357],[-80.080028,42.163625],[-80.073381,42.168658],[-80.088512,42.173184],[-80.117368,42.166341],[-80.136213,42.149937],[-80.154084,42.114757],[-80.165884,42.105857],[-80.188085,42.094257],[-80.230486,42.077957],[-80.296758,42.049076],[-80.329976,42.036168],[-80.363251,42.027973],[-80.409776,42.011578],[-80.435451,42.005611],[-80.519425,41.977523],[-80.519294,41.849563],[-80.519357,41.669767],[-80.519339,41.539297],[-80.518993,41.435454],[-80.519345,41.34074],[-80.518693,41.248855],[-80.519144,41.171203],[-80.518928,41.070954],[-80.519091,40.921061],[-80.51979,40.900761],[-80.51902,40.850073],[-80.518991,40.638801],[-80.519057,40.517922],[-80.517991,40.398868],[-80.519056,40.172771],[-80.51896,40.078089],[-80.519248,39.936967],[-80.519342,39.721403],[-80.421388,39.721189],[-80.308651,39.721283],[-79.916266,39.720792],[-79.763774,39.720776],[-79.610623,39.721245],[-79.476662,39.721078]]]}},{"type":"Feature","properties":{"NAME":"Tennessee"},"geometry":{"type":"Polygon","coordinates":[[[-81.677535,36.588117],[-81.6469,36.611918],[-81.826742,36.614215],[-81.922644,36.616213],[-81.934144,36.594213],[-82.173982,36.594607],[-82.210497,36.595772],[-82.293814,36.595565],[-82.554294,36.594876],[-82.679879,36.593698],[-82.830433,36.593761],[-83.028357,36.593893],[-83.248933,36.593827],[-83.2763,36.598187],[-83.472108,36.597284],[-83.675413,36.600814],[-83.690714,36.582581],[-83.987842,36.5896],[-84.261333,36.591981],[-84.778455,36.603222],[-84.859738,36.606495],[-85.096128,36.622483],[-85.276284,36.626511],[-85.471338,36.61638],[-85.508605,36.61502],[-85.552017,36.615782],[-85.788613,36.621845],[-86.03277,36.630367],[-86.081944,36.633848],[-86.197573,36.639363],[-86.333051,36.648778],[-86.473497,36.651671],[-86.564143,36.633472],[-86.605042,36.652125],[-86.813037,36.647647],[-86.906583,36.646255],[-87.114976,36.642414],[-87.23053,36.641895],[-87.414309,36.641047],[-87.64115,36.638036],[-87.853204,36.633247],[-87.849567,36.663701],[-88.011792,36.677025],[-88.070532,36.678118],[-88.068208,36.659747],[-88.055604,36.63571],[-88.045127,36.602939],[-88.035625,36.561736],[-88.032489,36.540662],[-88.037822,36.51385],[-88.053205,36.497129],[-88.330799,36.500531],[-88.48921,36.501068],[-88.545192,36.501814],[-88.661133,36.502243],[-88.747523,36.502834],[-88.834626,36.502914],[-88.964471,36.502191],[-89.117537,36.503603],[-89.282298,36.506782],[-89.346053,36.50321],[-89.380085,36.500416],[-89.417293,36.499033],[-89.429311,36.481875],[-89.448468,36.46442],[-89.460436,36.45814],[-89.471718,36.457001],[-89.486215,36.46162],[-89.493198,36.470124],[-89.493495,36.4787],[-89.485106,36.497692],[-89.5391,36.498201],[-89.522674,36.481305],[-89.519501,36.475419],[-89.509558,36.375065],[-89.513178,36.359897],[-89.519,36.3486],[-89.531822,36.339246],[-89.545006,36.336809],[-89.560439,36.337746],[-89.581636,36.342357],[-89.605668,36.342234],[-89.615841,36.336085],[-89.620255,36.323006],[-89.611819,36.309088],[-89.578492,36.288317],[-89.554289,36.277751],[-89.544797,36.280458],[-89.535529,36.270541],[-89.534745,36.252576],[-89.541621,36.247891],[-89.589561,36.239116],[-89.602374,36.238106],[-89.678046,36.248284],[-89.691308,36.252079],[-89.699817,36.248384],[-89.629452,36.185382],[-89.607004,36.171179],[-89.594397,36.155457],[-89.591605,36.144096],[-89.594,36.12719],[-89.601936,36.11947],[-89.624235,36.108626],[-89.684439,36.051719],[-89.690306,36.024835],[-89.706932,36.000981],[-89.733095,36.000608],[-89.71997,35.97462],[-89.686924,35.947716],[-89.688141,35.896946],[-89.714934,35.906247],[-89.73361,35.904699],[-89.756036,35.896817],[-89.765689,35.891299],[-89.773564,35.871697],[-89.769413,35.861558],[-89.749424,35.852955],[-89.729517,35.847632],[-89.709261,35.838911],[-89.701045,35.828227],[-89.703875,35.820281],[-89.821216,35.756716],[-89.865631,35.746577],[-89.889023,35.750558],[-89.909996,35.759396],[-89.950278,35.738493],[-89.956254,35.733386],[-89.958882,35.723834],[-89.955753,35.690621],[-89.937383,35.665711],[-89.922749,35.655293],[-89.906147,35.651145],[-89.884932,35.655107],[-89.909797,35.537914],[-89.957347,35.528683],[-90.017312,35.555996],[-90.02862,35.555249],[-90.039744,35.548041],[-90.034014,35.468821],[-90.04768,35.459255],[-90.059068,35.457889],[-90.07442,35.472518],[-90.107723,35.476935],[-90.169002,35.421853],[-90.179265,35.385194],[-90.166246,35.374745],[-90.143633,35.374745],[-90.13551,35.376668],[-90.093589,35.393333],[-90.086691,35.369935],[-90.114893,35.303887],[-90.153394,35.302588],[-90.163812,35.296115],[-90.168871,35.281997],[-90.158865,35.262577],[-90.152094,35.255989],[-90.140394,35.252289],[-90.116493,35.255788],[-90.097947,35.249983],[-90.07741,35.225479],[-90.074262,35.218316],[-90.064612,35.140621],[-90.065392,35.137691],[-90.08342,35.12167],[-90.100593,35.116691],[-90.109393,35.118891],[-90.142794,35.135091],[-90.160058,35.12883],[-90.174594,35.116682],[-90.193859,35.061646],[-90.295596,35.040093],[-90.309877,35.00975],[-90.309297,34.995694],[-89.893402,34.994356],[-89.795187,34.994293],[-89.644282,34.995293],[-89.511153,34.994755],[-89.493739,34.994361],[-89.352679,34.99442],[-89.138997,34.99433],[-89.017128,34.994649],[-88.786612,34.995252],[-88.469877,34.996033],[-88.380508,34.99561],[-88.200064,34.995634],[-88.18245,35.007712],[-87.984916,35.006256],[-87.877969,35.005468],[-87.773586,35.004946],[-87.671405,35.003537],[-87.428613,35.002795],[-87.299185,35.000915],[-87.210759,34.999024],[-87.011174,34.995162],[-86.862147,34.991956],[-86.83637,34.991764],[-86.677616,34.99207],[-86.528485,34.990677],[-86.467798,34.990692],[-86.397203,34.99166],[-86.311274,34.991098],[-85.863935,34.988379],[-85.824411,34.988142],[-85.605165,34.984678],[-85.363919,34.983375],[-85.277556,34.984975],[-85.180553,34.986075],[-85.045183,34.986883],[-84.939306,34.987916],[-84.808127,34.987592],[-84.621483,34.988329],[-84.509886,34.98801],[-84.394903,34.98803],[-84.321869,34.988408],[-84.308437,35.093173],[-84.292321,35.206677],[-84.29024,35.225572],[-84.227818,35.267878],[-84.211818,35.266078],[-84.202879,35.255772],[-84.097508,35.247382],[-84.055712,35.268182],[-84.02351,35.295783],[-84.02141,35.301383],[-84.032479,35.325318],[-84.038081,35.348363],[-84.024756,35.353896],[-84.00225,35.422548],[-83.9614,35.459496],[-83.952882,35.460635],[-83.933876,35.472438],[-83.880074,35.518745],[-83.756917,35.563604],[-83.676268,35.570289],[-83.640498,35.566075],[-83.498335,35.562981],[-83.485527,35.568204],[-83.479082,35.583316],[-83.445802,35.611803],[-83.366941,35.638728],[-83.297154,35.65775],[-83.254231,35.695807],[-83.250695,35.709349],[-83.255489,35.714974],[-83.240669,35.72676],[-83.164909,35.759965],[-83.100225,35.774765],[-82.995803,35.773128],[-82.98397,35.77801],[-82.962842,35.795126],[-82.918356,35.845467],[-82.89798,35.881278],[-82.913338,35.924113],[-82.898505,35.945101],[-82.874159,35.952698],[-82.852554,35.949089],[-82.830112,35.932972],[-82.778625,35.974792],[-82.754465,36.004304],[-82.715365,36.024253],[-82.683565,36.046104],[-82.637165,36.065805],[-82.632265,36.065705],[-82.619205,36.056556],[-82.602877,36.039833],[-82.615062,36.000306],[-82.611262,35.973155],[-82.596774,35.964987],[-82.557529,35.954671],[-82.507068,35.977475],[-82.462958,36.007309],[-82.409458,36.083409],[-82.375558,36.105609],[-82.348422,36.115929],[-82.325169,36.119363],[-82.237737,36.139189],[-82.222052,36.156911],[-82.211251,36.159012],[-82.147948,36.149516],[-82.136547,36.128817],[-82.137974,36.119576],[-82.127146,36.104417],[-82.080143,36.10572],[-82.02664,36.130222],[-81.960101,36.228131],[-81.932994,36.264881],[-81.908137,36.302013],[-81.855005,36.337259],[-81.793688,36.360428],[-81.789712,36.348324],[-81.764927,36.338672],[-81.747842,36.337356],[-81.725938,36.340364],[-81.714277,36.450978],[-81.715082,36.453365],[-81.697287,36.484738],[-81.695907,36.49158],[-81.700238,36.500475],[-81.69729,36.504887],[-81.707963,36.536209],[-81.699962,36.539714],[-81.677535,36.588117]]]}},{"type":"Feature","properties":{"NAME":"Virginia"},"geometry":{"type":"MultiPolygon","coordinates":[[[[-75.242266,38.027209],[-75.398839,38.013277],[-75.624341,37.994211],[-75.669711,37.950796],[-75.693942,37.930362],[-75.704318,37.92901],[-75.712065,37.936082],[-75.757694,37.903912],[-75.753048,37.896605],[-75.726699,37.897299],[-75.72049,37.901926],[-75.709626,37.900622],[-75.687584,37.88634],[-75.685293,37.873341],[-75.689837,37.861817],[-75.702914,37.849659],[-75.709114,37.8477],[-75.71659,37.826696],[-75.723224,37.820124],[-75.73588,37.816561],[-75.743097,37.806656],[-75.770607,37.804602],[-75.784599,37.806826],[-75.793399,37.804493],[-75.818125,37.791698],[-75.812125,37.776589],[-75.803041,37.762464],[-75.812155,37.749502],[-75.82481,37.741671],[-75.831438,37.73169],[-75.830773,37.725486],[-75.837685,37.712985],[-75.859262,37.703111],[-75.868355,37.687609],[-75.868481,37.668224],[-75.877059,37.660641],[-75.909586,37.622671],[-75.924756,37.600215],[-75.941182,37.563839],[-75.937299,37.551729],[-75.940318,37.534582],[-75.949974,37.521876],[-75.958966,37.500133],[-75.963326,37.481785],[-75.960877,37.467562],[-75.976491,37.444878],[-75.981624,37.434116],[-75.983105,37.415802],[-75.97997,37.404608],[-75.987122,37.368548],[-75.997778,37.351739],[-76.014251,37.331943],[-76.018645,37.31782],[-76.023475,37.289067],[-76.015507,37.280874],[-76.023664,37.268971],[-76.025753,37.257407],[-76.010535,37.231579],[-76.013778,37.219263],[-76.013071,37.205366],[-75.998647,37.188739],[-75.978083,37.157338],[-75.970004,37.128861],[-75.97043,37.118608],[-75.962596,37.117535],[-75.945872,37.120514],[-75.942539,37.125142],[-75.92552,37.133601],[-75.906734,37.114193],[-75.886369,37.126085],[-75.87767,37.135604],[-75.830341,37.1706],[-75.800755,37.197297],[-75.804446,37.208011],[-75.790903,37.225066],[-75.799343,37.251779],[-75.79083,37.276207],[-75.798448,37.296285],[-75.784634,37.300976],[-75.778817,37.297176],[-75.765401,37.305596],[-75.735829,37.335426],[-75.726691,37.350127],[-75.727335,37.360346],[-75.720739,37.373129],[-75.697914,37.405301],[-75.672648,37.429915],[-75.665957,37.439209],[-75.66179,37.455028],[-75.666178,37.472124],[-75.63337,37.52214],[-75.60672,37.55717],[-75.594044,37.569698],[-75.595716,37.576657],[-75.608123,37.578018],[-75.612237,37.585602],[-75.610808,37.605909],[-75.60322,37.620243],[-75.586136,37.660653],[-75.581333,37.683593],[-75.572464,37.701565],[-75.556868,37.72441],[-75.548082,37.742383],[-75.514921,37.799149],[-75.487485,37.832136],[-75.467951,37.851328],[-75.452681,37.86351],[-75.428956,37.875305],[-75.40054,37.874865],[-75.392008,37.867738],[-75.374642,37.859454],[-75.36683,37.859446],[-75.349338,37.873143],[-75.334296,37.893477],[-75.319335,37.922484],[-75.296871,37.959043],[-75.242266,38.027209]]],[[[-75.973607,37.835817],[-75.988018,37.841085],[-75.992556,37.848889],[-75.999658,37.848198],[-76.001116,37.834947],[-75.9983,37.812626],[-75.987301,37.804917],[-75.982158,37.806226],[-75.973607,37.835817]]],[[[-75.993905,37.953489],[-76.04653,37.953586],[-76.035802,37.929008],[-76.032491,37.915008],[-76.017592,37.935161],[-75.993905,37.953489]]],[[[-77.719029,39.321125],[-77.750267,39.289284],[-77.761768,39.263031],[-77.768992,39.256417],[-77.767277,39.24938],[-77.771415,39.236776],[-77.822182,39.139985],[-77.828157,39.132329],[-78.032841,39.264403],[-78.228766,39.391233],[-78.347087,39.466012],[-78.362267,39.357784],[-78.34048,39.353492],[-78.399785,39.244129],[-78.423968,39.212049],[-78.438651,39.198049],[-78.426722,39.188903],[-78.41074,39.171983],[-78.418377,39.156656],[-78.439429,39.132146],[-78.459869,39.113351],[-78.508132,39.08863],[-78.571901,39.031995],[-78.554222,39.019672],[-78.557647,39.013189],[-78.601655,38.964603],[-78.710949,38.910175],[-78.719806,38.922638],[-78.779198,38.892298],[-78.788031,38.885123],[-78.808181,38.856175],[-78.835191,38.811499],[-78.869276,38.762991],[-78.993997,38.850102],[-78.999752,38.846162],[-79.055354,38.782213],[-79.057253,38.761413],[-79.092555,38.700149],[-79.092271,38.699208],[-79.135472,38.644057],[-79.146974,38.625641],[-79.174881,38.566314],[-79.207884,38.500428],[-79.210026,38.494231],[-79.26291,38.444586],[-79.267414,38.438322],[-79.282663,38.431021],[-79.280263,38.425475],[-79.297758,38.416438],[-79.312276,38.411876],[-79.476638,38.457228],[-79.521469,38.533918],[-79.53687,38.550917],[-79.555471,38.560217],[-79.597955,38.572767],[-79.649075,38.591515],[-79.669128,38.510883],[-79.695565,38.477842],[-79.699006,38.475148],[-79.688205,38.450476],[-79.689544,38.442511],[-79.731661,38.374143],[-79.808711,38.309429],[-79.810115,38.305037],[-79.788945,38.268703],[-79.891999,38.203378],[-79.921026,38.179954],[-79.925251,38.150465],[-79.938394,38.130563],[-79.931034,38.101402],[-79.933911,38.099168],[-79.959844,38.063697],[-79.978427,38.029082],[-80.002507,37.992767],[-80.130464,37.893194],[-80.162202,37.875122],[-80.227092,37.798886],[-80.257411,37.756084],[-80.262765,37.738336],[-80.259342,37.731205],[-80.263936,37.719137],[-80.287107,37.696403],[-80.296138,37.691783],[-80.292258,37.683732],[-80.267455,37.646108],[-80.239288,37.637672],[-80.220984,37.627767],[-80.240272,37.606961],[-80.288766,37.58196],[-80.312393,37.546239],[-80.330306,37.536244],[-80.314806,37.500943],[-80.320627,37.49888],[-80.425656,37.449876],[-80.443025,37.438126],[-80.46482,37.426144],[-80.475601,37.422949],[-80.494867,37.43507],[-80.511391,37.481672],[-80.622664,37.433307],[-80.770082,37.372363],[-80.776766,37.384131],[-80.798869,37.395807],[-80.811639,37.407507],[-80.85836,37.428168],[-80.872589,37.372347],[-80.849451,37.346909],[-80.900535,37.315],[-80.919259,37.306163],[-80.947896,37.295872],[-80.973889,37.291444],[-80.981322,37.293465],[-81.034652,37.290751],[-81.084012,37.284401],[-81.112596,37.278497],[-81.167029,37.262881],[-81.204774,37.243013],[-81.225104,37.234874],[-81.320105,37.299323],[-81.362156,37.337687],[-81.367599,37.327569],[-81.377349,37.318447],[-81.388132,37.319903],[-81.409729,37.284837],[-81.504168,37.250115],[-81.507325,37.2338],[-81.560625,37.206663],[-81.678603,37.202467],[-81.683544,37.211452],[-81.728194,37.239823],[-81.73332,37.238127],[-81.744291,37.244178],[-81.747656,37.264329],[-81.761752,37.275713],[-81.774747,37.274847],[-81.793425,37.281674],[-81.843167,37.285586],[-81.854059,37.291352],[-81.853978,37.300418],[-81.865219,37.308839],[-81.878713,37.331753],[-81.893773,37.330105],[-81.899495,37.341102],[-81.925643,37.357316],[-81.933895,37.372747],[-81.92749,37.413251],[-81.935621,37.438397],[-81.949367,37.445687],[-81.968795,37.451496],[-81.987006,37.454878],[-81.99227,37.460916],[-81.996578,37.476705],[-81.992916,37.482969],[-81.94264,37.508844],[-81.92787,37.512118],[-81.968297,37.537798],[-82.291908,37.311642],[-82.350948,37.267077],[-82.510826,37.218091],[-82.565329,37.196118],[-82.624878,37.162932],[-82.721941,37.105689],[-82.720597,37.081833],[-82.722472,37.045101],[-82.771795,37.015716],[-82.79089,37.00676],[-82.815748,37.007196],[-82.830588,37.000945],[-82.830802,36.993445],[-82.840051,36.987113],[-82.852614,36.984963],[-82.868455,36.976481],[-82.87023,36.965498],[-82.856099,36.952471],[-82.861282,36.944848],[-82.858461,36.932717],[-82.861943,36.924236],[-82.91169,36.874248],[-82.973395,36.859097],[-83.07259,36.854589],[-83.099792,36.824889],[-83.131694,36.781488],[-83.131245,36.767105],[-83.125655,36.761407],[-83.127833,36.750828],[-83.136395,36.743088],[-83.167396,36.739187],[-83.199698,36.737487],[-83.342804,36.701286],[-83.354606,36.696153],[-83.460808,36.664885],[-83.498011,36.670485],[-83.527212,36.665984],[-83.649513,36.616683],[-83.675413,36.600814],[-83.472108,36.597284],[-83.2763,36.598187],[-83.248933,36.593827],[-83.028357,36.593893],[-82.830433,36.593761],[-82.679879,36.593698],[-82.554294,36.594876],[-82.293814,36.595565],[-82.210497,36.595772],[-82.173982,36.594607],[-81.934144,36.594213],[-81.922644,36.616213],[-81.826742,36.614215],[-81.6469,36.611918],[-81.677535,36.588117],[-81.60697,36.587094],[-81.521032,36.58052],[-81.353322,36.574723],[-81.307511,36.575024],[-81.061866,36.56702],[-80.901726,36.561751],[-80.837641,36.559118],[-80.744101,36.561686],[-80.687539,36.561411],[-80.431605,36.550219],[-80.228263,36.543867],[-80.169535,36.54319],[-80.027269,36.542495],[-79.920239,36.542365],[-79.666827,36.541772],[-79.510647,36.540738],[-79.342696,36.541382],[-79.124736,36.541568],[-78.971814,36.542123],[-78.7963,36.541713],[-78.663317,36.542011],[-78.529722,36.540981],[-78.471022,36.542307],[-78.245462,36.544411],[-78.133323,36.543847],[-77.87528,36.544754],[-77.767117,36.544752],[-77.296875,36.544746],[-77.24969,36.544745],[-77.1645,36.54633],[-76.916048,36.543815],[-76.807078,36.550606],[-76.541687,36.550312],[-76.313196,36.550551],[-76.12236,36.550621],[-75.952847,36.550553],[-75.867044,36.550754],[-75.874145,36.583853],[-75.890946,36.630753],[-75.921748,36.692051],[-75.94955,36.76115],[-75.965451,36.812449],[-75.972151,36.842268],[-75.991552,36.910847],[-75.996252,36.922047],[-76.013753,36.930746],[-76.033454,36.931946],[-76.058154,36.916947],[-76.087955,36.908647],[-76.095508,36.908817],[-76.139557,36.923047],[-76.189959,36.931447],[-76.22166,36.939547],[-76.234961,36.945147],[-76.267962,36.964547],[-76.285063,36.968747],[-76.297663,36.968147],[-76.315867,36.955351],[-76.327365,36.959447],[-76.330765,36.938647],[-76.328864,36.918447],[-76.344663,36.919313],[-76.353765,36.922747],[-76.385867,36.923247],[-76.387567,36.899547],[-76.407507,36.897444],[-76.43122,36.904532],[-76.447413,36.90322],[-76.453941,36.89274],[-76.454692,36.884077],[-76.469914,36.882898],[-76.483369,36.896239],[-76.482407,36.917364],[-76.487559,36.952372],[-76.500355,36.965212],[-76.513363,36.968057],[-76.521006,36.973187],[-76.524853,36.983833],[-76.551246,36.998946],[-76.562923,37.003796],[-76.577531,37.022548],[-76.586491,37.02874],[-76.612124,37.035604],[-76.646013,37.036228],[-76.662558,37.045748],[-76.66835,37.05506],[-76.667646,37.076228],[-76.65811,37.096787],[-76.656894,37.109843],[-76.666542,37.138179],[-76.671588,37.14206],[-76.67147,37.158739],[-76.663774,37.173875],[-76.669886,37.183571],[-76.685614,37.198851],[-76.691918,37.195731],[-76.696735,37.174403],[-76.715295,37.148035],[-76.73032,37.145395],[-76.747632,37.150548],[-76.756899,37.161582],[-76.796905,37.189404],[-76.802511,37.198308],[-76.801023,37.206043],[-76.780532,37.209336],[-76.773752,37.206061],[-76.757765,37.191658],[-76.74304,37.192611],[-76.73432,37.204211],[-76.730951,37.213813],[-76.698943,37.219059],[-76.689166,37.222866],[-76.649869,37.220914],[-76.629868,37.206738],[-76.61934,37.192146],[-76.610972,37.166994],[-76.604476,37.160034],[-76.617084,37.144498],[-76.622252,37.142146],[-76.62478,37.127091],[-76.618252,37.119347],[-76.579499,37.096627],[-76.567931,37.080467],[-76.555066,37.075859],[-76.536875,37.083942],[-76.526203,37.077773],[-76.526273,37.062947],[-76.464471,37.027547],[-76.448231,37.007705],[-76.452118,36.998163],[-76.428869,36.969947],[-76.411768,36.962847],[-76.396368,36.982347],[-76.383367,36.993347],[-76.373567,36.998347],[-76.348066,37.006747],[-76.340666,37.015246],[-76.318065,37.013846],[-76.315008,37.001683],[-76.304272,37.001378],[-76.300352,37.00885],[-76.292863,37.035145],[-76.271262,37.084544],[-76.274463,37.094544],[-76.292344,37.126615],[-76.311088,37.138495],[-76.324353,37.142895],[-76.330481,37.141727],[-76.340129,37.151823],[-76.343234,37.166207],[-76.348658,37.170655],[-76.35969,37.16858],[-76.381379,37.155711],[-76.399659,37.160272],[-76.391252,37.179887],[-76.389284,37.193503],[-76.396052,37.201087],[-76.389793,37.222981],[-76.394132,37.22515],[-76.471799,37.216016],[-76.494008,37.225408],[-76.50364,37.233856],[-76.493302,37.24947],[-76.48284,37.254831],[-76.475927,37.250543],[-76.429141,37.25331],[-76.421765,37.255198],[-76.417173,37.26395],[-76.392788,37.264973],[-76.36229,37.270226],[-76.352556,37.278334],[-76.369029,37.279311],[-76.381075,37.28534],[-76.385603,37.294108],[-76.38777,37.30767],[-76.406388,37.332924],[-76.434965,37.354524],[-76.445333,37.36646],[-76.437525,37.37975],[-76.422503,37.381355],[-76.418176,37.385064],[-76.418719,37.3978],[-76.415167,37.402133],[-76.393125,37.398068],[-76.387112,37.385061],[-76.366751,37.374495],[-76.337476,37.364014],[-76.31205,37.338088],[-76.308581,37.329366],[-76.291324,37.324145],[-76.282555,37.319107],[-76.272005,37.322194],[-76.272888,37.335174],[-76.264847,37.357399],[-76.258277,37.36202],[-76.24846,37.375135],[-76.245283,37.386839],[-76.246617,37.404122],[-76.250454,37.421886],[-76.252415,37.447274],[-76.265056,37.481365],[-76.281043,37.507821],[-76.288167,37.514118],[-76.297651,37.515424],[-76.297739,37.506863],[-76.306952,37.497488],[-76.32947,37.49492],[-76.352678,37.504913],[-76.360474,37.51924],[-76.348992,37.536548],[-76.330598,37.536391],[-76.302762,37.551295],[-76.300144,37.561734],[-76.332641,37.570042],[-76.357835,37.573699],[-76.383188,37.573056],[-76.410781,37.581815],[-76.420252,37.598686],[-76.435474,37.612807],[-76.527188,37.611315],[-76.542666,37.616857],[-76.574049,37.646781],[-76.583143,37.661986],[-76.579591,37.671508],[-76.597868,37.702918],[-76.597213,37.717269],[-76.606466,37.724819],[-76.61997,37.731271],[-76.61971,37.744795],[-76.639962,37.750941],[-76.663887,37.751887],[-76.677002,37.7561],[-76.683372,37.765507],[-76.683775,37.781391],[-76.689773,37.78519],[-76.715498,37.785873],[-76.723863,37.788503],[-76.734309,37.79866],[-76.7512,37.824141],[-76.766328,37.840437],[-76.782826,37.863184],[-76.784618,37.869569],[-76.765711,37.879274],[-76.747552,37.875864],[-76.738395,37.865373],[-76.733046,37.852009],[-76.722156,37.83668],[-76.701606,37.822677],[-76.680197,37.825654],[-76.658302,37.806815],[-76.651413,37.796239],[-76.615351,37.780759],[-76.602024,37.772731],[-76.584289,37.76889],[-76.576387,37.757493],[-76.560476,37.727827],[-76.54005,37.704432],[-76.535302,37.687516],[-76.536548,37.663574],[-76.510187,37.642324],[-76.497564,37.647056],[-76.489576,37.666201],[-76.472392,37.665772],[-76.443254,37.652347],[-76.399236,37.628636],[-76.390054,37.630326],[-76.381106,37.627003],[-76.36232,37.610368],[-76.309174,37.621892],[-76.28037,37.613715],[-76.279447,37.618225],[-76.292534,37.636098],[-76.306464,37.642005],[-76.332562,37.645817],[-76.339892,37.655966],[-76.324808,37.676983],[-76.315161,37.68472],[-76.302545,37.689],[-76.302803,37.704474],[-76.312858,37.720338],[-76.304917,37.729913],[-76.312108,37.750522],[-76.306489,37.788646],[-76.310307,37.794849],[-76.307482,37.81235],[-76.293525,37.822717],[-76.284904,37.822308],[-76.282592,37.814109],[-76.275178,37.812664],[-76.266057,37.8174],[-76.251358,37.833072],[-76.245072,37.861918],[-76.236725,37.889174],[-76.265998,37.91138],[-76.343848,37.947345],[-76.360211,37.952329],[-76.391439,37.958742],[-76.416299,37.966828],[-76.427487,37.977038],[-76.462542,37.998572],[-76.469343,38.013544],[-76.491998,38.017222],[-76.516547,38.026566],[-76.522354,38.04259],[-76.535919,38.069532],[-76.543155,38.076971],[-76.579497,38.09487],[-76.600937,38.110084],[-76.604131,38.128771],[-76.613939,38.148587],[-76.629476,38.15305],[-76.643448,38.14825],[-76.665127,38.147638],[-76.684892,38.156497],[-76.701297,38.155718],[-76.704048,38.149264],[-76.721722,38.137635],[-76.738938,38.14651],[-76.743064,38.156988],[-76.760241,38.166581],[-76.788445,38.169199],[-76.824274,38.163639],[-76.838795,38.163476],[-76.875272,38.172207],[-76.910832,38.197073],[-76.937134,38.202384],[-76.962311,38.214075],[-76.967335,38.227185],[-76.957417,38.236341],[-76.96215,38.256486],[-76.981372,38.274214],[-76.99767,38.278047],[-77.026304,38.302685],[-77.030683,38.311623],[-77.020947,38.329273],[-77.016932,38.341697],[-77.011827,38.374554],[-77.024866,38.386791],[-77.043526,38.400548],[-77.056032,38.3962],[-77.069956,38.377895],[-77.08481,38.368297],[-77.104717,38.369655],[-77.138224,38.367917],[-77.155191,38.351047],[-77.162692,38.345994],[-77.17934,38.341915],[-77.199433,38.34089],[-77.240072,38.331598],[-77.265295,38.333165],[-77.279633,38.339444],[-77.28835,38.351286],[-77.288145,38.359477],[-77.296077,38.369797],[-77.317288,38.383576],[-77.310719,38.397669],[-77.319036,38.417803],[-77.32544,38.44885],[-77.322622,38.467131],[-77.310334,38.493926],[-77.300776,38.506978],[-77.283503,38.525221],[-77.276303,38.53962],[-77.276603,38.54712],[-77.26083,38.56533],[-77.26443,38.582845],[-77.247003,38.590618],[-77.245104,38.620717],[-77.248904,38.628617],[-77.240604,38.638917],[-77.216303,38.637817],[-77.202002,38.617217],[-77.174902,38.624217],[-77.157501,38.636417],[-77.1302,38.635017],[-77.135901,38.649817],[-77.132501,38.673816],[-77.121101,38.686616],[-77.1059,38.696815],[-77.074599,38.711015],[-77.041398,38.763914],[-77.038598,38.791513],[-77.031698,38.850512],[-77.040599,38.871212],[-77.068199,38.899811],[-77.0902,38.904211],[-77.1012,38.911111],[-77.1199,38.934311],[-77.137701,38.95531],[-77.148179,38.965002],[-77.166901,38.96811],[-77.197502,38.96681],[-77.221502,38.97131],[-77.235403,38.97661],[-77.249803,38.985909],[-77.255703,39.002409],[-77.251803,39.011409],[-77.261403,39.031009],[-77.291605,39.045408],[-77.340287,39.062991],[-77.375079,39.061297],[-77.42318,39.066878],[-77.458202,39.073723],[-77.519929,39.120925],[-77.524559,39.127821],[-77.527282,39.146236],[-77.516426,39.170891],[-77.505162,39.18205],[-77.478596,39.189168],[-77.458884,39.219826],[-77.46021,39.228359],[-77.484605,39.245941],[-77.511222,39.2535],[-77.534461,39.262361],[-77.560854,39.286152],[-77.592739,39.30129],[-77.667749,39.318129],[-77.719029,39.321125]]]]}},{"type":"Feature","properties":{"NAME":"Puerto Rico"},"geometry":{"type":"MultiPolygon","coordinates":[[[[-65.280764,18.288274],[-65.288941,18.299977],[-65.296515,18.302299],[-65.300238,18.294404],[-65.287257,18.277744],[-65.280764,18.288274]]],[[[-65.316371,18.30966],[-65.307027,18.301636],[-65.302536,18.310488],[-65.280502,18.306202],[-65.276037,18.296067],[-65.263937,18.290685],[-65.249857,18.296691],[-65.244424,18.303493],[-65.245095,18.309668],[-65.253174,18.318524],[-65.277319,18.332582],[-65.281657,18.32937],[-65.304409,18.332054],[-65.309833,18.337973],[-65.321754,18.338316],[-65.329334,18.341955],[-65.335701,18.349535],[-65.342068,18.34529],[-65.327318,18.323666],[-65.316885,18.314047],[-65.316371,18.30966]]],[[[-65.3277,18.295843],[-65.327821,18.30897],[-65.337451,18.308308],[-65.331398,18.29611],[-65.3277,18.295843]]],[[[-65.228485,18.323013],[-65.230025,18.311274],[-65.22111,18.311984],[-65.221568,18.320959],[-65.228485,18.323013]]],[[[-65.582967,18.246749],[-65.584892,18.256376],[-65.599627,18.255699],[-65.598153,18.247595],[-65.582967,18.246749]]],[[[-67.89174,18.11397],[-67.91088,18.119668],[-67.934479,18.111306],[-67.940799,18.079716],[-67.918778,18.063116],[-67.904431,18.05913],[-67.895921,18.052342],[-67.871462,18.0578],[-67.853098,18.078195],[-67.845293,18.081938],[-67.843202,18.094858],[-67.848245,18.10832],[-67.861548,18.122144],[-67.87643,18.114157],[-67.89174,18.11397]]],[[[-67.477976,18.378945],[-67.472368,18.382801],[-67.477922,18.390544],[-67.489346,18.387441],[-67.477976,18.378945]]],[[[-66.349647,18.486335],[-66.394287,18.489748],[-66.410344,18.489886],[-66.439961,18.485525],[-66.449184,18.470991],[-66.470292,18.46907],[-66.511609,18.476848],[-66.529476,18.482877],[-66.53484,18.481253],[-66.558503,18.489987],[-66.565241,18.485523],[-66.584074,18.484287],[-66.624618,18.494199],[-66.645839,18.488777],[-66.664364,18.487809],[-66.679876,18.484944],[-66.683719,18.481367],[-66.710743,18.472611],[-66.733986,18.473457],[-66.749301,18.476701],[-66.780311,18.491411],[-66.79932,18.492775],[-66.83694,18.487659],[-66.849673,18.490745],[-66.867386,18.490785],[-66.906872,18.483556],[-66.944636,18.491693],[-66.957733,18.489129],[-66.988958,18.497724],[-67.020276,18.510603],[-67.07929,18.513256],[-67.093752,18.515757],[-67.125655,18.511706],[-67.14283,18.505485],[-67.164144,18.487396],[-67.169016,18.478488],[-67.169011,18.466352],[-67.161746,18.453462],[-67.156619,18.439562],[-67.155245,18.424401],[-67.159608,18.415915],[-67.202167,18.389908],[-67.226744,18.378247],[-67.260671,18.370197],[-67.27135,18.362329],[-67.267484,18.353149],[-67.235137,18.299935],[-67.226081,18.296722],[-67.209963,18.294974],[-67.196056,18.290443],[-67.189971,18.281015],[-67.187843,18.266671],[-67.175429,18.248008],[-67.173,18.230666],[-67.158001,18.216719],[-67.152665,18.203493],[-67.155185,18.195001],[-67.180822,18.168055],[-67.176554,18.151046],[-67.182182,18.108507],[-67.183921,18.103683],[-67.199314,18.091135],[-67.198212,18.076828],[-67.186465,18.074195],[-67.184589,18.06775],[-67.196694,18.066491],[-67.209887,18.035439],[-67.193269,18.03185],[-67.173761,18.024548],[-67.172397,18.014906],[-67.177893,18.008882],[-67.207694,17.998019],[-67.215271,17.983464],[-67.21433,17.962436],[-67.210034,17.953595],[-67.200973,17.949896],[-67.194785,17.932826],[-67.183457,17.931135],[-67.188717,17.950989],[-67.183508,17.962706],[-67.167031,17.963073],[-67.133733,17.951919],[-67.128251,17.948153],[-67.109986,17.945806],[-67.089827,17.951418],[-67.076534,17.967759],[-67.062478,17.973819],[-67.024522,17.970722],[-67.014744,17.968468],[-66.996738,17.972899],[-66.987287,17.970663],[-66.980516,17.951648],[-66.959998,17.940216],[-66.927261,17.926875],[-66.919298,17.932062],[-66.931581,17.9369],[-66.930313,17.943389],[-66.912522,17.947446],[-66.909483,17.952559],[-66.916127,17.959102],[-66.930414,17.963127],[-66.924529,17.972808],[-66.906276,17.963368],[-66.904585,17.950527],[-66.899639,17.948298],[-66.88344,17.952526],[-66.862545,17.952022],[-66.856474,17.956553],[-66.838584,17.949931],[-66.8224,17.954499],[-66.80827,17.965635],[-66.787245,17.972914],[-66.789302,17.980793],[-66.805683,17.975052],[-66.806866,17.983786],[-66.799656,17.99245],[-66.770307,18.005955],[-66.755341,18.001203],[-66.746248,17.990349],[-66.731118,17.991658],[-66.716957,17.990344],[-66.709856,17.982109],[-66.672819,17.966451],[-66.664391,17.968259],[-66.657797,17.974605],[-66.645651,17.98026],[-66.631944,17.982746],[-66.623788,17.98105],[-66.605035,17.969015],[-66.589658,17.969386],[-66.583233,17.961229],[-66.510143,17.985618],[-66.491396,17.990262],[-66.461342,17.990273],[-66.412131,17.957286],[-66.391227,17.945819],[-66.385059,17.939004],[-66.371591,17.951469],[-66.362511,17.968231],[-66.33839,17.976458],[-66.323659,17.978536],[-66.31695,17.976683],[-66.297679,17.959148],[-66.290782,17.946491],[-66.270905,17.947098],[-66.260684,17.936083],[-66.232013,17.931154],[-66.231519,17.943912],[-66.218081,17.95729],[-66.206807,17.963307],[-66.176814,17.950438],[-66.185554,17.940997],[-66.202655,17.944753],[-66.213374,17.944614],[-66.206961,17.932268],[-66.200174,17.929515],[-66.186914,17.935363],[-66.161232,17.931747],[-66.155387,17.929406],[-66.140661,17.94102],[-66.127009,17.946953],[-66.116194,17.949141],[-66.08141,17.966552],[-66.068678,17.966335],[-66.058217,17.959238],[-66.046585,17.954853],[-66.024,17.975896],[-66.017308,17.979583],[-65.995185,17.978989],[-65.976611,17.967669],[-65.924738,17.976087],[-65.905319,17.983974],[-65.896102,17.99026],[-65.884937,17.988521],[-65.870335,18.006597],[-65.839591,18.015077],[-65.832429,18.014916],[-65.834274,18.038988],[-65.83109,18.050664],[-65.817107,18.063378],[-65.809174,18.056818],[-65.801831,18.058527],[-65.795028,18.073561],[-65.796711,18.083746],[-65.777584,18.129239],[-65.766919,18.148424],[-65.758728,18.156601],[-65.743632,18.163957],[-65.734664,18.180368],[-65.717999,18.190176],[-65.695856,18.179324],[-65.690749,18.19499],[-65.664127,18.207136],[-65.639688,18.205656],[-65.635281,18.199975],[-65.628414,18.205149],[-65.638181,18.229121],[-65.626731,18.235484],[-65.615981,18.227389],[-65.593795,18.224059],[-65.597618,18.234289],[-65.623111,18.248012],[-65.630833,18.264989],[-65.635826,18.288271],[-65.626456,18.298982],[-65.628047,18.328252],[-65.63419,18.338965],[-65.628198,18.353711],[-65.619068,18.367755],[-65.614891,18.382473],[-65.624975,18.386553],[-65.627246,18.376436],[-65.634431,18.369835],[-65.668845,18.361939],[-65.699069,18.368156],[-65.733567,18.382211],[-65.742154,18.380459],[-65.750455,18.385208],[-65.771695,18.406277],[-65.774937,18.413951],[-65.787666,18.402544],[-65.794556,18.402845],[-65.816691,18.410663],[-65.831476,18.426849],[-65.838825,18.431865],[-65.878683,18.438322],[-65.904988,18.450926],[-65.907756,18.446893],[-65.92567,18.444881],[-65.958492,18.451354],[-65.99079,18.460419],[-65.99718,18.449895],[-66.006523,18.444347],[-66.023221,18.443875],[-66.043272,18.453655],[-66.073987,18.4581],[-66.092098,18.466535],[-66.125015,18.470435],[-66.123188,18.45943],[-66.127938,18.444632],[-66.138532,18.453305],[-66.139451,18.462387],[-66.159796,18.451706],[-66.172315,18.451462],[-66.192664,18.466212],[-66.220148,18.466],[-66.241797,18.46874],[-66.258015,18.476906],[-66.269799,18.480281],[-66.283675,18.472203],[-66.315477,18.474724],[-66.337728,18.48562],[-66.349647,18.486335]]],[[[-65.308717,18.145172],[-65.313476,18.144296],[-65.334289,18.147761],[-65.371373,18.157517],[-65.399517,18.161935],[-65.437058,18.15766],[-65.46791,18.143767],[-65.489829,18.135912],[-65.511712,18.13284],[-65.546199,18.119329],[-65.575579,18.115669],[-65.57686,18.103224],[-65.569305,18.091616],[-65.558646,18.08566],[-65.542087,18.081177],[-65.524209,18.081977],[-65.507265,18.091646],[-65.47979,18.096352],[-65.468768,18.092643],[-65.465849,18.087715],[-65.45138,18.086096],[-65.426311,18.093749],[-65.411767,18.106211],[-65.364733,18.120377],[-65.350493,18.111914],[-65.338506,18.112439],[-65.322794,18.126589],[-65.296036,18.12799],[-65.275165,18.13443],[-65.287962,18.148097],[-65.302295,18.141089],[-65.308717,18.145172]]]]}},{"type":"Feature","properties":{"NAME":"Delaware"},"geometry":{"type":"MultiPolygon","coordinates":[[[[-75.55587,39.605824],[-75.559446,39.629812],[-75.570798,39.626768],[-75.567694,39.613744],[-75.55587,39.605824]]],[[[-75.415041,39.801786],[-75.428038,39.809212],[-75.45374,39.820312],[-75.498843,39.833312],[-75.539346,39.838211],[-75.579849,39.838526],[-75.595756,39.837156],[-75.634706,39.830164],[-75.662822,39.82115],[-75.685991,39.811054],[-75.716969,39.791998],[-75.739705,39.772623],[-75.788359,39.721811],[-75.788658,39.681911],[-75.78745,39.637455],[-75.77924,39.534737],[-75.766693,39.377537],[-75.747671,39.143345],[-75.745793,39.114935],[-75.725829,38.869296],[-75.707352,38.635359],[-75.698777,38.522001],[-75.693521,38.460128],[-75.662843,38.458759],[-75.559934,38.455579],[-75.428728,38.452671],[-75.371054,38.452107],[-75.185413,38.451013],[-75.048939,38.451263],[-75.049748,38.486387],[-75.060032,38.607709],[-75.065217,38.632394],[-75.06551,38.66103],[-75.079221,38.738238],[-75.082153,38.772157],[-75.089473,38.797198],[-75.097103,38.788703],[-75.113331,38.782998],[-75.134022,38.782242],[-75.159022,38.790193],[-75.190552,38.806861],[-75.205329,38.823386],[-75.232029,38.844254],[-75.263115,38.877351],[-75.304078,38.91316],[-75.312282,38.924594],[-75.302552,38.939002],[-75.311542,38.944633],[-75.311607,38.967637],[-75.318354,38.988191],[-75.34089,39.01996],[-75.345763,39.024857],[-75.379873,39.04879],[-75.396277,39.057884],[-75.402035,39.066885],[-75.401193,39.088762],[-75.410625,39.156246],[-75.408266,39.174625],[-75.400144,39.186456],[-75.39479,39.188354],[-75.393015,39.204512],[-75.396892,39.216141],[-75.405716,39.223834],[-75.405927,39.243631],[-75.402964,39.254626],[-75.408376,39.264698],[-75.427953,39.285049],[-75.435374,39.296676],[-75.439027,39.313384],[-75.460423,39.328236],[-75.469324,39.33082],[-75.490377,39.342818],[-75.494158,39.354613],[-75.505276,39.359169],[-75.512996,39.366153],[-75.523583,39.391583],[-75.535977,39.409384],[-75.538512,39.416502],[-75.55589,39.430351],[-75.57183,39.438897],[-75.589439,39.460812],[-75.593068,39.479186],[-75.587729,39.496353],[-75.576436,39.509195],[-75.566933,39.508273],[-75.560728,39.520472],[-75.570362,39.527223],[-75.565636,39.558509],[-75.563034,39.56224],[-75.592224,39.583568],[-75.603584,39.58896],[-75.611873,39.597408],[-75.614929,39.615952],[-75.611969,39.621968],[-75.587147,39.651012],[-75.562246,39.656712],[-75.529744,39.692613],[-75.509742,39.686113],[-75.504042,39.698313],[-75.475384,39.731057],[-75.466249,39.750769],[-75.448135,39.773969],[-75.437938,39.783413],[-75.416095,39.79583],[-75.415041,39.801786]]]]}},{"type":"Feature","properties":{"NAME":"West Virginia"},"geometry":{"type":"Polygon","coordinates":[[[-81.968297,37.537798],[-81.92787,37.512118],[-81.94264,37.508844],[-81.992916,37.482969],[-81.996578,37.476705],[-81.99227,37.460916],[-81.987006,37.454878],[-81.968795,37.451496],[-81.949367,37.445687],[-81.935621,37.438397],[-81.92749,37.413251],[-81.933895,37.372747],[-81.925643,37.357316],[-81.899495,37.341102],[-81.893773,37.330105],[-81.878713,37.331753],[-81.865219,37.308839],[-81.853978,37.300418],[-81.854059,37.291352],[-81.843167,37.285586],[-81.793425,37.281674],[-81.774747,37.274847],[-81.761752,37.275713],[-81.747656,37.264329],[-81.744291,37.244178],[-81.73332,37.238127],[-81.728194,37.239823],[-81.683544,37.211452],[-81.678603,37.202467],[-81.560625,37.206663],[-81.507325,37.2338],[-81.504168,37.250115],[-81.409729,37.284837],[-81.388132,37.319903],[-81.377349,37.318447],[-81.367599,37.327569],[-81.362156,37.337687],[-81.320105,37.299323],[-81.225104,37.234874],[-81.204774,37.243013],[-81.167029,37.262881],[-81.112596,37.278497],[-81.084012,37.284401],[-81.034652,37.290751],[-80.981322,37.293465],[-80.973889,37.291444],[-80.947896,37.295872],[-80.919259,37.306163],[-80.900535,37.315],[-80.849451,37.346909],[-80.872589,37.372347],[-80.85836,37.428168],[-80.811639,37.407507],[-80.798869,37.395807],[-80.776766,37.384131],[-80.770082,37.372363],[-80.622664,37.433307],[-80.511391,37.481672],[-80.494867,37.43507],[-80.475601,37.422949],[-80.46482,37.426144],[-80.443025,37.438126],[-80.425656,37.449876],[-80.320627,37.49888],[-80.314806,37.500943],[-80.330306,37.536244],[-80.312393,37.546239],[-80.288766,37.58196],[-80.240272,37.606961],[-80.220984,37.627767],[-80.239288,37.637672],[-80.267455,37.646108],[-80.292258,37.683732],[-80.296138,37.691783],[-80.287107,37.696403],[-80.263936,37.719137],[-80.259342,37.731205],[-80.262765,37.738336],[-80.257411,37.756084],[-80.227092,37.798886],[-80.162202,37.875122],[-80.130464,37.893194],[-80.002507,37.992767],[-79.978427,38.029082],[-79.959844,38.063697],[-79.933911,38.099168],[-79.931034,38.101402],[-79.938394,38.130563],[-79.925251,38.150465],[-79.921026,38.179954],[-79.891999,38.203378],[-79.788945,38.268703],[-79.810115,38.305037],[-79.808711,38.309429],[-79.731661,38.374143],[-79.689544,38.442511],[-79.688205,38.450476],[-79.699006,38.475148],[-79.695565,38.477842],[-79.669128,38.510883],[-79.649075,38.591515],[-79.597955,38.572767],[-79.555471,38.560217],[-79.53687,38.550917],[-79.521469,38.533918],[-79.476638,38.457228],[-79.312276,38.411876],[-79.297758,38.416438],[-79.280263,38.425475],[-79.282663,38.431021],[-79.267414,38.438322],[-79.26291,38.444586],[-79.210026,38.494231],[-79.207884,38.500428],[-79.174881,38.566314],[-79.146974,38.625641],[-79.135472,38.644057],[-79.092271,38.699208],[-79.092555,38.700149],[-79.057253,38.761413],[-79.055354,38.782213],[-78.999752,38.846162],[-78.993997,38.850102],[-78.869276,38.762991],[-78.835191,38.811499],[-78.808181,38.856175],[-78.788031,38.885123],[-78.779198,38.892298],[-78.719806,38.922638],[-78.710949,38.910175],[-78.601655,38.964603],[-78.557647,39.013189],[-78.554222,39.019672],[-78.571901,39.031995],[-78.508132,39.08863],[-78.459869,39.113351],[-78.439429,39.132146],[-78.418377,39.156656],[-78.41074,39.171983],[-78.426722,39.188903],[-78.438651,39.198049],[-78.423968,39.212049],[-78.399785,39.244129],[-78.34048,39.353492],[-78.362267,39.357784],[-78.347087,39.466012],[-78.228766,39.391233],[-78.032841,39.264403],[-77.828157,39.132329],[-77.822182,39.139985],[-77.771415,39.236776],[-77.767277,39.24938],[-77.768992,39.256417],[-77.761768,39.263031],[-77.750267,39.289284],[-77.719029,39.321125],[-77.727379,39.321666],[-77.755789,39.333899],[-77.760435,39.344171],[-77.739204,39.38573],[-77.765442,39.428574],[-77.807821,39.490241],[-77.845105,39.498285],[-77.865423,39.516472],[-77.888945,39.55595],[-77.884536,39.568174],[-77.902649,39.587796],[-77.946442,39.58491],[-78.009985,39.602893],[-78.035992,39.63572],[-78.074595,39.666686],[-78.107834,39.682137],[-78.143478,39.690412],[-78.176625,39.695967],[-78.191107,39.690262],[-78.224337,39.66327],[-78.271122,39.619642],[-78.283039,39.62047],[-78.313033,39.631001],[-78.355218,39.640576],[-78.43025,39.62329],[-78.457187,39.587379],[-78.458456,39.581158],[-78.450207,39.570889],[-78.432033,39.561053],[-78.436939,39.538959],[-78.468639,39.516789],[-78.565929,39.519444],[-78.655984,39.534695],[-78.689455,39.54577],[-78.760196,39.582154],[-78.772048,39.593833],[-78.760497,39.609984],[-78.787461,39.627492],[-78.824788,39.590233],[-78.874744,39.522611],[-78.968996,39.441543],[-79.025681,39.465539],[-79.04244,39.479339],[-79.08445,39.471356],[-79.201676,39.379726],[-79.213192,39.367897],[-79.25688,39.356077],[-79.378687,39.27192],[-79.402911,39.250106],[-79.486873,39.205961],[-79.485874,39.264905],[-79.487651,39.279933],[-79.482648,39.521364],[-79.478866,39.531689],[-79.476662,39.721078],[-79.610623,39.721245],[-79.763774,39.720776],[-79.916266,39.720792],[-80.308651,39.721283],[-80.421388,39.721189],[-80.519342,39.721403],[-80.519248,39.936967],[-80.51896,40.078089],[-80.519056,40.172771],[-80.517991,40.398868],[-80.519057,40.517922],[-80.518991,40.638801],[-80.56072,40.62368],[-80.589041,40.620128],[-80.601494,40.625387],[-80.627171,40.619936],[-80.634355,40.616095],[-80.665892,40.587728],[-80.666917,40.573664],[-80.610259,40.490962],[-80.599194,40.482566],[-80.612295,40.434867],[-80.619196,40.381768],[-80.609313,40.360468],[-80.599895,40.317669],[-80.602895,40.307069],[-80.616696,40.28027],[-80.637198,40.25507],[-80.652098,40.24497],[-80.705482,40.153047],[-80.726504,40.089072],[-80.733104,40.058772],[-80.731504,40.037472],[-80.740126,39.970793],[-80.759455,39.958233],[-80.806018,39.91713],[-80.809619,39.905626],[-80.806179,39.897306],[-80.829764,39.711839],[-80.831871,39.705655],[-80.88036,39.620706],[-80.892208,39.616756],[-80.943782,39.606926],[-81.020055,39.55541],[-81.063587,39.520497],[-81.215617,39.388602],[-81.223581,39.386062],[-81.249088,39.389992],[-81.270716,39.385914],[-81.295373,39.37529],[-81.347567,39.34577],[-81.375961,39.341697],[-81.384556,39.343449],[-81.393794,39.351706],[-81.406689,39.38809],[-81.412706,39.394618],[-81.435642,39.408474],[-81.456143,39.409274],[-81.467744,39.403774],[-81.542346,39.352874],[-81.605816,39.275851],[-81.695724,39.242859],[-81.740061,39.190652],[-81.749853,39.186489],[-81.747253,39.095378],[-81.812355,39.082078],[-81.814155,39.073478],[-81.811655,39.059578],[-81.803355,39.047678],[-81.772854,39.026179],[-81.764253,39.015279],[-81.756131,38.933545],[-81.759995,38.925828],[-81.874857,38.881174],[-81.908645,38.87846],[-81.926967,38.891602],[-81.926671,38.901311],[-81.90091,38.924338],[-81.900595,38.937671],[-81.919783,38.968494],[-81.935619,38.9895],[-82.002261,39.027878],[-82.017562,39.030078],[-82.035963,39.025478],[-82.041563,39.017878],[-82.045663,39.003778],[-82.051563,38.994378],[-82.093165,38.97098],[-82.139279,38.866407],[-82.184428,38.816529],[-82.191172,38.815137],[-82.215759,38.797462],[-82.221566,38.787187],[-82.220449,38.773739],[-82.198882,38.757725],[-82.188268,38.734082],[-82.182467,38.708782],[-82.172066,38.625984],[-82.177267,38.603784],[-82.193824,38.593096],[-82.218967,38.591683],[-82.245969,38.598483],[-82.26207,38.598183],[-82.27427,38.593683],[-82.291271,38.578983],[-82.295571,38.539783],[-82.313935,38.468084],[-82.320223,38.454516],[-82.330335,38.4445],[-82.34064,38.440948],[-82.520178,38.407582],[-82.560664,38.404338],[-82.593673,38.421809],[-82.597113,38.412881],[-82.595369,38.382722],[-82.571877,38.315781],[-82.574656,38.263873],[-82.584001,38.246371],[-82.60423,38.247303],[-82.644739,38.165487],[-82.636466,38.13786],[-82.621164,38.123239],[-82.600127,38.117389],[-82.547284,38.061094],[-82.539139,38.039093],[-82.519665,38.008538],[-82.509812,38.001249],[-82.487732,37.99833],[-82.465473,37.98478],[-82.464987,37.976859],[-82.4973,37.945507],[-82.500386,37.936518],[-82.474666,37.910388],[-82.417679,37.870658],[-82.329867,37.775897],[-82.319023,37.758892],[-82.326404,37.740815],[-82.325739,37.735799],[-82.307235,37.707669],[-82.297011,37.687273],[-82.25028,37.657776],[-82.21967,37.643046],[-82.141814,37.595052],[-82.125601,37.579021],[-82.125892,37.574031],[-82.116584,37.559588],[-82.048521,37.531078],[-82.008274,37.533357],[-81.998177,37.543082],[-81.968297,37.537798]]]}},{"type":"Feature","properties":{"NAME":"Wisconsin"},"geometry":{"type":"MultiPolygon","coordinates":[[[[-90.456677,47.016737],[-90.465465,47.002593],[-90.464079,46.994636],[-90.429397,47.00561],[-90.413428,47.01317],[-90.403499,47.025366],[-90.400409,47.046588],[-90.393035,47.067877],[-90.395367,47.077175],[-90.417272,47.07757],[-90.437271,47.073483],[-90.449075,47.066013],[-90.457128,47.044058],[-90.456677,47.016737]]],[[[-90.636718,46.861323],[-90.656946,46.843476],[-90.675364,46.833929],[-90.712381,46.820743],[-90.727818,46.810434],[-90.733001,46.800219],[-90.758586,46.796214],[-90.790231,46.786103],[-90.783086,46.772939],[-90.788515,46.753313],[-90.763647,46.754927],[-90.739425,46.768021],[-90.716456,46.785418],[-90.696465,46.78204],[-90.657179,46.7888],[-90.65531,46.799173],[-90.670049,46.799496],[-90.685753,46.805003],[-90.676133,46.818986],[-90.613822,46.837942],[-90.584489,46.839825],[-90.568874,46.847252],[-90.587392,46.858056],[-90.602552,46.872706],[-90.622048,46.872872],[-90.636718,46.861323]]],[[[-90.579568,46.91823],[-90.569169,46.920309],[-90.549104,46.915461],[-90.535368,46.931486],[-90.524056,46.935664],[-90.508157,46.956836],[-90.511623,46.961407],[-90.528804,46.968497],[-90.601153,46.952457],[-90.634507,46.942944],[-90.651834,46.925267],[-90.654796,46.919249],[-90.64412,46.908373],[-90.637124,46.906724],[-90.579568,46.91823]]],[[[-86.945964,45.407673],[-86.955204,45.383721],[-86.946297,45.35869],[-86.956198,45.352006],[-86.956129,45.342267],[-86.948087,45.335296],[-86.937368,45.333065],[-86.913995,45.31211],[-86.904898,45.296839],[-86.896928,45.2983],[-86.899488,45.322588],[-86.887802,45.332259],[-86.875117,45.33087],[-86.865499,45.340981],[-86.867743,45.353065],[-86.863563,45.364888],[-86.853103,45.370861],[-86.841432,45.389601],[-86.824383,45.406135],[-86.808303,45.406067],[-86.805868,45.412903],[-86.810055,45.422619],[-86.817069,45.426963],[-86.8309,45.426023],[-86.830353,45.410852],[-86.853145,45.405547],[-86.861472,45.412067],[-86.877502,45.413981],[-86.892893,45.40898],[-86.917686,45.40789],[-86.928045,45.411273],[-86.937393,45.420966],[-86.945964,45.407673]]],[[[-87.800477,42.49192],[-87.809672,42.51482],[-87.812273,42.52982],[-87.813273,42.57922],[-87.810873,42.58732],[-87.819374,42.60662],[-87.819674,42.61582],[-87.814674,42.64402],[-87.803074,42.675419],[-87.782374,42.708219],[-87.778627,42.727299],[-87.782174,42.747719],[-87.778174,42.762819],[-87.769774,42.773719],[-87.766675,42.784896],[-87.773699,42.793481],[-87.793976,42.806218],[-87.823278,42.835318],[-87.834879,42.856717],[-87.84778,42.889216],[-87.842681,42.944116],[-87.845181,42.962015],[-87.857182,42.978015],[-87.878683,42.992415],[-87.887683,43.000514],[-87.895784,43.015814],[-87.898684,43.028813],[-87.895084,43.042313],[-87.882084,43.051113],[-87.870184,43.064412],[-87.866484,43.074412],[-87.876084,43.099011],[-87.893185,43.114011],[-87.900485,43.12591],[-87.900285,43.13731],[-87.892285,43.14871],[-87.881085,43.170609],[-87.887586,43.186608],[-87.896286,43.197108],[-87.910087,43.235907],[-87.911787,43.250406],[-87.901847,43.284117],[-87.889207,43.307652],[-87.882392,43.352099],[-87.877448,43.369235],[-87.865048,43.39357],[-87.855608,43.405441],[-87.827319,43.434849],[-87.807799,43.461136],[-87.793239,43.492783],[-87.797336,43.510623],[-87.797608,43.52731],[-87.790135,43.563054],[-87.781255,43.578493],[-87.734312,43.63919],[-87.706204,43.679542],[-87.702685,43.687596],[-87.702985,43.706395],[-87.709885,43.735795],[-87.702985,43.749695],[-87.700251,43.76735],[-87.726405,43.810442],[-87.7296,43.831782],[-87.728698,43.852524],[-87.736017,43.873721],[-87.736178,43.880421],[-87.726803,43.903133],[-87.719041,43.937781],[-87.703951,43.956651],[-87.69892,43.965936],[-87.695503,43.989582],[-87.683361,44.020139],[-87.671316,44.03735],[-87.656083,44.051794],[-87.653483,44.067194],[-87.655183,44.081894],[-87.646583,44.104694],[-87.621082,44.121895],[-87.600882,44.131695],[-87.563181,44.144195],[-87.53994,44.15969],[-87.51966,44.17987],[-87.512903,44.192808],[-87.507419,44.210803],[-87.508419,44.229669],[-87.521755,44.259957],[-87.541155,44.293143],[-87.545382,44.321385],[-87.533583,44.351111],[-87.521047,44.367526],[-87.517597,44.375696],[-87.517965,44.394356],[-87.506362,44.423804],[-87.498662,44.460686],[-87.490024,44.477224],[-87.483696,44.511354],[-87.468093,44.551925],[-87.446963,44.586274],[-87.437493,44.605071],[-87.418028,44.62087],[-87.40541,44.627191],[-87.393521,44.640655],[-87.368263,44.684141],[-87.353789,44.701915],[-87.343508,44.719228],[-87.337584,44.737751],[-87.318982,44.771335],[-87.320397,44.784963],[-87.304824,44.804603],[-87.282561,44.814729],[-87.27603,44.83318],[-87.267441,44.846851],[-87.204545,44.875593],[-87.206285,44.885928],[-87.217195,44.897839],[-87.215977,44.906597],[-87.204238,44.916819],[-87.1717,44.931476],[-87.17524,44.939753],[-87.188375,44.948077],[-87.189407,44.968632],[-87.181901,44.980887],[-87.163529,45.00489],[-87.139384,45.012565],[-87.124808,45.042167],[-87.121156,45.058311],[-87.091639,45.055145],[-87.081866,45.059103],[-87.079552,45.070783],[-87.063157,45.079316],[-87.057444,45.087467],[-87.048213,45.089124],[-87.048951,45.108718],[-87.054342,45.119968],[-87.045748,45.134987],[-87.028847,45.14637],[-87.045225,45.158401],[-87.045899,45.173902],[-87.040909,45.211535],[-87.032521,45.222274],[-87.00754,45.222127],[-87.002806,45.211773],[-86.985973,45.215872],[-86.978759,45.227333],[-86.973022,45.246399],[-86.982669,45.249117],[-86.984398,45.264366],[-86.970355,45.278455],[-86.983355,45.295368],[-86.994112,45.298061],[-87.017036,45.299254],[-87.034206,45.287758],[-87.0517,45.285888],[-87.057627,45.292838],[-87.071035,45.280355],[-87.078316,45.265723],[-87.108743,45.257003],[-87.122819,45.222997],[-87.119405,45.20544],[-87.119972,45.191103],[-87.13303,45.192843],[-87.147709,45.190711],[-87.167179,45.183594],[-87.175068,45.17305],[-87.195213,45.16311],[-87.21437,45.165735],[-87.221971,45.175039],[-87.23822,45.167262],[-87.242924,45.149377],[-87.240308,45.137886],[-87.250487,45.131289],[-87.257449,45.121644],[-87.260542,45.092585],[-87.264877,45.081361],[-87.28428,45.063694],[-87.302831,45.052447],[-87.322117,45.034201],[-87.336457,45.01353],[-87.360288,44.987643],[-87.374805,44.956631],[-87.393405,44.934393],[-87.405005,44.911806],[-87.406199,44.90449],[-87.393399,44.898199],[-87.383631,44.885115],[-87.384821,44.865532],[-87.405541,44.860047],[-87.419951,44.87594],[-87.420327,44.887596],[-87.437084,44.892718],[-87.478489,44.863572],[-87.501578,44.864285],[-87.515142,44.869596],[-87.530999,44.857437],[-87.550288,44.85129],[-87.573175,44.853118],[-87.581306,44.851791],[-87.610063,44.838384],[-87.637104,44.813575],[-87.6463,44.798739],[-87.688207,44.758892],[-87.705852,44.738225],[-87.720889,44.724548],[-87.718409,44.707811],[-87.71978,44.693246],[-87.729836,44.682015],[-87.748409,44.667122],[-87.750899,44.656192],[-87.765774,44.642023],[-87.77516,44.639281],[-87.808819,44.636338],[-87.830848,44.623583],[-87.866884,44.608434],[-87.903689,44.581317],[-87.898888,44.574135],[-87.917,44.548093],[-87.929001,44.535993],[-87.943801,44.529693],[-87.970702,44.530292],[-88.005518,44.539216],[-88.042414,44.566589],[-88.036103,44.576792],[-88.027103,44.578992],[-88.016404,44.592092],[-88.012395,44.602438],[-87.998716,44.609288],[-88.009463,44.630398],[-88.009766,44.637081],[-88.002085,44.664035],[-87.99011,44.668455],[-87.989717,44.686582],[-87.983494,44.720196],[-87.964714,44.74357],[-87.95156,44.753107],[-87.941453,44.75608],[-87.926816,44.778555],[-87.904484,44.818723],[-87.901137,44.827365],[-87.878218,44.839016],[-87.866237,44.840481],[-87.848324,44.87044],[-87.838359,44.873987],[-87.827751,44.891229],[-87.839561,44.905607],[-87.844299,44.918524],[-87.839028,44.931718],[-87.819525,44.951109],[-87.812989,44.954013],[-87.766872,44.965254],[-87.696492,44.974233],[-87.661964,44.973035],[-87.630298,44.976865],[-87.624693,45.014176],[-87.625748,45.045157],[-87.610395,45.075617],[-87.601849,45.082297],[-87.587992,45.085271],[-87.590208,45.095264],[-87.659952,45.107512],[-87.731389,45.170989],[-87.735282,45.176565],[-87.741732,45.198201],[-87.73171,45.206792],[-87.711722,45.243481],[-87.709137,45.260341],[-87.648126,45.339396],[-87.647729,45.350721],[-87.657349,45.368752],[-87.675017,45.382454],[-87.693956,45.389893],[-87.718891,45.377462],[-87.751452,45.351755],[-87.771384,45.35121],[-87.790324,45.353444],[-87.832612,45.352249],[-87.838141,45.345101],[-87.850133,45.340435],[-87.88517,45.351736],[-87.888052,45.354697],[-87.860432,45.423504],[-87.820348,45.460284],[-87.812976,45.464159],[-87.79896,45.485147],[-87.792769,45.499967],[-87.788798,45.565947],[-87.792016,45.616756],[-87.79588,45.618846],[-87.824102,45.647138],[-87.823672,45.659817],[-87.781623,45.67328],[-87.780808,45.680349],[-87.807144,45.708014],[-87.868111,45.749477],[-87.991447,45.795393],[-88.039729,45.789626],[-88.050634,45.780972],[-88.072091,45.780261],[-88.094047,45.785658],[-88.130434,45.81002],[-88.13364,45.823128],[-88.114267,45.837891],[-88.106622,45.841072],[-88.088825,45.85586],[-88.073134,45.871952],[-88.073944,45.875593],[-88.102603,45.909888],[-88.139372,45.929932],[-88.175532,45.944897],[-88.202247,45.949584],[-88.211158,45.944531],[-88.239672,45.948982],[-88.250133,45.963147],[-88.295559,45.951459],[-88.376447,45.989458],[-88.423437,45.98193],[-88.489608,45.991381],[-88.497417,45.995149],[-88.507188,46.0183],[-88.532414,46.021212],[-88.613063,45.990627],[-88.616405,45.9877],[-88.6375,45.98496],[-88.666056,45.988191],[-88.674606,46.010567],[-88.679132,46.013538],[-88.730675,46.026535],[-88.739994,46.027308],[-88.769712,46.018968],[-88.815629,46.02232],[-88.840584,46.031112],[-88.85027,46.040274],[-89.058745,46.124952],[-89.125136,46.144531],[-89.276883,46.174116],[-89.908196,46.296037],[-90.120489,46.336852],[-90.119757,46.359748],[-90.134656,46.374979],[-90.166909,46.439311],[-90.17786,46.440548],[-90.204572,46.478998],[-90.284545,46.518714],[-90.307716,46.518392],[-90.313894,46.516199],[-90.357676,46.540271],[-90.374461,46.539212],[-90.400429,46.544384],[-90.414464,46.55732],[-90.418136,46.566094],[-90.437596,46.561492],[-90.47376,46.574178],[-90.505909,46.589614],[-90.525498,46.586926],[-90.537962,46.581081],[-90.558141,46.586384],[-90.586249,46.599863],[-90.627885,46.623839],[-90.694721,46.664402],[-90.73726,46.692267],[-90.74809,46.669817],[-90.756495,46.664591],[-90.755287,46.646289],[-90.770192,46.636127],[-90.794775,46.624941],[-90.829031,46.616066],[-90.86712,46.601911],[-90.873154,46.601223],[-90.905572,46.583524],[-90.918266,46.58307],[-90.94193,46.588419],[-90.951476,46.597033],[-90.949621,46.602975],[-90.93868,46.608322],[-90.924487,46.625417],[-90.915152,46.65841],[-90.911281,46.663083],[-90.885869,46.670374],[-90.868468,46.680375],[-90.853829,46.693457],[-90.852704,46.699582],[-90.870396,46.723293],[-90.883396,46.746987],[-90.885021,46.756341],[-90.866586,46.764408],[-90.859445,46.773985],[-90.863542,46.780565],[-90.856531,46.788885],[-90.835607,46.789759],[-90.825696,46.803858],[-90.798936,46.823143],[-90.780972,46.858989],[-90.77017,46.876296],[-90.751031,46.887963],[-90.754552,46.89827],[-90.785606,46.926431],[-90.837716,46.957438],[-90.855874,46.962232],[-90.879621,46.958088],[-90.908598,46.941305],[-90.913838,46.9334],[-90.921811,46.931322],[-90.954537,46.938429],[-90.964865,46.94378],[-90.973755,46.941304],[-90.984617,46.925602],[-90.995149,46.917577],[-91.019141,46.911502],[-91.034518,46.903053],[-91.03989,46.88923],[-91.052991,46.881325],[-91.06822,46.878309],[-91.080951,46.883609],[-91.093714,46.879882],[-91.096565,46.86153],[-91.10549,46.85762],[-91.123109,46.856173],[-91.136512,46.860975],[-91.133337,46.870341],[-91.140165,46.873201],[-91.147837,46.863082],[-91.167601,46.84476],[-91.178292,46.844259],[-91.200107,46.854017],[-91.207524,46.865835],[-91.226796,46.86361],[-91.232733,46.860035],[-91.250806,46.841135],[-91.265866,46.833944],[-91.302295,46.830343],[-91.33825,46.817704],[-91.368819,46.793836],[-91.391469,46.790205],[-91.411799,46.78964],[-91.423713,46.78217],[-91.449327,46.773303],[-91.470181,46.768911],[-91.492429,46.766663],[-91.511077,46.757453],[-91.537115,46.754788],[-91.574291,46.757488],[-91.590684,46.754331],[-91.645502,46.734733],[-91.74965,46.709129],[-91.790132,46.694675],[-91.820027,46.690176],[-91.840288,46.689693],[-91.857462,46.692362],[-91.886963,46.690211],[-91.942988,46.679939],[-91.961889,46.682539],[-91.987889,46.692739],[-92.007989,46.705039],[-92.01529,46.706469],[-92.03399,46.708939],[-92.08949,46.74924],[-92.11659,46.74864],[-92.189091,46.717541],[-92.196575,46.7021],[-92.187795,46.690185],[-92.187592,46.678941],[-92.202292,46.655041],[-92.212392,46.649941],[-92.242493,46.649241],[-92.269948,46.65193],[-92.292192,46.663242],[-92.291597,46.624941],[-92.29286,46.41722],[-92.292999,46.321894],[-92.293857,46.180073],[-92.29353,46.113824],[-92.294033,46.074377],[-92.326877,46.066618],[-92.443285,46.014648],[-92.656125,45.924442],[-92.707702,45.894901],[-92.721128,45.883805],[-92.734039,45.868108],[-92.76249,45.819239],[-92.76843,45.79801],[-92.784621,45.764196],[-92.803971,45.749805],[-92.841051,45.730024],[-92.863703,45.72182],[-92.869193,45.717568],[-92.883987,45.65487],[-92.888114,45.628377],[-92.886421,45.594881],[-92.883749,45.575483],[-92.871082,45.567581],[-92.823309,45.560934],[-92.803432,45.5625],[-92.72623,45.531085],[-92.680234,45.464344],[-92.664102,45.393309],[-92.704794,45.326526],[-92.732594,45.304224],[-92.751735,45.292667],[-92.760615,45.278827],[-92.76713,45.194165],[-92.792875,45.078489],[-92.791206,45.045698],[-92.768606,45.008016],[-92.750645,44.937299],[-92.765461,44.836202],[-92.784443,44.793958],[-92.802402,44.745167],[-92.737259,44.717155],[-92.632105,44.649027],[-92.621733,44.638983],[-92.619774,44.629214],[-92.549685,44.576],[-92.534186,44.570375],[-92.491773,44.566003],[-92.357313,44.55848],[-92.340058,44.555273],[-92.319938,44.54494],[-92.303046,44.518646],[-92.302215,44.500298],[-92.291005,44.485464],[-92.276784,44.473649],[-92.24201,44.454254],[-92.233897,44.446334],[-92.221083,44.440386],[-92.115296,44.416056],[-92.046285,44.394398],[-91.972493,44.36676],[-91.9636,44.362112],[-91.92559,44.333548],[-91.918625,44.322671],[-91.887189,44.252513],[-91.892698,44.231105],[-91.875158,44.200575],[-91.808064,44.159262],[-91.740871,44.133918],[-91.721552,44.130342],[-91.67252,44.091286],[-91.59207,44.031372],[-91.580019,44.026925],[-91.547028,44.022226],[-91.505918,44.018651],[-91.463515,44.009041],[-91.432522,43.996827],[-91.363242,43.926563],[-91.310991,43.867381],[-91.298815,43.856555],[-91.284138,43.847065],[-91.262436,43.792166],[-91.273316,43.668307],[-91.268748,43.615348],[-91.265091,43.609977],[-91.217706,43.50055],[-91.20555,43.422949],[-91.210233,43.372064],[-91.107237,43.313645],[-91.085652,43.29187],[-91.057918,43.255366],[-91.062562,43.243165],[-91.1462,43.152405],[-91.1562,43.142945],[-91.175253,43.134665],[-91.178251,43.124982],[-91.177222,43.080247],[-91.178087,43.062044],[-91.175167,43.041267],[-91.14556,42.90798],[-91.143375,42.90467],[-91.117411,42.895837],[-91.100565,42.883078],[-91.077643,42.803798],[-91.069549,42.769628],[-91.064896,42.757272],[-91.053733,42.738238],[-90.976314,42.695996],[-90.949213,42.685573],[-90.84391,42.663071],[-90.769495,42.651443],[-90.720209,42.640758],[-90.702671,42.630756],[-90.645627,42.5441],[-90.636727,42.518702],[-90.640927,42.508302],[-90.555862,42.507509],[-90.491716,42.507624],[-90.405927,42.506891],[-90.093026,42.50816],[-89.926484,42.505787],[-89.667596,42.50496],[-89.522542,42.501889],[-89.361561,42.500012],[-89.250759,42.497994],[-89.071141,42.496208],[-88.992659,42.496025],[-88.940388,42.495046],[-88.707378,42.493587],[-88.506912,42.494883],[-88.417396,42.494618],[-88.271691,42.494818],[-88.200172,42.496016],[-88.049782,42.495319],[-87.971279,42.494019],[-87.800477,42.49192]]]]}},{"type":"Feature","properties":{"NAME":"Wyoming"},"geometry":{"type":"Polygon","coordinates":[[[-104.053127,43.000585],[-104.053876,43.289801],[-104.054766,43.428914],[-104.054902,43.583852],[-104.055133,43.747105],[-104.05495,43.93809],[-104.054487,44.180381],[-104.055927,44.51773],[-104.05581,44.691343],[-104.055963,44.768236],[-104.057698,44.997431],[-104.470117,44.998453],[-104.663882,44.998869],[-104.765063,44.999183],[-105.01824,45.000437],[-105.076607,45.000347],[-105.848065,45.000396],[-105.918995,44.997771],[-105.928184,44.993647],[-106.024814,44.993688],[-106.263586,44.993788],[-106.888773,44.995885],[-107.080624,44.996791],[-107.13418,45.000109],[-107.607824,45.000929],[-107.911495,45.000948],[-108.125666,45.001011],[-108.249345,44.999458],[-108.565921,45.000578],[-108.621313,45.000408],[-109.08301,44.99961],[-109.103445,45.005904],[-109.269294,45.005283],[-109.798687,45.002188],[-110.110103,45.003905],[-110.221343,44.996176],[-110.547165,44.992459],[-110.705272,44.992324],[-110.750767,44.997948],[-110.875772,45.002101],[-111.044275,45.001345],[-111.056207,44.935901],[-111.056888,44.866658],[-111.055208,44.624927],[-111.048974,44.474072],[-111.049216,44.435811],[-111.048633,44.062903],[-111.048107,43.983096],[-111.046715,43.815832],[-111.045706,43.659112],[-111.045205,43.501136],[-111.044617,43.31572],[-111.044229,43.195579],[-111.043959,42.96445],[-111.046249,42.513116],[-111.04708,42.34942],[-111.047109,42.142497],[-111.046689,42.001567],[-111.046402,41.579845],[-111.046264,41.377731],[-111.046551,41.251716],[-111.046723,40.997959],[-110.500718,40.994746],[-110.048474,40.997103],[-109.855299,40.997614],[-109.676421,40.998395],[-109.207383,41.001459],[-109.050076,41.000659],[-108.250649,41.000114],[-107.918421,41.002036],[-107.317794,41.002957],[-107.000606,41.003444],[-106.857772,41.003082],[-106.453859,41.002057],[-106.386356,41.001144],[-106.321165,40.999123],[-106.061181,40.996999],[-105.730421,40.996886],[-105.277138,40.998173],[-104.943371,40.99819],[-104.882452,40.998186],[-104.497149,41.001828],[-104.214692,41.001657],[-104.053249,41.001406],[-104.053142,41.114457],[-104.052666,41.275251],[-104.052287,41.393307],[-104.05254,41.564274],[-104.052975,41.622931],[-104.052774,41.733401],[-104.053026,41.885464],[-104.052699,41.998673],[-104.0526,42.124963],[-104.052776,42.25822],[-104.052775,42.610813],[-104.052863,42.754569],[-104.053127,43.000585]]]}},{"type":"Feature","properties":{"NAME":"Alabama"},"geometry":{"type":"MultiPolygon","coordinates":[[[[-88.124658,30.28364],[-88.124722,30.273541],[-88.130631,30.262125],[-88.141143,30.255024],[-88.158303,30.252393],[-88.17335,30.252418],[-88.224615,30.245559],[-88.25837,30.239595],[-88.280781,30.233781],[-88.280571,30.230274],[-88.20854,30.244807],[-88.166569,30.249255],[-88.137083,30.249179],[-88.109432,30.242097],[-88.078786,30.245039],[-88.074854,30.249119],[-88.086812,30.259864],[-88.124658,30.28364]]],[[[-85.605165,34.984678],[-85.824411,34.988142],[-85.863935,34.988379],[-86.311274,34.991098],[-86.397203,34.99166],[-86.467798,34.990692],[-86.528485,34.990677],[-86.677616,34.99207],[-86.83637,34.991764],[-86.862147,34.991956],[-87.011174,34.995162],[-87.210759,34.999024],[-87.299185,35.000915],[-87.428613,35.002795],[-87.671405,35.003537],[-87.773586,35.004946],[-87.877969,35.005468],[-87.984916,35.006256],[-88.18245,35.007712],[-88.200064,34.995634],[-88.125038,34.902227],[-88.097888,34.892202],[-88.118407,34.724292],[-88.139988,34.581703],[-88.155305,34.463087],[-88.176889,34.293858],[-88.203597,34.08653],[-88.226517,33.911551],[-88.24839,33.744908],[-88.256343,33.682053],[-88.269532,33.572894],[-88.277421,33.512436],[-88.304514,33.28832],[-88.340432,32.991199],[-88.347692,32.929059],[-88.382985,32.626954],[-88.403789,32.44977],[-88.421453,32.30868],[-88.43871,32.172078],[-88.454959,32.040576],[-88.46866,31.933173],[-88.471106,31.850949],[-88.464425,31.697881],[-88.459478,31.621652],[-88.449446,31.435837],[-88.445182,31.355855],[-88.438104,31.23006],[-88.432007,31.114298],[-88.425635,30.998301],[-88.412462,30.735598],[-88.404013,30.54506],[-88.395023,30.369425],[-88.374671,30.385608],[-88.364022,30.388006],[-88.341345,30.38947],[-88.332277,30.38844],[-88.319599,30.380334],[-88.316525,30.369985],[-88.290649,30.370741],[-88.282635,30.382876],[-88.260695,30.382381],[-88.204495,30.362102],[-88.200065,30.362378],[-88.188527,30.348124],[-88.198361,30.338819],[-88.195664,30.321242],[-88.191542,30.317002],[-88.171967,30.324679],[-88.155775,30.327184],[-88.136173,30.320729],[-88.128052,30.338509],[-88.115432,30.35657],[-88.107274,30.377246],[-88.10407,30.4273],[-88.106437,30.452738],[-88.096867,30.471053],[-88.102988,30.493029],[-88.100874,30.50975],[-88.090734,30.52357],[-88.082792,30.528713],[-88.081617,30.546317],[-88.085493,30.563258],[-88.074898,30.578892],[-88.064898,30.588292],[-88.053998,30.612491],[-88.059598,30.619091],[-88.061998,30.644891],[-88.044339,30.652568],[-88.034588,30.653715],[-88.026706,30.66149],[-88.022076,30.673873],[-88.008396,30.684956],[-87.981196,30.67509],[-87.955989,30.658862],[-87.936717,30.657432],[-87.93107,30.652694],[-87.919346,30.63606],[-87.91253,30.615795],[-87.914956,30.585893],[-87.904168,30.565985],[-87.901711,30.550879],[-87.911141,30.525848],[-87.933355,30.487357],[-87.931902,30.4811],[-87.920031,30.470645],[-87.914136,30.446144],[-87.908908,30.41424],[-87.906343,30.40938],[-87.865017,30.38345],[-87.845132,30.377446],[-87.837239,30.369324],[-87.82988,30.353809],[-87.809266,30.332702],[-87.796717,30.324198],[-87.772758,30.311701],[-87.755516,30.291217],[-87.755263,30.277292],[-87.766626,30.262353],[-87.78775,30.254244],[-87.802087,30.253054],[-87.817743,30.254292],[-87.860085,30.240289],[-87.893201,30.239237],[-87.913762,30.247837],[-87.918247,30.253308],[-87.936041,30.261469],[-87.948979,30.256564],[-87.966847,30.235618],[-88.023991,30.23039],[-88.028401,30.221132],[-87.999996,30.225753],[-87.962253,30.229522],[-87.926119,30.230373],[-87.838462,30.227185],[-87.80056,30.229365],[-87.73553,30.240679],[-87.656888,30.249709],[-87.581362,30.269257],[-87.558097,30.274437],[-87.518324,30.280435],[-87.452378,30.300201],[-87.450078,30.3111],[-87.451378,30.367199],[-87.440678,30.391498],[-87.427478,30.408398],[-87.419177,30.410198],[-87.430578,30.491096],[-87.449921,30.51469],[-87.394479,30.625192],[-87.394219,30.641699],[-87.396997,30.65364],[-87.407118,30.671796],[-87.449362,30.698913],[-87.481225,30.716508],[-87.502926,30.722369],[-87.532607,30.743489],[-87.624137,30.845713],[-87.634938,30.865886],[-87.622203,30.897508],[-87.601355,30.936294],[-87.594111,30.976335],[-87.598928,30.997457],[-87.458658,30.998386],[-87.425774,30.99809],[-87.25498,30.998285],[-87.162614,30.999055],[-87.027107,30.999255],[-86.888135,30.997577],[-86.725379,30.996872],[-86.678383,30.994537],[-86.563436,30.995223],[-86.519938,30.993245],[-86.374545,30.994474],[-86.289247,30.993798],[-86.180232,30.994005],[-86.056213,30.993133],[-86.035039,30.99332],[-85.498272,30.996928],[-85.154452,31.000835],[-85.002368,31.000682],[-84.999428,31.013843],[-85.029736,31.096163],[-85.035615,31.108192],[-85.076628,31.156927],[-85.092106,31.160293],[-85.100207,31.16549],[-85.107516,31.186451],[-85.111871,31.258388],[-85.101561,31.283362],[-85.087651,31.308677],[-85.068065,31.427586],[-85.041305,31.540987],[-85.057473,31.618624],[-85.087029,31.640966],[-85.12553,31.694965],[-85.12653,31.716764],[-85.11893,31.732664],[-85.12523,31.767063],[-85.141331,31.783163],[-85.141831,31.839861],[-85.132931,31.88826],[-85.10663,31.915159],[-85.08213,31.944658],[-85.07233,31.964758],[-85.050212,32.024196],[-85.056029,32.063055],[-85.047865,32.142033],[-84.995929,32.184852],[-84.964828,32.194952],[-84.92165,32.233306],[-84.909052,32.26354],[-84.916611,32.281177],[-84.93868,32.300708],[-85.001874,32.322015],[-85.008096,32.336677],[-84.987386,32.381201],[-84.979431,32.412244],[-84.983831,32.445643],[-84.998231,32.469842],[-85.001324,32.512973],[-85.0071,32.523868],[-85.022509,32.542923],[-85.044606,32.559499],[-85.069583,32.58393],[-85.080288,32.603577],[-85.10479,32.642542],[-85.114737,32.685634],[-85.137136,32.745168],[-85.13204,32.764211],[-85.123421,32.772248],[-85.184131,32.870525],[-85.221868,33.055538],[-85.236509,33.129562],[-85.293902,33.428079],[-85.337974,33.653111],[-85.361844,33.773951],[-85.398837,33.964129],[-85.421731,34.080821],[-85.455057,34.250689],[-85.462304,34.286365],[-85.502316,34.473954],[-85.51393,34.525192],[-85.541267,34.656783],[-85.552482,34.708321],[-85.583145,34.860371],[-85.595163,34.924171],[-85.605165,34.984678]]]]}},{"type":"Feature","properties":{"NAME":"Alaska"},"geometry":{"type":"MultiPolygon","coordinates":[[[[-162.255031,54.978353],[-162.266743,54.982133],[-162.326811,54.98533],[-162.337431,54.981636],[-162.437501,54.927627],[-162.425244,54.885021],[-162.41737,54.877491],[-162.349315,54.836049],[-162.321094,54.827928],[-162.30058,54.832594],[-162.275316,54.845565],[-162.236806,54.88163],[-162.232962,54.890984],[-162.235675,54.962601],[-162.255031,54.978353]]],[[[-159.324364,54.928329],[-159.312733,54.918686],[-159.313528,54.903388],[-159.327873,54.884749],[-159.305864,54.863698],[-159.272354,54.864204],[-159.236066,54.87648],[-159.212627,54.896066],[-159.203228,54.914842],[-159.20567,54.927438],[-159.278696,54.948514],[-159.317681,54.933707],[-159.324364,54.928329]]],[[[-160.0179,55.15613],[-160.004129,55.134482],[-160.01222,55.122946],[-160.03033,55.116109],[-160.055642,55.11158],[-160.052545,55.121716],[-160.059599,55.133663],[-160.077308,55.146495],[-160.109864,55.160777],[-160.187261,55.118376],[-160.191392,55.108574],[-160.174366,55.052577],[-160.133416,55.043947],[-160.094288,55.052996],[-160.077872,55.0376],[-160.082168,55.033578],[-160.106837,55.027002],[-160.132168,55.013743],[-160.177607,54.981446],[-160.223411,54.939124],[-160.250814,54.929816],[-160.254765,54.895974],[-160.226967,54.864075],[-160.200831,54.875282],[-160.181636,54.902992],[-160.183466,54.91568],[-160.115775,54.985078],[-160.080659,54.994425],[-160.052093,55.005777],[-159.951127,55.066642],[-159.94541,55.087939],[-159.951281,55.100644],[-159.947575,55.105215],[-159.906609,55.112544],[-159.886476,55.107087],[-159.886109,55.102558],[-159.86858,55.094888],[-159.855444,55.100758],[-159.83089,55.126467],[-159.82371,55.14413],[-159.816419,55.178051],[-159.846264,55.180834],[-159.860786,55.177086],[-159.860891,55.149337],[-159.884997,55.145598],[-159.901569,55.156858],[-159.905365,55.164689],[-159.895326,55.217872],[-159.886523,55.229149],[-159.855302,55.230378],[-159.844622,55.243828],[-159.848619,55.267548],[-159.87969,55.290183],[-159.889174,55.287138],[-159.93124,55.22006],[-159.95435,55.189291],[-159.983499,55.180379],[-159.994027,55.185247],[-160.002155,55.19448],[-160.025257,55.203914],[-160.052941,55.203035],[-160.061469,55.200378],[-160.047358,55.180879],[-160.0179,55.15613]]],[[[-159.455311,55.061452],[-159.455434,55.035809],[-159.417987,55.022013],[-159.416786,55.000296],[-159.440057,54.988502],[-159.451251,54.975285],[-159.459551,54.948652],[-159.447982,54.941374],[-159.426615,54.942266],[-159.33177,54.974598],[-159.328791,54.980598],[-159.33847,55.046683],[-159.345276,55.059397],[-159.381841,55.064032],[-159.448473,55.064343],[-159.455311,55.061452]]],[[[-159.533457,55.184761],[-159.51235,55.208353],[-159.50527,55.222269],[-159.503196,55.234993],[-159.521096,55.253393],[-159.573144,55.187562],[-159.586075,55.157652],[-159.616961,55.127666],[-159.63541,55.116654],[-159.650859,55.06579],[-159.649062,55.049532],[-159.635226,55.037294],[-159.597824,55.047],[-159.572365,55.060122],[-159.535465,55.058735],[-159.517824,55.044735],[-159.509674,55.041408],[-159.489589,55.049229],[-159.4842,55.057695],[-159.524444,55.077358],[-159.53363,55.083987],[-159.530302,55.106194],[-159.509361,55.130206],[-159.494772,55.13605],[-159.493398,55.155055],[-159.499502,55.173991],[-159.533457,55.184761]]],[[[-161.718614,55.154166],[-161.73781,55.161935],[-161.82784,55.178473],[-161.850057,55.17526],[-161.888936,55.160724],[-161.900685,55.142139],[-161.886278,55.126933],[-161.851152,55.126378],[-161.819869,55.113965],[-161.814984,55.098639],[-161.791606,55.077307],[-161.764169,55.059509],[-161.737922,55.054054],[-161.690346,55.0785],[-161.678171,55.087741],[-161.674539,55.095912],[-161.654918,55.103244],[-161.615867,55.104388],[-161.602514,55.098267],[-161.596951,55.086584],[-161.606359,55.070264],[-161.582584,55.058224],[-161.565036,55.058874],[-161.550357,55.065734],[-161.549901,55.082564],[-161.570523,55.100493],[-161.608634,55.116906],[-161.651563,55.130916],[-161.678389,55.131747],[-161.697097,55.137133],[-161.718614,55.154166]]],[[[-160.506927,55.32773],[-160.526945,55.319044],[-160.518148,55.309102],[-160.475493,55.28923],[-160.457765,55.291893],[-160.441896,55.298264],[-160.390421,55.286576],[-160.372603,55.25991],[-160.341217,55.251799],[-160.330722,55.261045],[-160.30655,55.303275],[-160.317665,55.338533],[-160.333692,55.360139],[-160.361758,55.36323],[-160.40335,55.346299],[-160.408614,55.341677],[-160.425658,55.338883],[-160.518955,55.361552],[-160.522063,55.374369],[-160.517513,55.379378],[-160.545227,55.387911],[-160.572716,55.388978],[-160.614256,55.348019],[-160.651011,55.34365],[-160.646156,55.357689],[-160.646214,55.383142],[-160.649234,55.38878],[-160.665927,55.399025],[-160.710298,55.403075],[-160.7778,55.388639],[-160.797147,55.381521],[-160.840251,55.339777],[-160.856621,55.318488],[-160.841221,55.293957],[-160.841917,55.20444],[-160.819487,55.187457],[-160.807558,55.168161],[-160.807468,55.155579],[-160.815862,55.141556],[-160.824468,55.120153],[-160.806009,55.12567],[-160.794198,55.134399],[-160.765229,55.176716],[-160.767393,55.185399],[-160.756587,55.195143],[-160.690293,55.210474],[-160.688372,55.195588],[-160.675871,55.173622],[-160.655577,55.160261],[-160.525226,55.129871],[-160.496306,55.166399],[-160.486511,55.181951],[-160.486174,55.193617],[-160.527617,55.256374],[-160.550759,55.264302],[-160.565929,55.273137],[-160.580088,55.302503],[-160.57969,55.314292],[-160.564427,55.332504],[-160.534943,55.343537],[-160.528864,55.343501],[-160.506927,55.32773]]],[[[-160.21178,55.455862],[-160.227504,55.46034],[-160.266834,55.462789],[-160.323237,55.444633],[-160.347609,55.426187],[-160.349526,55.420477],[-160.321132,55.393677],[-160.27997,55.395905],[-160.20361,55.391739],[-160.154038,55.377518],[-160.141834,55.387154],[-160.137032,55.450709],[-160.21178,55.455862]]],[[[-165.790523,54.171758],[-165.797147,54.183246],[-165.825159,54.164499],[-165.837274,54.161028],[-165.863518,54.166162],[-165.880456,54.183648],[-165.865872,54.200014],[-165.86514,54.21216],[-165.873076,54.216455],[-165.94463,54.220855],[-165.9832,54.221175],[-166.002465,54.213629],[-166.082028,54.175184],[-166.101402,54.144148],[-166.112242,54.122528],[-166.098255,54.103538],[-166.046438,54.044186],[-166.027733,54.045917],[-166.019861,54.051441],[-165.984415,54.061722],[-165.930242,54.066554],[-165.901649,54.06287],[-165.875129,54.03642],[-165.810747,54.074764],[-165.767173,54.065935],[-165.671477,54.096235],[-165.655573,54.1191],[-165.667323,54.132123],[-165.714198,54.120815],[-165.732602,54.148121],[-165.747893,54.161297],[-165.790523,54.171758]]],[[[-165.271048,54.095665],[-165.322268,54.094634],[-165.438972,54.084136],[-165.468221,54.079641],[-165.482747,54.072218],[-165.458179,54.066313],[-165.365768,54.073317],[-165.336836,54.070126],[-165.324415,54.063907],[-165.24583,54.05611],[-165.234364,54.065423],[-165.267012,54.095467],[-165.271048,54.095665]]],[[[-164.976199,54.134595],[-165.00791,54.134934],[-165.023065,54.121919],[-165.067428,54.123174],[-165.088486,54.128005],[-165.140978,54.131079],[-165.198746,54.116474],[-165.220871,54.101574],[-165.212264,54.090158],[-165.203413,54.087752],[-165.044322,54.066629],[-164.960581,54.076026],[-164.953165,54.078056],[-164.921464,54.111083],[-164.921307,54.128569],[-164.937766,54.136682],[-164.976199,54.134595]]],[[[-165.523466,54.299895],[-165.586509,54.284361],[-165.605225,54.294219],[-165.62555,54.298964],[-165.636383,54.297567],[-165.675447,54.264639],[-165.685823,54.243406],[-165.669383,54.229036],[-165.640013,54.229673],[-165.625609,54.233756],[-165.612082,54.246537],[-165.595732,54.242713],[-165.579801,54.229575],[-165.593656,54.218375],[-165.621854,54.208105],[-165.637081,54.199436],[-165.629725,54.132558],[-165.613214,54.120908],[-165.575645,54.108618],[-165.549217,54.112196],[-165.536004,54.129606],[-165.481317,54.179962],[-165.47619,54.182701],[-165.422356,54.182799],[-165.399985,54.177741],[-165.383719,54.196731],[-165.405377,54.212837],[-165.478816,54.21331],[-165.496279,54.210938],[-165.512782,54.212929],[-165.553251,54.239601],[-165.557581,54.254138],[-165.5137,54.274086],[-165.479981,54.281838],[-165.478452,54.295333],[-165.502775,54.299469],[-165.523466,54.299895]]],[[[-162.801865,54.48944],[-162.827621,54.490859],[-162.86005,54.425452],[-162.781239,54.375085],[-162.760396,54.373254],[-162.722797,54.40034],[-162.611891,54.368077],[-162.562726,54.38284],[-162.551618,54.392217],[-162.552718,54.416113],[-162.556667,54.424621],[-162.588883,54.450064],[-162.728415,54.475354],[-162.79629,54.492254],[-162.801865,54.48944]]],[[[-173.116905,60.516005],[-173.119005,60.500067],[-172.990296,60.478702],[-172.951477,60.478649],[-172.811529,60.406621],[-172.757794,60.374881],[-172.622325,60.330424],[-172.612982,60.319309],[-172.589625,60.314863],[-172.547585,60.317088],[-172.519558,60.323758],[-172.491531,60.334874],[-172.435476,60.332653],[-172.291289,60.321193],[-172.254821,60.326466],[-172.254821,60.334082],[-172.269754,60.333887],[-172.333051,60.364359],[-172.352622,60.381435],[-172.480536,60.400184],[-172.706472,60.425179],[-172.715261,60.429864],[-172.895349,60.49975],[-172.915273,60.514621],[-172.915274,60.527122],[-172.97153,60.605249],[-172.999659,60.611498],[-173.041847,60.611497],[-173.098094,60.573993],[-173.098092,60.533367],[-173.116905,60.516005]]],[[[-165.721389,60.16962],[-165.708863,60.189125],[-165.698339,60.210676],[-165.686143,60.267811],[-165.685751,60.277564],[-165.697326,60.297238],[-165.71451,60.310496],[-165.786573,60.326821],[-165.883458,60.343902],[-165.916828,60.338002],[-165.927956,60.321592],[-165.987336,60.317833],[-166.012169,60.317691],[-166.084791,60.325288],[-166.123805,60.378116],[-166.134927,60.400129],[-166.124231,60.409953],[-166.135704,60.42451],[-166.163203,60.432641],[-166.171187,60.428854],[-166.174906,60.401003],[-166.200019,60.393404],[-166.310655,60.377611],[-166.366596,60.358227],[-166.387184,60.359671],[-166.408546,60.365899],[-166.41457,60.37187],[-166.493543,60.392389],[-166.562081,60.359022],[-166.569828,60.325955],[-166.578305,60.32185],[-166.608896,60.32125],[-166.662112,60.322993],[-166.738323,60.314301],[-166.762522,60.309837],[-166.814979,60.286283],[-166.832877,60.275449],[-166.809546,60.259658],[-166.803469,60.242802],[-166.812484,60.22778],[-166.847438,60.213592],[-166.909802,60.206513],[-166.93797,60.20587],[-167.04582,60.219088],[-167.081935,60.225765],[-167.105975,60.232895],[-167.20194,60.237822],[-167.312616,60.238454],[-167.369927,60.225496],[-167.421489,60.205431],[-167.423053,60.195072],[-167.362783,60.147556],[-167.343303,60.123181],[-167.33386,60.094065],[-167.342885,60.074979],[-167.339109,60.070159],[-167.310664,60.064874],[-167.281357,60.063892],[-167.247627,60.058862],[-167.22021,60.040133],[-167.133258,59.994695],[-167.111785,59.989349],[-167.067602,59.992295],[-166.995748,59.993495],[-166.89233,59.960507],[-166.86653,59.949544],[-166.801634,59.916321],[-166.764183,59.892061],[-166.716563,59.889011],[-166.6782,59.881248],[-166.648076,59.8711],[-166.621473,59.856438],[-166.616849,59.850711],[-166.583297,59.848705],[-166.512223,59.849939],[-166.439746,59.857816],[-166.40729,59.854604],[-166.381986,59.849087],[-166.251528,59.809807],[-166.203293,59.791676],[-166.17482,59.770681],[-166.18092,59.763728],[-166.157071,59.748886],[-166.062854,59.748586],[-166.036947,59.757859],[-166.030813,59.7706],[-166.058096,59.78711],[-166.072465,59.805462],[-166.060952,59.820508],[-166.010201,59.847061],[-165.905471,59.871937],[-165.751851,59.899947],[-165.722458,59.899813],[-165.695981,59.893513],[-165.575815,59.904672],[-165.550405,59.920007],[-165.534482,59.951276],[-165.539367,59.965175],[-165.588873,59.966005],[-165.649318,59.991837],[-165.684585,60.055237],[-165.680612,60.089962],[-165.671567,60.096877],[-165.667863,60.114676],[-165.675374,60.14936],[-165.683507,60.154221],[-165.702411,60.151285],[-165.723168,60.156603],[-165.721389,60.16962]]],[[[-134.713987,58.220748],[-134.724463,58.268277],[-134.729861,58.273512],[-134.760052,58.275251],[-134.779354,58.281279],[-134.802388,58.30107],[-134.806116,58.321284],[-134.897292,58.37689],[-134.955902,58.410297],[-134.960502,58.403758],[-134.969189,58.367542],[-134.948327,58.281316],[-134.914857,58.214932],[-134.899665,58.19432],[-134.885857,58.184031],[-134.864299,58.180489],[-134.857221,58.176288],[-134.820663,58.141465],[-134.784927,58.096793],[-134.783772,58.082292],[-134.796804,58.058855],[-134.777022,58.004679],[-134.76529,57.993762],[-134.758833,57.980212],[-134.746108,57.898529],[-134.727077,57.877098],[-134.705869,57.828929],[-134.709024,57.780498],[-134.728792,57.75664],[-134.731798,57.721921],[-134.720351,57.707052],[-134.704859,57.701457],[-134.695428,57.685335],[-134.674438,57.614409],[-134.665337,57.605701],[-134.611177,57.563137],[-134.595981,57.534107],[-134.598452,57.522395],[-134.607557,57.513042],[-134.544853,57.457872],[-134.464032,57.392184],[-134.47724,57.374401],[-134.486023,57.372492],[-134.527873,57.389874],[-134.527594,57.405331],[-134.55554,57.407428],[-134.578511,57.400291],[-134.575492,57.343694],[-134.559794,57.336138],[-134.543385,57.337414],[-134.517279,57.314567],[-134.570954,57.294624],[-134.605032,57.273],[-134.640169,57.239852],[-134.646773,57.226327],[-134.634565,57.109863],[-134.601407,57.033812],[-134.565687,57.023737],[-134.497718,57.031194],[-134.484288,57.036481],[-134.481167,57.046006],[-134.386052,57.087392],[-134.370797,57.099924],[-134.378359,57.115016],[-134.349602,57.124638],[-134.302721,57.136562],[-134.29276,57.137049],[-134.193629,57.184879],[-134.15539,57.208003],[-134.110315,57.249948],[-134.080495,57.297678],[-134.100587,57.321738],[-134.094891,57.326401],[-134.055618,57.330194],[-134.034563,57.327638],[-134.008394,57.317522],[-133.983501,57.302838],[-133.962897,57.305425],[-133.870657,57.358287],[-133.866931,57.367869],[-133.870327,57.381298],[-133.925527,57.45665],[-133.927539,57.46957],[-133.857368,57.463964],[-133.886269,57.504999],[-133.920557,57.530088],[-133.933216,57.54445],[-133.945156,57.569841],[-133.934361,57.601765],[-133.935976,57.614414],[-133.958454,57.629537],[-133.993974,57.649095],[-134.020169,57.656734],[-134.116097,57.727582],[-134.146342,57.760258],[-134.100899,57.776779],[-134.105408,57.795974],[-134.112948,57.809263],[-134.16312,57.848669],[-134.206874,57.895901],[-134.202353,57.90633],[-134.176606,57.909725],[-134.132146,57.896189],[-134.126105,57.89026],[-134.121337,57.871236],[-134.098628,57.85055],[-134.061833,57.829808],[-134.03082,57.818646],[-134.013144,57.789393],[-134.010728,57.759392],[-133.994964,57.719821],[-133.962582,57.689887],[-133.911329,57.663562],[-133.863112,57.623701],[-133.85801,57.61694],[-133.859635,57.605325],[-133.840838,57.576865],[-133.8176,57.568353],[-133.806003,57.583457],[-133.808285,57.609604],[-133.817662,57.629764],[-133.832895,57.635733],[-133.868134,57.660137],[-133.896846,57.685524],[-133.90989,57.780628],[-133.902695,57.797797],[-133.904874,57.807406],[-133.934735,57.837626],[-133.963791,57.854628],[-133.995977,57.895632],[-133.999948,57.91481],[-134.016873,57.930006],[-134.089575,57.974357],[-134.101549,57.988716],[-134.087572,57.996475],[-134.091885,58.010777],[-134.098652,58.018748],[-134.138231,58.047103],[-134.169743,58.066845],[-134.18937,58.083444],[-134.192724,58.107685],[-134.166332,58.132558],[-134.177467,58.15964],[-134.215981,58.162128],[-134.306483,58.15249],[-134.32736,58.14388],[-134.371445,58.148966],[-134.413953,58.167546],[-134.446657,58.173583],[-134.47981,58.171199],[-134.519644,58.175771],[-134.541609,58.184327],[-134.559241,58.195121],[-134.594804,58.183511],[-134.608911,58.171637],[-134.631434,58.162198],[-134.682812,58.158843],[-134.699956,58.161494],[-134.703727,58.166794],[-134.710513,58.192557],[-134.713987,58.220748]]],[[[-131.246018,54.989555],[-131.248909,54.99719],[-131.266084,54.998806],[-131.409738,54.971152],[-131.482676,54.952659],[-131.486616,54.950394],[-131.491504,54.930392],[-131.469097,54.913153],[-131.353233,54.859009],[-131.266049,54.859369],[-131.253671,54.866779],[-131.200161,54.910169],[-131.197924,54.921489],[-131.217805,54.927423],[-131.242771,54.929639],[-131.257421,54.97901],[-131.246018,54.989555]]],[[[-131.759896,55.381845],[-131.798555,55.399386],[-131.811697,55.414048],[-131.833218,55.422014],[-131.854297,55.421074],[-131.870568,55.364553],[-131.862162,55.289284],[-131.850839,55.274364],[-131.828395,55.198482],[-131.829585,55.191916],[-131.798943,55.162351],[-131.748334,55.128588],[-131.718468,55.200099],[-131.694487,55.223739],[-131.688644,55.282113],[-131.65813,55.292512],[-131.647236,55.30614],[-131.666738,55.327492],[-131.685192,55.333501],[-131.71614,55.34957],[-131.759896,55.381845]]],[[[-157.02607,56.559757],[-157.077383,56.579035],[-157.091146,56.581134],[-157.146636,56.583651],[-157.250098,56.582142],[-157.288702,56.566039],[-157.32611,56.540375],[-157.326059,56.525169],[-157.168777,56.53021],[-157.150309,56.5336],[-157.142219,56.54239],[-157.121393,56.551963],[-157.113193,56.552658],[-157.053384,56.550425],[-157.017711,56.543081],[-157.003409,56.535639],[-156.98609,56.532749],[-156.972896,56.536505],[-156.990969,56.547939],[-157.02607,56.559757]]],[[[-169.267598,63.343995],[-169.31297,63.353335],[-169.38408,63.356733],[-169.415329,63.355943],[-169.520524,63.365941],[-169.546934,63.372792],[-169.565439,63.385563],[-169.579892,63.40287],[-169.643167,63.427802],[-169.656474,63.429929],[-169.747634,63.432756],[-169.857078,63.441975],[-169.906304,63.457519],[-169.974858,63.470618],[-170.007943,63.475428],[-170.026953,63.480702],[-170.047114,63.490135],[-170.040919,63.523411],[-170.076689,63.587988],[-170.095833,63.612701],[-170.113066,63.616245],[-170.14004,63.616696],[-170.176413,63.625489],[-170.257808,63.666611],[-170.281988,63.68502],[-170.315839,63.691923],[-170.344855,63.694225],[-170.359363,63.687321],[-170.441066,63.691981],[-170.462947,63.698022],[-170.488192,63.696723],[-170.606282,63.672732],[-170.698156,63.646778],[-170.816581,63.606329],[-170.859032,63.587503],[-170.907197,63.572107],[-170.950817,63.570127],[-171.044486,63.580431],[-171.103558,63.589268],[-171.202557,63.606897],[-171.381677,63.630646],[-171.521859,63.658797],[-171.609439,63.679832],[-171.632194,63.688601],[-171.65263,63.708523],[-171.646692,63.729425],[-171.652912,63.73922],[-171.638246,63.749536],[-171.643963,63.770791],[-171.659873,63.775762],[-171.66733,63.785581],[-171.682494,63.78757],[-171.699647,63.781728],[-171.738178,63.784711],[-171.743398,63.782971],[-171.737432,63.76035],[-171.727986,63.744938],[-171.727986,63.726791],[-171.739918,63.717096],[-171.754336,63.71896],[-171.755552,63.701173],[-171.742338,63.665494],[-171.743979,63.654905],[-171.757081,63.640252],[-171.791881,63.620625],[-171.833681,63.580074],[-171.840382,63.547724],[-171.849984,63.485039],[-171.824872,63.437141],[-171.795297,63.407853],[-171.739321,63.366114],[-171.667115,63.356166],[-171.562263,63.334591],[-171.464455,63.306915],[-171.433319,63.307578],[-171.333089,63.335393],[-171.290324,63.355383],[-171.285411,63.366464],[-171.288265,63.374833],[-171.269249,63.385386],[-171.100855,63.42342],[-171.067663,63.424579],[-170.967475,63.42373],[-170.92345,63.420859],[-170.865412,63.414229],[-170.712572,63.385975],[-170.55895,63.354989],[-170.512102,63.341881],[-170.430656,63.314284],[-170.364806,63.285596],[-170.337275,63.266308],[-170.30363,63.238692],[-170.277721,63.208819],[-170.285648,63.19457],[-170.281388,63.186821],[-170.263032,63.179147],[-170.193695,63.177434],[-170.174421,63.185464],[-170.154072,63.186402],[-170.124354,63.183665],[-170.053402,63.168858],[-170.049622,63.163377],[-170.021208,63.1495],[-169.944056,63.13236],[-169.88123,63.105848],[-169.829912,63.07855],[-169.788466,63.043015],[-169.734938,62.976617],[-169.757514,62.963722],[-169.746736,62.955991],[-169.638309,62.937527],[-169.568016,62.976879],[-169.572777,63.022118],[-169.575873,63.03645],[-169.561131,63.055178],[-169.534984,63.074355],[-169.51365,63.084717],[-169.471949,63.098565],[-169.436748,63.113579],[-169.396308,63.136617],[-169.375667,63.151269],[-169.303477,63.164439],[-169.262039,63.169936],[-169.198398,63.176011],[-169.105808,63.178803],[-169.042674,63.176511],[-168.963577,63.167104],[-168.950091,63.160895],[-168.889683,63.147708],[-168.85875,63.146958],[-168.818344,63.163224],[-168.783239,63.184131],[-168.716872,63.256316],[-168.686675,63.293022],[-168.692939,63.302282],[-168.796086,63.308781],[-168.932623,63.32914],[-168.937385,63.333789],[-168.999241,63.341249],[-169.05195,63.343127],[-169.087914,63.340937],[-169.101961,63.338022],[-169.267598,63.343995]]],[[[-162.614621,63.621832],[-162.644513,63.602599],[-162.682629,63.584066],[-162.707559,63.577607],[-162.680973,63.556859],[-162.614949,63.540601],[-162.562007,63.537105],[-162.552701,63.540951],[-162.470029,63.5475],[-162.416802,63.547389],[-162.377988,63.543813],[-162.345179,63.551785],[-162.341892,63.594062],[-162.374243,63.626425],[-162.401203,63.634367],[-162.424205,63.636215],[-162.430304,63.625745],[-162.451929,63.62127],[-162.498175,63.622069],[-162.512298,63.629784],[-162.541389,63.635727],[-162.558234,63.634308],[-162.587527,63.625115],[-162.614621,63.621832]]],[[[-168.21012,64.99896],[-168.213962,64.967845],[-168.210114,64.951372],[-168.187035,64.934902],[-168.137033,64.918432],[-168.090879,64.911113],[-168.037032,64.909284],[-167.976149,64.922872],[-167.953094,64.932994],[-167.91906,64.960813],[-167.913829,64.969943],[-167.916447,64.988618],[-167.924296,65.002728],[-167.953076,65.023479],[-168.004872,65.038897],[-168.076108,65.043289],[-168.156162,65.029174],[-168.207906,65.003291],[-168.21012,64.99896]]],[[[-168.952766,65.758911],[-168.951388,65.749319],[-168.93122,65.73894],[-168.903439,65.738454],[-168.893219,65.744705],[-168.902235,65.769665],[-168.93724,65.767116],[-168.952766,65.758911]]],[[[-166.03187,66.264639],[-166.053153,66.264944],[-166.101781,66.258743],[-166.152374,66.246373],[-166.177606,66.234732],[-166.170909,66.218437],[-166.13839,66.210089],[-166.121659,66.214773],[-166.096969,66.237833],[-166.066397,66.246531],[-166.019921,66.252754],[-166.03187,66.264639]]],[[[-134.283312,55.925175],[-134.315782,55.923003],[-134.336063,55.926614],[-134.348153,55.892817],[-134.344418,55.843198],[-134.327238,55.83644],[-134.282453,55.828667],[-134.240537,55.853922],[-134.231157,55.864747],[-134.208251,55.876709],[-134.168363,55.892319],[-134.145803,55.896713],[-134.136647,55.895393],[-134.125521,55.902095],[-134.118062,55.914642],[-134.122839,55.918654],[-134.152216,55.920916],[-134.173104,55.918519],[-134.230613,55.905629],[-134.265872,55.917371],[-134.283312,55.925175]]],[[[-134.121514,56.069847],[-134.109236,56.078732],[-134.110755,56.141053],[-134.125902,56.139804],[-134.166141,56.144564],[-134.190371,56.152571],[-134.180057,56.161635],[-134.161971,56.170153],[-134.153663,56.1697],[-134.105098,56.180941],[-134.095013,56.214751],[-134.087317,56.225424],[-134.058499,56.227214],[-134.054411,56.224854],[-134.030964,56.193214],[-134.024356,56.160382],[-134.024495,56.148164],[-134.029643,56.134864],[-134.041765,56.116337],[-134.038695,56.105807],[-134.021028,56.088745],[-133.989359,56.081347],[-133.971228,56.083293],[-133.956411,56.095484],[-133.937349,56.166129],[-133.957575,56.199887],[-133.953825,56.206661],[-133.92342,56.211725],[-133.912992,56.208351],[-133.89094,56.234467],[-133.834671,56.322382],[-133.839099,56.335467],[-133.850314,56.347417],[-133.894358,56.360989],[-133.933512,56.375428],[-133.89304,56.427364],[-133.869729,56.431796],[-133.859104,56.430348],[-133.839117,56.434885],[-133.868625,56.470919],[-133.88108,56.480803],[-133.898589,56.489877],[-133.895746,56.511217],[-133.848207,56.573057],[-133.731617,56.572304],[-133.713331,56.592664],[-133.713331,56.598298],[-133.727728,56.630846],[-133.728479,56.642915],[-133.745673,56.674028],[-133.75965,56.675913],[-133.766143,56.718242],[-133.766143,56.728886],[-133.744002,56.749772],[-133.743376,56.762291],[-133.748129,56.773919],[-133.76778,56.780469],[-133.818194,56.791453],[-133.837925,56.801788],[-133.861472,56.808837],[-133.890805,56.80798],[-133.890005,56.792468],[-133.867616,56.782025],[-133.862981,56.75565],[-133.869334,56.734081],[-133.880781,56.721396],[-133.907795,56.72184],[-133.941801,56.733493],[-133.944663,56.736433],[-133.925648,56.758912],[-133.946767,56.798924],[-134.03514,56.89451],[-134.083291,56.931579],[-134.126562,56.947381],[-134.141385,56.950887],[-134.13624,56.928842],[-134.158108,56.915029],[-134.178507,56.914018],[-134.223939,56.932553],[-134.249327,56.937374],[-134.273113,56.933823],[-134.220002,56.905084],[-134.181383,56.892572],[-134.150935,56.884958],[-134.141933,56.874188],[-134.14716,56.859357],[-134.171675,56.851218],[-134.19095,56.861675],[-134.286818,56.906534],[-134.316868,56.909091],[-134.339168,56.90183],[-134.376975,56.880055],[-134.411471,56.855837],[-134.419791,56.838385],[-134.401407,56.725419],[-134.369035,56.678022],[-134.309869,56.650509],[-134.276735,56.62029],[-134.281093,56.585555],[-134.252386,56.560861],[-134.133892,56.487825],[-134.089604,56.472582],[-134.040938,56.42153],[-134.046227,56.402275],[-134.067466,56.390987],[-134.146136,56.411069],[-134.179214,56.440305],[-134.200909,56.463297],[-134.222814,56.475402],[-134.244667,56.4651],[-134.246627,56.457135],[-134.236978,56.452363],[-134.210968,56.450498],[-134.196394,56.4398],[-134.190494,56.429749],[-134.193922,56.409906],[-134.238139,56.382806],[-134.292353,56.352644],[-134.298292,56.291993],[-134.281387,56.286218],[-134.246307,56.267768],[-134.257478,56.221411],[-134.227942,56.162835],[-134.238264,56.140863],[-134.262217,56.133222],[-134.259913,56.121275],[-134.230449,56.068341],[-134.190863,56.05654],[-134.171731,56.040227],[-134.156721,56.02108],[-134.134181,56.000971],[-134.126903,56.003592],[-134.118132,56.016922],[-134.107218,56.048156],[-134.121514,56.069847]]],[[[-132.546463,56.606563],[-132.57454,56.61262],[-132.595179,56.613308],[-132.616506,56.63945],[-132.628201,56.645642],[-132.619258,56.660778],[-132.628129,56.66883],[-132.665874,56.680241],[-132.743207,56.71372],[-132.741709,56.724278],[-132.762964,56.753227],[-132.820556,56.793787],[-132.85315,56.79781],[-132.872512,56.798144],[-132.903211,56.80361],[-132.935258,56.822941],[-132.935933,56.839963],[-132.947081,56.870963],[-132.98137,56.92738],[-132.99743,56.942201],[-133.104611,57.005701],[-133.308317,57.014762],[-133.325058,57.011711],[-133.334272,57.002442],[-133.362502,57.007424],[-133.446204,57.020124],[-133.536258,57.0387],[-133.613908,57.057978],[-133.702925,57.065206],[-133.773464,57.078676],[-133.887957,57.097744],[-134.008856,57.074578],[-134.033979,57.063281],[-134.049218,57.029203],[-133.96706,56.988044],[-133.921451,56.961511],[-133.903634,56.927269],[-133.916358,56.914447],[-133.887426,56.868391],[-133.86904,56.845938],[-133.795364,56.824586],[-133.772302,56.809495],[-133.765324,56.807489],[-133.741579,56.81322],[-133.712922,56.827958],[-133.699822,56.839421],[-133.689996,56.839421],[-133.679352,56.810764],[-133.68099,56.795207],[-133.689996,56.761637],[-133.696547,56.744443],[-133.699822,56.710054],[-133.709576,56.683424],[-133.70582,56.658387],[-133.679352,56.633089],[-133.673621,56.611801],[-133.662631,56.598924],[-133.667639,56.57639],[-133.663064,56.56207],[-133.664509,56.550727],[-133.675696,56.538672],[-133.675836,56.522714],[-133.671653,56.487656],[-133.663094,56.448073],[-133.655468,56.442279],[-133.638349,56.438881],[-133.603669,56.435413],[-133.532969,56.434751],[-133.512684,56.437015],[-133.460634,56.45412],[-133.428585,56.479247],[-133.417795,56.494147],[-133.401797,56.496355],[-133.376245,56.495592],[-133.361615,56.486073],[-133.3563,56.471794],[-133.348504,56.469568],[-133.203584,56.447657],[-133.160996,56.460257],[-133.14873,56.467357],[-133.122245,56.49202],[-133.124726,56.511439],[-133.139228,56.515994],[-133.138307,56.532923],[-133.089215,56.523916],[-133.089388,56.535474],[-133.103363,56.614645],[-133.106316,56.618393],[-133.151444,56.637672],[-133.214228,56.649592],[-133.233684,56.649286],[-133.232516,56.681336],[-133.221517,56.697886],[-133.219681,56.706887],[-133.250686,56.751431],[-133.266768,56.741943],[-133.266844,56.734882],[-133.303752,56.729879],[-133.31986,56.737693],[-133.332845,56.761663],[-133.334308,56.773402],[-133.325392,56.791864],[-133.277352,56.816432],[-133.264047,56.814544],[-133.233646,56.779447],[-133.235251,56.775639],[-133.225298,56.755591],[-133.212185,56.736822],[-133.184363,56.706526],[-133.143198,56.682979],[-133.110329,56.669727],[-133.025091,56.605048],[-133.075496,56.578684],[-133.071828,56.553483],[-133.041726,56.518356],[-132.986907,56.510784],[-132.984751,56.51264],[-132.874282,56.509108],[-132.818043,56.494934],[-132.796627,56.496471],[-132.724189,56.515371],[-132.701275,56.52958],[-132.65091,56.552127],[-132.61083,56.556252],[-132.541282,56.584573],[-132.539698,56.593199],[-132.546463,56.606563]]],[[[-131.56956,55.284114],[-131.58907,55.273951],[-131.607383,55.240437],[-131.598454,55.179566],[-131.588368,55.169961],[-131.548093,55.143138],[-131.558603,55.125508],[-131.577773,55.131094],[-131.594978,55.125502],[-131.605302,55.107436],[-131.589387,55.08894],[-131.620745,55.049259],[-131.646276,55.035579],[-131.641035,55.026585],[-131.615632,55.006999],[-131.605661,55.004403],[-131.590063,55.007745],[-131.579882,55.017576],[-131.53214,55.037945],[-131.508449,55.029166],[-131.498863,55.016138],[-131.484995,55.010454],[-131.388569,55.012222],[-131.378572,55.017308],[-131.356314,55.041211],[-131.350575,55.067042],[-131.362319,55.155896],[-131.352654,55.164822],[-131.341407,55.165659],[-131.355642,55.182945],[-131.39769,55.210916],[-131.416951,55.217298],[-131.445293,55.216977],[-131.462701,55.223438],[-131.481522,55.244448],[-131.482252,55.25411],[-131.516651,55.261645],[-131.550916,55.280915],[-131.56956,55.284114]]],[[[-133.344847,55.569327],[-133.413499,55.570384],[-133.436102,55.560872],[-133.454576,55.532423],[-133.44367,55.518639],[-133.480965,55.512738],[-133.525646,55.529097],[-133.542322,55.507084],[-133.544088,55.491784],[-133.573698,55.472083],[-133.618367,55.457045],[-133.638673,55.458902],[-133.644202,55.470815],[-133.632978,55.491664],[-133.611671,55.495585],[-133.595632,55.501483],[-133.590163,55.507236],[-133.582005,55.537363],[-133.615623,55.550776],[-133.733029,55.558757],[-133.75913,55.537371],[-133.789055,55.457892],[-133.764347,55.468593],[-133.739077,55.472323],[-133.636291,55.428423],[-133.622422,55.396474],[-133.633006,55.361299],[-133.647725,55.34548],[-133.672243,55.326765],[-133.689159,55.320285],[-133.690174,55.304409],[-133.634509,55.250043],[-133.623457,55.242571],[-133.609073,55.241486],[-133.603491,55.271739],[-133.595805,55.293766],[-133.576808,55.324795],[-133.497028,55.368159],[-133.446281,55.382175],[-133.427366,55.381832],[-133.419384,55.386105],[-133.411582,55.406683],[-133.412524,55.41756],[-133.425823,55.425511],[-133.4653,55.42337],[-133.474054,55.437155],[-133.426516,55.466702],[-133.396511,55.473169],[-133.358993,55.453832],[-133.305747,55.484115],[-133.289854,55.50187],[-133.281917,55.524486],[-133.285317,55.535315],[-133.307406,55.542249],[-133.344847,55.569327]]],[[[-133.624918,56.343906],[-133.624658,56.33707],[-133.643182,56.324459],[-133.656415,56.326909],[-133.664218,56.310504],[-133.639282,56.198813],[-133.6015,56.191925],[-133.553454,56.169015],[-133.54283,56.160794],[-133.548802,56.14284],[-133.659241,56.083818],[-133.693765,56.070562],[-133.748803,56.009536],[-133.777846,55.982876],[-133.798092,55.975096],[-133.81277,55.974135],[-133.83437,55.963578],[-133.826236,55.94875],[-133.799931,55.925349],[-133.6999,55.912206],[-133.638122,55.920982],[-133.541041,55.977322],[-133.495052,56.017089],[-133.471044,55.947381],[-133.418797,55.883278],[-133.391026,55.878751],[-133.379472,55.880716],[-133.346569,55.875809],[-133.335139,55.866118],[-133.323664,55.818632],[-133.347915,55.803943],[-133.422064,55.788821],[-133.447875,55.791738],[-133.550028,55.832181],[-133.561973,55.835543],[-133.627534,55.83163],[-133.646377,55.823413],[-133.695749,55.783118],[-133.694546,55.780599],[-133.643324,55.729037],[-133.62512,55.719927],[-133.583297,55.705338],[-133.554504,55.698354],[-133.527387,55.695108],[-133.492438,55.706525],[-133.490882,55.726576],[-133.509704,55.744183],[-133.512632,55.755898],[-133.49143,55.764082],[-133.438619,55.748366],[-133.416549,55.739647],[-133.386432,55.693365],[-133.394486,55.666881],[-133.408432,55.667925],[-133.438933,55.645167],[-133.3869,55.619346],[-133.294158,55.58868],[-133.275972,55.580188],[-133.263042,55.568793],[-133.17676,55.586722],[-133.156566,55.563589],[-133.132409,55.513579],[-133.133293,55.502508],[-133.157704,55.497782],[-133.138129,55.458373],[-133.104304,55.426907],[-133.121513,55.414536],[-133.18328,55.379392],[-133.208794,55.384237],[-133.226844,55.38185],[-133.257734,55.367026],[-133.278443,55.349184],[-133.279271,55.333264],[-133.254639,55.318806],[-133.233572,55.308822],[-133.244343,55.291865],[-133.268999,55.286971],[-133.292402,55.291377],[-133.311114,55.317301],[-133.313491,55.331557],[-133.33236,55.345357],[-133.352083,55.347381],[-133.395371,55.341753],[-133.43635,55.330158],[-133.452818,55.31998],[-133.459753,55.30678],[-133.472866,55.267873],[-133.471938,55.247527],[-133.453777,55.218497],[-133.441074,55.211654],[-133.422869,55.210659],[-133.404497,55.214992],[-133.376615,55.228288],[-133.353719,55.221215],[-133.341259,55.205701],[-133.323021,55.20703],[-133.281979,55.217117],[-133.254478,55.231149],[-133.223791,55.229317],[-133.18252,55.201964],[-133.187745,55.193639],[-133.236908,55.183326],[-133.215086,55.136876],[-133.207702,55.13422],[-133.186809,55.136372],[-133.15478,55.12811],[-133.128705,55.101429],[-133.144954,55.099155],[-133.218101,55.101042],[-133.239695,55.092415],[-133.21042,55.040269],[-133.197719,55.033404],[-133.168931,55.030889],[-133.157326,55.000365],[-133.164788,54.976909],[-133.159756,54.95876],[-133.123941,54.940065],[-133.099047,54.919007],[-133.032752,54.855055],[-132.95025,54.788333],[-132.940485,54.783831],[-132.909517,54.780516],[-132.891553,54.768191],[-132.87721,54.753772],[-132.865598,54.728908],[-132.866355,54.700386],[-132.775733,54.674844],[-132.69397,54.669064],[-132.675868,54.672812],[-132.676226,54.680865],[-132.722011,54.763259],[-132.747451,54.800743],[-132.759364,54.808277],[-132.754875,54.821236],[-132.729369,54.826981],[-132.701153,54.811012],[-132.701203,54.798446],[-132.681165,54.773697],[-132.66725,54.763369],[-132.639032,54.753251],[-132.619024,54.766565],[-132.614851,54.77717],[-132.625563,54.807503],[-132.628612,54.883316],[-132.650001,54.904387],[-132.730931,54.939483],[-132.800784,54.933783],[-132.817385,54.92364],[-132.814282,54.909356],[-132.803742,54.897206],[-132.804525,54.870938],[-132.82834,54.868747],[-132.889474,54.896619],[-132.91465,54.914009],[-132.909706,54.923594],[-132.959508,55.021045],[-133.014178,55.035502],[-133.01974,55.048366],[-133.011351,55.056849],[-132.990395,55.06673],[-132.99086,55.079112],[-133.012275,55.128056],[-133.073381,55.184492],[-133.119294,55.251405],[-133.104708,55.2638],[-133.043938,55.248569],[-133.040748,55.232969],[-133.008156,55.2057],[-132.982166,55.215882],[-132.935449,55.209898],[-132.894283,55.169373],[-132.873408,55.134241],[-132.869827,55.124104],[-132.881083,55.110375],[-132.909355,55.081277],[-132.931172,55.074154],[-132.926772,55.055023],[-132.916414,55.044465],[-132.864117,55.024833],[-132.813743,55.010987],[-132.748854,54.996007],[-132.692917,55.02506],[-132.684005,55.045604],[-132.712195,55.098736],[-132.735645,55.134218],[-132.695227,55.137711],[-132.663719,55.143932],[-132.635758,55.152514],[-132.629643,55.174232],[-132.637926,55.186077],[-132.620123,55.199617],[-132.605219,55.194064],[-132.581133,55.166076],[-132.587868,55.155971],[-132.606895,55.141722],[-132.624518,55.114419],[-132.637866,55.073602],[-132.633305,55.054954],[-132.626687,55.053314],[-132.619912,55.069094],[-132.594568,55.105378],[-132.561819,55.114897],[-132.548994,55.113556],[-132.541802,55.097764],[-132.575001,54.998317],[-132.57783,54.994234],[-132.598557,54.990301],[-132.6099,54.991517],[-132.614836,54.980095],[-132.609786,54.965728],[-132.581367,54.946005],[-132.55839,54.932612],[-132.484579,54.899301],[-132.387494,54.913664],[-132.309213,54.847534],[-132.314146,54.83512],[-132.332661,54.826322],[-132.341009,54.826718],[-132.351004,54.818182],[-132.307943,54.718714],[-132.281803,54.71529],[-132.279597,54.72823],[-132.256092,54.734617],[-132.199566,54.715444],[-132.179635,54.705898],[-132.165182,54.69405],[-132.142277,54.691674],[-132.029747,54.701189],[-132.018657,54.710109],[-131.999591,54.731975],[-131.957914,54.791239],[-131.957382,54.804279],[-131.965904,54.835539],[-131.98289,54.853068],[-131.984592,55.027978],[-132.000449,55.035712],[-132.028288,55.038672],[-132.039217,55.036765],[-132.072544,55.016956],[-132.135544,54.985976],[-132.143263,54.984633],[-132.192581,54.989655],[-132.197614,55.005158],[-132.180334,55.015557],[-132.154061,55.018197],[-132.094024,55.039452],[-132.039002,55.086962],[-132.016932,55.120971],[-132.038978,55.125011],[-132.039009,55.14407],[-132.031417,55.151671],[-131.988815,55.165464],[-131.977397,55.180949],[-131.979818,55.211787],[-131.995908,55.259054],[-132.0035,55.265254],[-132.028163,55.27695],[-132.037122,55.275144],[-132.061625,55.260052],[-132.078869,55.240335],[-132.072751,55.233718],[-132.075095,55.22239],[-132.088127,55.206516],[-132.104376,55.200899],[-132.12737,55.19957],[-132.207431,55.218273],[-132.229963,55.23808],[-132.214912,55.2457],[-132.164031,55.237617],[-132.142742,55.238212],[-132.109531,55.26024],[-132.098531,55.28056],[-132.115561,55.281237],[-132.126398,55.288418],[-132.149864,55.328637],[-132.166857,55.363039],[-132.22596,55.374919],[-132.258056,55.416142],[-132.273503,55.419189],[-132.390782,55.401739],[-132.475532,55.418062],[-132.470036,55.427028],[-132.41934,55.432054],[-132.303329,55.438268],[-132.281269,55.444189],[-132.288585,55.451365],[-132.31857,55.469208],[-132.342101,55.50467],[-132.325728,55.515395],[-132.315773,55.514547],[-132.247327,55.492951],[-132.231936,55.48396],[-132.219413,55.472211],[-132.17861,55.452829],[-132.164757,55.451213],[-132.142945,55.457941],[-132.146062,55.470346],[-132.188771,55.508443],[-132.198289,55.513045],[-132.240921,55.526533],[-132.301119,55.55096],[-132.32928,55.578936],[-132.332401,55.595071],[-132.358558,55.648759],[-132.382505,55.665336],[-132.394266,55.669114],[-132.415237,55.667263],[-132.448855,55.667337],[-132.462531,55.673854],[-132.461281,55.6834],[-132.470697,55.782162],[-132.5048,55.815166],[-132.543398,55.845927],[-132.592085,55.877152],[-132.614757,55.899635],[-132.615103,55.908082],[-132.635291,55.921766],[-132.837592,56.024327],[-132.897675,56.020166],[-132.927305,56.034459],[-133.05552,56.125258],[-133.061465,56.135305],[-133.059994,56.150761],[-133.052004,56.155585],[-133.040979,56.184536],[-133.071435,56.238484],[-133.07823,56.246802],[-133.094977,56.250583],[-133.163212,56.317445],[-133.197009,56.333016],[-133.235354,56.324275],[-133.284826,56.327118],[-133.328577,56.332797],[-133.41837,56.332132],[-133.582116,56.352506],[-133.593728,56.352192],[-133.624918,56.343906]]],[[[-133.846128,55.904622],[-133.854291,55.931581],[-133.864099,55.936286],[-133.891851,55.93668],[-133.935016,55.920689],[-133.943499,55.912446],[-133.945619,55.896216],[-133.929325,55.869538],[-133.903184,55.848101],[-133.894706,55.845641],[-133.866988,55.845886],[-133.861039,55.848844],[-133.847565,55.869599],[-133.840298,55.88677],[-133.846128,55.904622]]],[[[-135.587961,57.89732],[-135.581326,57.903056],[-135.552802,57.902711],[-135.514151,57.885371],[-135.418517,57.860506],[-135.389894,57.850991],[-135.343991,57.821444],[-135.313776,57.805739],[-135.225158,57.777783],[-135.19896,57.775092],[-135.02337,57.780537],[-134.949436,57.805027],[-134.954547,57.815785],[-134.991819,57.835436],[-135.06572,57.869451],[-135.131957,57.885241],[-135.16522,57.901524],[-135.173712,57.919399],[-135.140674,57.926114],[-135.004952,57.884338],[-134.926395,57.921919],[-134.921104,57.935298],[-134.912854,57.979287],[-134.935005,58.021639],[-134.950844,58.036993],[-134.967723,58.047625],[-134.977183,58.049943],[-135.0707,58.061242],[-135.084832,58.080869],[-135.108896,58.08827],[-135.260951,58.097323],[-135.275797,58.097024],[-135.397518,58.144155],[-135.420107,58.144202],[-135.451444,58.134348],[-135.496739,58.086212],[-135.544529,58.06088],[-135.565443,58.04112],[-135.567817,58.02342],[-135.564307,58.015007],[-135.581753,57.997568],[-135.593287,57.989636],[-135.621582,57.984623],[-135.63849,57.994508],[-135.651368,58.036484],[-135.58682,58.08167],[-135.540712,58.10175],[-135.524668,58.12075],[-135.497911,58.168882],[-135.522646,58.185909],[-135.589198,58.213677],[-135.630521,58.222933],[-135.712398,58.231892],[-135.7351,58.240213],[-135.764372,58.266276],[-135.78338,58.286709],[-135.801133,58.287716],[-135.823562,58.282975],[-135.914178,58.244073],[-135.966119,58.211386],[-135.976386,58.202029],[-136.03303,58.205462],[-136.03616,58.21921],[-136.139007,58.224393],[-136.162108,58.218724],[-136.199854,58.180871],[-136.190155,58.161301],[-136.235246,58.154416],[-136.277477,58.208856],[-136.283886,58.223685],[-136.289842,58.249086],[-136.287765,58.267373],[-136.311596,58.270388],[-136.377329,58.268328],[-136.387114,58.252414],[-136.375338,58.208714],[-136.420449,58.131857],[-136.469272,58.096868],[-136.475811,58.101294],[-136.500119,58.104787],[-136.538708,58.093482],[-136.556247,58.077019],[-136.559999,58.063358],[-136.563223,58.035052],[-136.573288,57.926844],[-136.572045,57.918469],[-136.557651,57.912135],[-136.534201,57.913938],[-136.484259,57.89646],[-136.474424,57.871648],[-136.458829,57.853901],[-136.391157,57.832653],[-136.372377,57.832587],[-136.365052,57.828561],[-136.309429,57.779465],[-136.304684,57.771051],[-136.314631,57.758703],[-136.280809,57.717379],[-136.207876,57.638107],[-136.187897,57.62573],[-136.130611,57.624607],[-136.106796,57.616567],[-136.061747,57.592068],[-136.001717,57.544499],[-136.021283,57.531551],[-136.030458,57.52154],[-136.014529,57.506227],[-135.966986,57.472759],[-135.943766,57.45878],[-135.896979,57.440719],[-135.900816,57.418181],[-135.892131,57.408048],[-135.84381,57.390896],[-135.768018,57.383435],[-135.720478,57.373663],[-135.711401,57.36776],[-135.6924,57.375267],[-135.691043,57.383518],[-135.669416,57.389296],[-135.667985,57.405124],[-135.647179,57.406132],[-135.626558,57.409961],[-135.612882,57.424907],[-135.610454,57.442232],[-135.557765,57.451966],[-135.553903,57.45487],[-135.549627,57.482016],[-135.565271,57.510209],[-135.578215,57.516445],[-135.575724,57.522874],[-135.588477,57.552081],[-135.587475,57.568829],[-135.570574,57.579613],[-135.52761,57.589003],[-135.511012,57.595906],[-135.526303,57.606388],[-135.546143,57.613826],[-135.571186,57.605367],[-135.592778,57.602474],[-135.660902,57.629196],[-135.697422,57.649711],[-135.712317,57.672648],[-135.684951,57.677508],[-135.650701,57.65252],[-135.593447,57.663795],[-135.571606,57.674397],[-135.514801,57.650349],[-135.474703,57.631381],[-135.392499,57.599909],[-135.325849,57.577178],[-135.242855,57.546302],[-135.134063,57.497681],[-135.096818,57.469916],[-135.084338,57.464671],[-135.025148,57.454315],[-134.90268,57.459349],[-134.874346,57.464406],[-134.83712,57.482761],[-134.824891,57.500067],[-134.856386,57.598967],[-134.867433,57.623439],[-134.918167,57.682272],[-134.91479,57.705821],[-134.921604,57.742376],[-134.929726,57.759203],[-134.939924,57.763612],[-134.97812,57.763125],[-135.012577,57.746105],[-135.024837,57.74299],[-135.063972,57.750847],[-135.098422,57.754898],[-135.151475,57.738296],[-135.201461,57.728171],[-135.29156,57.737468],[-135.328887,57.74842],[-135.364221,57.775347],[-135.376444,57.792039],[-135.377758,57.802212],[-135.469477,57.834466],[-135.503498,57.84086],[-135.518882,57.857383],[-135.575718,57.883548],[-135.596769,57.889705],[-135.587961,57.89732]]],[[[-134.666587,56.169947],[-134.653827,56.198385],[-134.634668,56.265832],[-134.63401,56.31584],[-134.636506,56.405625],[-134.645308,56.472215],[-134.655174,56.492033],[-134.663839,56.503183],[-134.669778,56.524129],[-134.671047,56.5412],[-134.639732,56.538835],[-134.626943,56.553868],[-134.615955,56.637289],[-134.619799,56.665888],[-134.633997,56.728722],[-134.663434,56.804687],[-134.674238,56.825177],[-134.699099,56.850864],[-134.695735,56.900791],[-134.719275,56.929031],[-134.740135,56.948481],[-134.7383,56.968059],[-134.73788,57.009935],[-134.755886,57.058035],[-134.841774,57.248588],[-134.854948,57.264766],[-134.879535,57.288177],[-134.922329,57.303708],[-134.946626,57.303164],[-134.955014,57.309433],[-134.951267,57.32866],[-134.921651,57.330713],[-134.88478,57.330003],[-134.835211,57.300315],[-134.829365,57.294098],[-134.812769,57.299765],[-134.806352,57.341888],[-134.849477,57.40967],[-134.89344,57.420044],[-134.926516,57.422267],[-135.026566,57.420497],[-135.039634,57.418131],[-135.06505,57.418972],[-135.145949,57.439049],[-135.168056,57.454212],[-135.161017,57.460713],[-135.209123,57.488753],[-135.227293,57.489838],[-135.246114,57.483598],[-135.265557,57.48086],[-135.297784,57.483721],[-135.308458,57.495201],[-135.294491,57.510836],[-135.322925,57.533476],[-135.355749,57.553568],[-135.419205,57.564159],[-135.443404,57.556876],[-135.491537,57.531687],[-135.526036,57.509697],[-135.548794,57.508977],[-135.532069,57.481117],[-135.534221,57.450252],[-135.556109,57.446458],[-135.554548,57.426636],[-135.570872,57.417459],[-135.585395,57.416811],[-135.604184,57.409932],[-135.633573,57.394211],[-135.627022,57.388207],[-135.639556,57.371883],[-135.659614,57.373907],[-135.687696,57.367477],[-135.695563,57.35746],[-135.684597,57.350328],[-135.674687,57.336747],[-135.638209,57.320278],[-135.631415,57.311568],[-135.601782,57.300772],[-135.602297,57.285707],[-135.568954,57.255186],[-135.561883,57.241868],[-135.552574,57.233194],[-135.511241,57.247077],[-135.503121,57.253809],[-135.477683,57.256824],[-135.449073,57.248104],[-135.429229,57.247213],[-135.406086,57.251678],[-135.366177,57.248852],[-135.358715,57.243776],[-135.361771,57.233591],[-135.372021,57.228003],[-135.37758,57.206302],[-135.372441,57.198063],[-135.399312,57.185003],[-135.422746,57.167724],[-135.405293,57.138149],[-135.406158,57.119697],[-135.401721,57.098654],[-135.378337,57.081622],[-135.36571,57.066062],[-135.377763,57.05291],[-135.3741,57.045391],[-135.349229,57.041535],[-135.333998,57.050403],[-135.31278,57.044984],[-135.325216,57.010866],[-135.329492,57.004507],[-135.360232,57.002231],[-135.383376,56.981544],[-135.379725,56.953039],[-135.35409,56.9365],[-135.332356,56.913951],[-135.347244,56.89998],[-135.368899,56.892589],[-135.408542,56.826014],[-135.412989,56.810079],[-135.398678,56.779201],[-135.352176,56.771196],[-135.310159,56.778093],[-135.280875,56.768357],[-135.281608,56.758528],[-135.29643,56.756294],[-135.318082,56.748688],[-135.305077,56.726382],[-135.27491,56.701633],[-135.224142,56.687858],[-135.175826,56.677876],[-135.147761,56.651932],[-135.148836,56.648915],[-135.123389,56.602823],[-135.118709,56.597728],[-135.091611,56.600068],[-135.065693,56.607852],[-135.036432,56.619628],[-135.029747,56.628918],[-134.998369,56.630017],[-134.979386,56.627676],[-134.969842,56.615392],[-134.967164,56.603026],[-134.985881,56.595844],[-135.005249,56.602252],[-135.02674,56.594625],[-135.045054,56.583392],[-135.056756,56.570611],[-135.060878,56.541965],[-135.054049,56.527658],[-135.02378,56.499977],[-134.990763,56.457998],[-134.945704,56.38971],[-134.915911,56.360555],[-134.839411,56.309403],[-134.824902,56.279692],[-134.806163,56.235533],[-134.705007,56.175722],[-134.674028,56.166925],[-134.666587,56.169947]]],[[[-135.703464,57.32204],[-135.730323,57.337286],[-135.761471,57.342631],[-135.838568,57.338756],[-135.860558,57.330854],[-135.855849,57.31996],[-135.840359,57.314342],[-135.828831,57.301981],[-135.833896,57.254233],[-135.824388,57.192862],[-135.800824,57.173655],[-135.785583,57.177929],[-135.762241,57.173341],[-135.735405,57.155403],[-135.735559,57.151755],[-135.755997,57.121225],[-135.776975,57.112555],[-135.805945,57.106778],[-135.83489,57.091387],[-135.841819,57.070899],[-135.852146,57.029699],[-135.857028,56.997287],[-135.821915,56.988215],[-135.772432,56.997301],[-135.764949,57.006094],[-135.68052,57.017342],[-135.65054,57.015139],[-135.635347,57.022411],[-135.574693,57.094339],[-135.575722,57.104231],[-135.565756,57.137344],[-135.565707,57.147312],[-135.581473,57.150599],[-135.592379,57.142683],[-135.602057,57.149161],[-135.596921,57.161196],[-135.604953,57.184204],[-135.620735,57.217885],[-135.621346,57.223693],[-135.637289,57.236124],[-135.656363,57.243036],[-135.657272,57.262027],[-135.688233,57.276143],[-135.705483,57.308557],[-135.703464,57.32204]]],[[[-147.562801,60.579821],[-147.566372,60.580849],[-147.613843,60.565906],[-147.721824,60.508635],[-147.72646,60.502533],[-147.726642,60.472216],[-147.717097,60.467282],[-147.70916,60.451883],[-147.738151,60.441277],[-147.750864,60.440981],[-147.779329,60.457078],[-147.765825,60.476505],[-147.778269,60.484007],[-147.792822,60.476193],[-147.837456,60.414452],[-147.933269,60.273632],[-147.950532,60.243791],[-147.956228,60.228667],[-147.945158,60.222324],[-147.908985,60.224359],[-147.855453,60.216419],[-147.828962,60.207442],[-147.827991,60.20063],[-147.845681,60.195434],[-147.820159,60.179555],[-147.783583,60.161073],[-147.760681,60.156396],[-147.720124,60.202002],[-147.704731,60.227874],[-147.698608,60.245552],[-147.703599,60.285589],[-147.671135,60.308929],[-147.639474,60.340579],[-147.618906,60.368848],[-147.62202,60.383794],[-147.630081,60.38955],[-147.681888,60.388167],[-147.690773,60.405054],[-147.674351,60.41443],[-147.619972,60.436821],[-147.623835,60.465878],[-147.607756,60.50692],[-147.565775,60.534713],[-147.551709,60.559612],[-147.555392,60.574059],[-147.562801,60.579821]]],[[[-147.444468,60.699654],[-147.479814,60.693593],[-147.486484,60.686582],[-147.501603,60.654772],[-147.486045,60.619348],[-147.457407,60.61909],[-147.344494,60.628544],[-147.302915,60.660673],[-147.308537,60.666793],[-147.384779,60.710017],[-147.444468,60.699654]]],[[[-147.952039,60.741879],[-147.965419,60.751996],[-148.020259,60.72495],[-147.970684,60.673799],[-147.932931,60.655714],[-147.868067,60.670825],[-147.846103,60.694509],[-147.848176,60.698116],[-147.906021,60.735515],[-147.952039,60.741879]]],[[[-147.131319,60.912932],[-147.178969,60.903704],[-147.193399,60.902949],[-147.226303,60.910421],[-147.321084,60.880198],[-147.309086,60.873924],[-147.253128,60.872969],[-147.217749,60.869741],[-147.192354,60.861635],[-147.141802,60.853991],[-147.126799,60.858011],[-147.089645,60.874693],[-147.071788,60.893833],[-147.077772,60.899503],[-147.115336,60.911938],[-147.131319,60.912932]]],[[[-147.217704,60.293504],[-147.20615,60.269508],[-147.219108,60.253513],[-147.249786,60.228589],[-147.281373,60.226812],[-147.312081,60.222871],[-147.322841,60.214784],[-147.315691,60.202891],[-147.319715,60.190581],[-147.388701,60.126473],[-147.406,60.112631],[-147.433254,60.096159],[-147.479543,60.076653],[-147.555529,60.051131],[-147.647042,60.005649],[-147.662645,59.986676],[-147.659569,59.980064],[-147.68628,59.964476],[-147.707445,59.964151],[-147.728869,59.969509],[-147.739635,59.968008],[-147.804252,59.936497],[-147.809035,59.92348],[-147.797213,59.909477],[-147.808272,59.888148],[-147.856693,59.886661],[-147.877936,59.879678],[-147.895411,59.869145],[-147.908247,59.852832],[-147.928064,59.803496],[-147.912883,59.79224],[-147.874097,59.78326],[-147.831008,59.790043],[-147.810788,59.802233],[-147.745417,59.821844],[-147.693869,59.81907],[-147.677139,59.821368],[-147.660388,59.832248],[-147.651738,59.851223],[-147.62198,59.866484],[-147.596339,59.868872],[-147.571278,59.868709],[-147.542664,59.861336],[-147.533041,59.852401],[-147.46692,59.8701],[-147.45236,59.880518],[-147.443678,59.913543],[-147.476312,59.921563],[-147.494317,59.922756],[-147.505311,59.937494],[-147.499783,59.951069],[-147.493235,59.955388],[-147.438369,59.97468],[-147.388686,60.004301],[-147.388508,60.011116],[-147.365424,60.042867],[-147.253868,60.113852],[-147.202416,60.151128],[-147.139641,60.179058],[-147.002067,60.232453],[-146.948089,60.269974],[-146.911377,60.297593],[-146.916164,60.314898],[-146.944024,60.31602],[-146.962633,60.311911],[-147.064768,60.270188],[-147.080463,60.265355],[-147.104107,60.277155],[-147.089866,60.292106],[-147.015307,60.322548],[-147.004091,60.334348],[-147.013164,60.343863],[-147.073932,60.338982],[-147.095483,60.341964],[-147.10401,60.356727],[-147.089363,60.369126],[-147.098703,60.378697],[-147.112667,60.380982],[-147.147514,60.37247],[-147.211582,60.34626],[-147.218799,60.334726],[-147.211625,60.324936],[-147.195608,60.326224],[-147.183277,60.32068],[-147.19494,60.304563],[-147.217704,60.293504]]],[[[-179.069176,51.262874],[-179.075466,51.284619],[-179.094665,51.301229],[-179.113495,51.300801],[-179.137239,51.286006],[-179.14734,51.276781],[-179.136196,51.229216],[-179.126856,51.219862],[-179.097619,51.226135],[-179.07232,51.250963],[-179.069176,51.262874]]],[[[-178.954338,51.339247],[-178.908883,51.340582],[-178.914207,51.363992],[-178.926874,51.38364],[-178.964323,51.402492],[-178.977782,51.398929],[-178.992094,51.381311],[-178.990684,51.311648],[-178.979179,51.31438],[-178.965171,51.322682],[-178.95446,51.332731],[-178.954338,51.339247]]],[[[178.785825,51.633434],[178.738019,51.632734],[178.689903,51.644422],[178.675528,51.659064],[178.664013,51.661935],[178.645511,51.657634],[178.625536,51.637303],[178.634021,51.623981],[178.706047,51.593182],[178.785061,51.571866],[178.795194,51.575429],[178.831825,51.580534],[178.843631,51.578642],[178.951626,51.541963],[178.969019,51.531237],[179.013516,51.49728],[179.060354,51.454875],[179.097477,51.44058],[179.2065,51.393284],[179.218185,51.387377],[179.220471,51.376667],[179.261618,51.357688],[179.366788,51.371837],[179.389855,51.361004],[179.399469,51.359433],[179.450191,51.365142],[179.467581,51.371629],[179.462765,51.376176],[179.400809,51.400557],[179.386221,51.404401],[179.263934,51.405838],[179.236253,51.409606],[179.23027,51.413419],[179.218031,51.43894],[179.191082,51.462935],[179.164531,51.464635],[179.143656,51.469442],[179.101442,51.485497],[179.076803,51.498518],[179.002896,51.552486],[178.920826,51.586137],[178.919136,51.605546],[178.90391,51.614914],[178.804128,51.635034],[178.785825,51.633434]]],[[[-176.762478,51.867878],[-176.790163,51.817217],[-176.856205,51.818366],[-176.904302,51.811772],[-176.911016,51.807597],[-176.918065,51.788003],[-176.90503,51.771532],[-176.882018,51.766628],[-176.8707,51.731969],[-176.873924,51.724071],[-176.896966,51.700424],[-176.906884,51.696639],[-176.930872,51.697195],[-176.950128,51.686719],[-176.976249,51.6664],[-176.984489,51.657411],[-176.991322,51.629052],[-176.984331,51.602135],[-176.954147,51.592568],[-176.930952,51.59247],[-176.903184,51.635648],[-176.863062,51.684921],[-176.837514,51.682745],[-176.814437,51.66025],[-176.826252,51.640932],[-176.823682,51.634011],[-176.809,51.616235],[-176.801675,51.613488],[-176.751817,51.635017],[-176.735912,51.662154],[-176.713062,51.68333],[-176.70266,51.685404],[-176.608482,51.693349],[-176.582933,51.691822],[-176.51933,51.758482],[-176.509655,51.763326],[-176.497054,51.761426],[-176.474132,51.747208],[-176.343756,51.73152],[-176.289921,51.741678],[-176.268243,51.785498],[-176.26649,51.817716],[-176.281694,51.863919],[-176.290728,51.872136],[-176.311573,51.872463],[-176.398062,51.867842],[-176.507989,51.84597],[-176.517599,51.839557],[-176.543309,51.838624],[-176.576381,51.842275],[-176.625463,51.859824],[-176.623452,51.883205],[-176.616095,51.903013],[-176.582927,51.947964],[-176.569683,51.951324],[-176.565559,51.925862],[-176.566275,51.914702],[-176.554661,51.909834],[-176.544867,51.927245],[-176.554398,51.99066],[-176.560565,51.996732],[-176.579975,52.003238],[-176.603598,51.997056],[-176.627155,51.978294],[-176.63051,51.970352],[-176.698771,51.964454],[-176.72078,51.969518],[-176.736549,51.969808],[-176.774023,51.965895],[-176.789558,51.957211],[-176.810433,51.927089],[-176.797799,51.908512],[-176.762478,51.867878]]],[[[-177.800647,51.778294],[-177.797719,51.793297],[-177.735909,51.807991],[-177.692118,51.813897],[-177.685555,51.812745],[-177.649208,51.820727],[-177.625008,51.837529],[-177.615311,51.85508],[-177.691714,51.843975],[-177.759641,51.831195],[-177.852285,51.826045],[-177.859763,51.826944],[-177.921569,51.853883],[-177.924315,51.857522],[-177.913269,51.879748],[-177.952094,51.915348],[-177.963723,51.917919],[-178.002345,51.909968],[-178.061147,51.912539],[-178.070548,51.917408],[-178.090632,51.919399],[-178.124786,51.920093],[-178.175023,51.911584],[-178.19709,51.905464],[-178.220742,51.884841],[-178.227822,51.873526],[-178.215124,51.857801],[-178.172666,51.839985],[-178.086074,51.808047],[-178.08064,51.798739],[-178.059335,51.786829],[-178.039344,51.778925],[-177.995272,51.781535],[-177.965031,51.778162],[-177.950283,51.765682],[-177.946649,51.752681],[-177.947777,51.740381],[-177.956443,51.722862],[-177.962426,51.719772],[-178.021818,51.706906],[-178.104285,51.701539],[-178.117864,51.677831],[-178.109378,51.670461],[-178.086304,51.663618],[-178.069823,51.670676],[-177.963852,51.650231],[-177.953024,51.638175],[-177.950665,51.620001],[-177.944957,51.611539],[-177.930123,51.601499],[-177.909185,51.596671],[-177.903083,51.606497],[-177.915445,51.630684],[-177.92564,51.642481],[-177.928907,51.655368],[-177.918806,51.67439],[-177.902693,51.691581],[-177.887768,51.689483],[-177.876811,51.681411],[-177.856332,51.681015],[-177.841411,51.68956],[-177.826997,51.705972],[-177.827524,51.712086],[-177.842419,51.722645],[-177.842267,51.73248],[-177.813886,51.75428],[-177.796308,51.770831],[-177.800647,51.778294]]],[[[-177.360408,51.727533],[-177.342784,51.721395],[-177.322977,51.711416],[-177.316353,51.700811],[-177.316501,51.690353],[-177.296369,51.684245],[-177.275121,51.68051],[-177.261631,51.680846],[-177.145675,51.707294],[-177.122808,51.729355],[-177.120581,51.739815],[-177.13096,51.762772],[-177.136977,51.814493],[-177.128617,51.833835],[-177.120377,51.839687],[-177.08101,51.855497],[-177.04509,51.898605],[-177.054768,51.908944],[-177.099266,51.936119],[-177.154842,51.944381],[-177.181271,51.943167],[-177.191399,51.938001],[-177.199764,51.924816],[-177.19912,51.883142],[-177.200825,51.844605],[-177.205675,51.820639],[-177.21193,51.812331],[-177.238175,51.79852],[-177.281479,51.784075],[-177.4612,51.750718],[-177.497974,51.738624],[-177.515591,51.724978],[-177.536977,51.72147],[-177.555197,51.721125],[-177.597498,51.726464],[-177.639983,51.736061],[-177.697662,51.713123],[-177.707802,51.703268],[-177.670951,51.66398],[-177.651386,51.653604],[-177.635883,51.659541],[-177.640524,51.672084],[-177.631523,51.696844],[-177.608055,51.705184],[-177.570973,51.69822],[-177.540393,51.698755],[-177.490005,51.705106],[-177.463577,51.713943],[-177.444717,51.725419],[-177.417678,51.730875],[-177.39076,51.733525],[-177.360408,51.727533]]],[[[-178.792409,51.746071],[-178.776661,51.748612],[-178.750414,51.757752],[-178.733355,51.783947],[-178.748283,51.809942],[-178.767695,51.823179],[-178.788541,51.832602],[-178.811249,51.839018],[-178.828645,51.83615],[-178.858248,51.820966],[-178.870118,51.795261],[-178.873024,51.782623],[-178.815757,51.749176],[-178.792409,51.746071]]],[[[178.380741,51.763907],[178.372348,51.774146],[178.335631,51.807031],[178.305568,51.821748],[178.236931,51.828209],[178.246209,51.817078],[178.304892,51.777434],[178.318757,51.772322],[178.335664,51.769926],[178.36368,51.773948],[178.380741,51.763907]]],[[[-175.971562,51.888631],[-175.984993,51.908445],[-175.99265,51.912655],[-176.020182,51.911373],[-176.065288,51.902986],[-176.111452,51.889748],[-176.115489,51.887015],[-176.078865,51.874778],[-176.072225,51.867938],[-176.080442,51.858567],[-176.099137,51.855533],[-176.140908,51.859562],[-176.161052,51.869685],[-176.173871,51.882449],[-176.206069,51.883089],[-176.217544,51.874627],[-176.236246,51.825965],[-176.216957,51.812714],[-176.183142,51.807099],[-176.139622,51.802386],[-176.123965,51.802745],[-176.10107,51.810609],[-176.047892,51.846309],[-175.983742,51.852352],[-175.963041,51.846253],[-175.954287,51.868381],[-175.953251,51.881376],[-175.957546,51.893455],[-175.971562,51.888631]]],[[[177.601645,52.016377],[177.632555,52.064844],[177.659451,52.069439],[177.667256,52.076274],[177.675952,52.092167],[177.661607,52.112746],[177.602673,52.13732],[177.563396,52.121959],[177.545604,52.101091],[177.505319,52.038768],[177.505747,52.016374],[177.497441,51.993328],[177.483712,51.984877],[177.413484,51.979724],[177.345577,51.963005],[177.341518,51.955016],[177.291312,51.91943],[177.272695,51.920054],[177.233904,51.909624],[177.200423,51.894746],[177.203996,51.880531],[177.212422,51.876431],[177.235523,51.87326],[177.27337,51.857123],[177.293424,51.84561],[177.294035,51.837301],[177.311768,51.825971],[177.321687,51.828543],[177.334017,51.844444],[177.334229,51.866769],[177.326781,51.873636],[177.348816,51.904469],[177.373934,51.91976],[177.409536,51.930821],[177.560513,51.916364],[177.601005,51.922254],[177.606529,51.925069],[177.611553,51.950829],[177.607535,51.95472],[177.579823,51.950836],[177.543534,51.956175],[177.532729,51.97007],[177.538223,51.978897],[177.577226,52.00497],[177.601645,52.016377]]],[[[179.758993,51.946595],[179.767251,51.947572],[179.77847,51.962217],[179.773922,51.970693],[179.704433,52.004877],[179.663327,52.022941],[179.647641,52.026259],[179.622283,52.024975],[179.582857,52.016841],[179.571049,52.011111],[179.539223,51.985178],[179.526743,51.981164],[179.515025,51.983751],[179.482464,51.982834],[179.475569,51.937456],[179.484634,51.921268],[179.521868,51.896765],[179.614364,51.871772],[179.649484,51.87367],[179.734772,51.907606],[179.743012,51.911749],[179.751525,51.923933],[179.758993,51.946595]]],[[[178.446964,51.978222],[178.468045,51.931635],[178.484831,51.909898],[178.502493,51.899644],[178.518861,51.899759],[178.539395,51.903246],[178.590245,51.945457],[178.591597,51.952652],[178.570619,51.968064],[178.552612,51.973968],[178.478586,51.987549],[178.463385,51.987849],[178.446964,51.978222]]],[[[-175.680144,51.96897],[-175.726245,51.975969],[-175.742618,51.966632],[-175.747438,51.9462],[-175.730011,51.933817],[-175.717436,51.933695],[-175.653194,51.961669],[-175.655056,51.966651],[-175.669707,51.972166],[-175.680144,51.96897]]],[[[-176.018089,52.020099],[-175.999044,52.025385],[-175.988653,52.035509],[-176.058103,52.106467],[-176.143914,52.116097],[-176.173155,52.102314],[-176.205324,52.076246],[-176.211855,52.065533],[-176.201935,52.040212],[-176.185086,52.005705],[-176.180356,52.000426],[-176.079181,51.968884],[-176.057085,51.967825],[-176.027667,51.975112],[-176.021839,51.984848],[-176.032156,51.993667],[-176.044001,52.009331],[-176.018089,52.020099]]],[[[178.1176,52.048612],[178.107266,52.045744],[178.09461,52.033294],[178.105874,51.998357],[178.132547,51.986982],[178.174473,51.991684],[178.190963,52.003546],[178.179962,52.033247],[178.175781,52.036777],[178.141695,52.051034],[178.1176,52.048612]]],[[[-174.301818,52.278949],[-174.255832,52.274152],[-174.249848,52.243694],[-174.299044,52.21467],[-174.328599,52.211647],[-174.360631,52.212994],[-174.400139,52.219053],[-174.453746,52.218823],[-174.462962,52.213031],[-174.457804,52.202831],[-174.405464,52.18356],[-174.41529,52.169376],[-174.424054,52.169053],[-174.465189,52.180711],[-174.49688,52.179151],[-174.527081,52.17472],[-174.55467,52.160405],[-174.568402,52.138426],[-174.604871,52.122124],[-174.656294,52.107962],[-174.786809,52.091324],[-174.839715,52.091338],[-174.866725,52.103172],[-174.905409,52.116509],[-174.920042,52.109274],[-174.927549,52.101415],[-174.922299,52.09158],[-174.937497,52.078334],[-174.980497,52.061471],[-174.995237,52.061417],[-175.044344,52.057519],[-175.092867,52.034794],[-175.113721,52.046308],[-175.117115,52.054499],[-175.132635,52.059223],[-175.156744,52.057642],[-175.1959,52.051407],[-175.32707,52.027032],[-175.341624,52.021588],[-175.323322,52.007488],[-175.302683,52.011499],[-175.292821,52.01879],[-175.27485,52.018619],[-175.155673,52.011512],[-175.104889,52.003548],[-175.09551,52.000797],[-175.014807,52.007],[-175.014748,52.020584],[-175.000792,52.028354],[-174.967907,52.037203],[-174.885554,52.043001],[-174.783189,52.032293],[-174.736592,52.007308],[-174.71461,52.009863],[-174.615943,52.032665],[-174.593635,52.045247],[-174.580676,52.040453],[-174.556278,52.036733],[-174.508822,52.048623],[-174.507816,52.054955],[-174.45276,52.061047],[-174.411255,52.048757],[-174.382661,52.081658],[-174.365667,52.097238],[-174.348463,52.109245],[-174.334424,52.115198],[-174.302947,52.111325],[-174.218469,52.10488],[-174.206353,52.116554],[-174.142262,52.125452],[-174.11437,52.117107],[-174.102161,52.104534],[-174.0891,52.107251],[-174.080677,52.128026],[-174.090169,52.139119],[-174.135217,52.168514],[-174.175044,52.181835],[-174.196836,52.195856],[-174.200389,52.211861],[-174.198624,52.219244],[-174.182857,52.232762],[-174.177679,52.233638],[-174.106533,52.228392],[-174.084042,52.223677],[-174.060451,52.225326],[-174.036222,52.245011],[-173.987917,52.295345],[-173.985203,52.3176],[-173.989415,52.325275],[-174.068248,52.390331],[-174.155774,52.416041],[-174.185347,52.417788],[-174.324935,52.378095],[-174.330494,52.366439],[-174.320813,52.355726],[-174.3177,52.344869],[-174.331065,52.328465],[-174.358624,52.31419],[-174.367047,52.314105],[-174.384199,52.321139],[-174.432846,52.328004],[-174.45366,52.319367],[-174.451554,52.305557],[-174.408277,52.289872],[-174.368754,52.280405],[-174.349404,52.281336],[-174.346089,52.285036],[-174.323471,52.28399],[-174.301818,52.278949]]],[[[-173.602446,52.153773],[-173.624771,52.152213],[-173.654404,52.146192],[-173.721266,52.130207],[-173.802339,52.10639],[-173.824087,52.105892],[-173.830906,52.11045],[-173.890733,52.12547],[-173.984245,52.127855],[-174.036854,52.135878],[-174.052296,52.1304],[-174.035082,52.112952],[-174.011338,52.098862],[-173.992274,52.10059],[-173.97133,52.099428],[-173.935561,52.064731],[-173.937239,52.057513],[-173.901075,52.049435],[-173.831555,52.040763],[-173.816999,52.048538],[-173.799574,52.05365],[-173.718,52.063069],[-173.612014,52.051148],[-173.548385,52.029308],[-173.511915,52.031278],[-173.424178,52.046298],[-173.313705,52.058701],[-173.206837,52.063532],[-173.107933,52.078828],[-173.04754,52.073329],[-173.033166,52.074611],[-172.960751,52.087018],[-172.958523,52.093648],[-173.019588,52.097881],[-173.06643,52.09633],[-173.107373,52.09928],[-173.124504,52.10942],[-173.173206,52.109136],[-173.238295,52.100443],[-173.357498,52.096129],[-173.372574,52.10275],[-173.375229,52.108228],[-173.467877,52.116423],[-173.49702,52.103641],[-173.514171,52.108348],[-173.59056,52.145393],[-173.602446,52.153773]]],[[[177.355215,52.071396],[177.386805,52.075196],[177.402034,52.079668],[177.428801,52.091738],[177.443023,52.105259],[177.446563,52.114453],[177.445983,52.13513],[177.437924,52.146873],[177.408835,52.167632],[177.383655,52.174276],[177.367356,52.175299],[177.340528,52.170323],[177.306009,52.156108],[177.288827,52.14419],[177.28016,52.127579],[177.283488,52.114159],[177.2906,52.10215],[177.30519,52.090324],[177.332629,52.075209],[177.355215,52.071396]]],[[[-172.633153,52.266215],[-172.608935,52.253014],[-172.528095,52.254336],[-172.414419,52.27674],[-172.313133,52.320697],[-172.301445,52.329951],[-172.302393,52.342357],[-172.311427,52.356456],[-172.326444,52.366472],[-172.405243,52.389442],[-172.448182,52.391439],[-172.47461,52.383763],[-172.568051,52.34942],[-172.574154,52.345323],[-172.620261,52.298751],[-172.633153,52.266215]]],[[[175.911286,52.334831],[175.94418,52.336437],[175.966521,52.359728],[175.95056,52.368357],[175.906734,52.375651],[175.874353,52.371004],[175.873317,52.361138],[175.890684,52.344514],[175.911286,52.334831]]],[[[173.587554,52.476785],[173.555739,52.479472],[173.545302,52.476],[173.550002,52.467067],[173.530105,52.449968],[173.501022,52.440926],[173.476243,52.441909],[173.445696,52.455031],[173.380058,52.431843],[173.356103,52.405563],[173.3955,52.402647],[173.455586,52.389656],[173.465442,52.384621],[173.483843,52.383485],[173.512162,52.385035],[173.543778,52.392666],[173.559891,52.401165],[173.588794,52.400973],[173.606767,52.378249],[173.640825,52.359428],[173.651293,52.35637],[173.725696,52.356579],[173.719161,52.397703],[173.712323,52.421033],[173.691601,52.445935],[173.695719,52.458935],[173.707741,52.477377],[173.739385,52.493257],[173.754979,52.496127],[173.772402,52.506877],[173.769503,52.512072],[173.680586,52.512878],[173.623883,52.506948],[173.587554,52.476785]]],[[[-171.294554,52.451105],[-171.252316,52.449466],[-171.236843,52.450527],[-171.214565,52.4633],[-171.208919,52.469023],[-171.194639,52.498039],[-171.196013,52.500106],[-171.252053,52.529954],[-171.277165,52.522634],[-171.291387,52.514813],[-171.3075,52.501514],[-171.312658,52.493502],[-171.313083,52.472932],[-171.30417,52.449952],[-171.294554,52.451105]]],[[[-170.841936,52.558171],[-170.788495,52.54024],[-170.777143,52.546664],[-170.767378,52.558254],[-170.735824,52.580823],[-170.696488,52.598364],[-170.674453,52.603385],[-170.659041,52.593811],[-170.635419,52.595711],[-170.603862,52.601732],[-170.56361,52.640706],[-170.557324,52.652105],[-170.562734,52.674785],[-170.579913,52.682029],[-170.633753,52.697469],[-170.671545,52.698082],[-170.727717,52.679978],[-170.817943,52.636275],[-170.833364,52.599985],[-170.841936,52.558171]]],[[[174.069186,52.734888],[174.066195,52.731042],[174.071842,52.718295],[174.109409,52.70856],[174.158146,52.706059],[174.155764,52.715375],[174.145326,52.72855],[174.13315,52.733786],[174.09665,52.743485],[174.069186,52.734888]]],[[[-170.170683,52.784918],[-170.185684,52.723007],[-170.170646,52.717359],[-170.114087,52.716172],[-170.077734,52.720416],[-170.070287,52.724301],[-170.055363,52.745887],[-170.053443,52.769076],[-170.061868,52.773525],[-170.128714,52.787425],[-170.170683,52.784918]]],[[[174.004827,52.719857],[174.021702,52.730286],[174.003651,52.744283],[173.983432,52.749053],[173.954075,52.75141],[173.96088,52.738136],[173.9726,52.729423],[174.004827,52.719857]]],[[[173.932926,52.746649],[173.940037,52.75186],[173.931553,52.758574],[173.897452,52.77178],[173.881412,52.775028],[173.861653,52.773579],[173.875585,52.761898],[173.894753,52.75078],[173.925271,52.752433],[173.932926,52.746649]]],[[[172.763366,52.823656],[172.809387,52.78929],[172.903628,52.761667],[172.998472,52.796979],[173.11856,52.78444],[173.134521,52.784357],[173.166899,52.795229],[173.187952,52.8315],[173.204948,52.848911],[173.22907,52.856156],[173.284417,52.827933],[173.302331,52.823286],[173.413016,52.827891],[173.42767,52.830763],[173.421682,52.845477],[173.295399,52.926987],[173.251326,52.944362],[173.211752,52.939489],[173.172406,52.960545],[173.159648,52.974163],[173.13151,52.987521],[173.107249,52.993228],[172.746566,53.01075],[172.643266,53.004979],[172.629077,53.001324],[172.461667,52.92716],[172.469022,52.911337],[172.512996,52.905181],[172.5487,52.914322],[172.585075,52.921327],[172.640372,52.925441],[172.754236,52.87749],[172.766693,52.862669],[172.76739,52.848372],[172.763366,52.823656]]],[[[-169.943521,52.861099],[-169.990149,52.856266],[-170.004218,52.846743],[-170.012487,52.831161],[-169.995422,52.804676],[-169.962883,52.789882],[-169.951498,52.788615],[-169.927446,52.792675],[-169.897078,52.802131],[-169.879866,52.816088],[-169.838232,52.81728],[-169.750136,52.790576],[-169.704105,52.793938],[-169.683482,52.826618],[-169.666512,52.864349],[-169.704736,52.886272],[-169.749177,52.893269],[-169.773504,52.89445],[-169.818139,52.878446],[-169.860214,52.858377],[-169.905631,52.85324],[-169.943521,52.861099]]],[[[-168.211705,53.256184],[-168.158943,53.26771],[-168.03976,53.304276],[-168.009301,53.317263],[-167.988487,53.329578],[-167.959096,53.341788],[-167.878128,53.366902],[-167.852217,53.378294],[-167.842328,53.386489],[-167.83952,53.410325],[-167.856837,53.428609],[-167.858337,53.43791],[-167.843611,53.453893],[-167.808117,53.473861],[-167.788066,53.492411],[-167.784099,53.501048],[-167.791026,53.521076],[-167.816998,53.517947],[-167.901871,53.520508],[-167.938981,53.526907],[-167.965038,53.538913],[-167.960861,53.55255],[-167.981038,53.561714],[-168.004624,53.566053],[-168.14462,53.545342],[-168.200443,53.534079],[-168.238321,53.521902],[-168.239572,53.518491],[-168.295793,53.489062],[-168.315847,53.481729],[-168.342127,53.475992],[-168.386886,53.431496],[-168.406531,53.346393],[-168.365388,53.309105],[-168.343994,53.26215],[-168.361758,53.252253],[-168.412851,53.257859],[-168.445083,53.26533],[-168.490957,53.264009],[-168.501365,53.25734],[-168.524991,53.252311],[-168.539398,53.25167],[-168.617143,53.260985],[-168.763331,53.182812],[-168.788756,53.160749],[-168.799469,53.143794],[-168.804901,53.120015],[-168.80203,53.108226],[-168.789424,53.10097],[-168.768544,53.093684],[-168.759691,53.081461],[-168.763689,53.070961],[-168.785236,53.045038],[-168.861078,52.968046],[-168.958983,52.886048],[-168.97171,52.878028],[-168.992403,52.87344],[-169.038767,52.869662],[-169.054243,52.863266],[-169.102465,52.824349],[-169.041338,52.839348],[-168.907003,52.884006],[-168.808854,52.926102],[-168.741851,52.951442],[-168.688468,52.9664],[-168.625257,52.998214],[-168.613964,53.008776],[-168.587808,53.027175],[-168.553195,53.033296],[-168.546059,53.02958],[-168.527404,53.028588],[-168.49749,53.035403],[-168.457103,53.055839],[-168.451161,53.075131],[-168.442859,53.085562],[-168.412522,53.110683],[-168.392379,53.123609],[-168.37315,53.128891],[-168.344468,53.155215],[-168.341678,53.185911],[-168.312376,53.215231],[-168.296229,53.227235],[-168.270744,53.242811],[-168.226915,53.254822],[-168.211705,53.256184]]],[[[-169.996712,52.891475],[-169.995982,52.902378],[-170.002071,52.910043],[-170.020493,52.917171],[-170.04656,52.923853],[-170.083985,52.92364],[-170.092221,52.919387],[-170.112853,52.902043],[-170.113189,52.891078],[-170.095331,52.870851],[-170.050274,52.857433],[-170.015514,52.87026],[-170.002368,52.880239],[-169.996712,52.891475]]],[[[-169.721744,52.947117],[-169.698274,52.958267],[-169.666078,52.997068],[-169.663576,53.021258],[-169.680033,53.035075],[-169.698128,53.033779],[-169.742538,53.024072],[-169.745743,53.02147],[-169.76274,52.97805],[-169.758008,52.967246],[-169.741096,52.951512],[-169.721744,52.947117]]],[[[-166.728918,54.003111],[-166.742587,54.015501],[-166.751681,54.01605],[-166.818635,53.993198],[-166.879488,53.988716],[-166.930452,53.976091],[-167.031252,53.945204],[-167.058168,53.929778],[-167.140992,53.866774],[-167.141966,53.826932],[-167.075859,53.786272],[-167.024981,53.757241],[-167.005778,53.755446],[-166.975635,53.775254],[-166.960681,53.776841],[-166.942766,53.769562],[-166.856491,53.747301],[-166.787318,53.734577],[-166.779991,53.719126],[-166.805874,53.665733],[-166.832725,53.657376],[-166.861769,53.659234],[-166.859022,53.674439],[-166.894976,53.717746],[-166.923324,53.719719],[-166.999282,53.71852],[-167.022385,53.715467],[-167.057695,53.698864],[-167.067674,53.687267],[-167.071823,53.66556],[-167.030011,53.653559],[-167.008671,53.64204],[-167.009635,53.635344],[-167.062187,53.620058],[-167.084579,53.626502],[-167.091377,53.633438],[-167.107836,53.633056],[-167.14043,53.626968],[-167.159808,53.617308],[-167.16164,53.605909],[-167.135695,53.551227],[-167.131239,53.547267],[-167.105816,53.540507],[-167.102305,53.515077],[-167.15852,53.503747],[-167.193801,53.467007],[-167.199966,53.463039],[-167.267902,53.478115],[-167.278827,53.478565],[-167.30129,53.466006],[-167.319143,53.451317],[-167.332792,53.433107],[-167.355624,53.424498],[-167.393985,53.439752],[-167.457366,53.442793],[-167.473328,53.438001],[-167.474457,53.431782],[-167.488252,53.420001],[-167.622089,53.385329],[-167.653113,53.392276],[-167.694484,53.388034],[-167.710446,53.381326],[-167.790928,53.33552],[-167.852333,53.315599],[-167.851511,53.308668],[-167.83509,53.29962],[-167.798984,53.284757],[-167.644179,53.250842],[-167.622173,53.250362],[-167.609903,53.2853],[-167.58918,53.288698],[-167.530884,53.275659],[-167.51547,53.267876],[-167.488215,53.269121],[-167.466304,53.295888],[-167.442804,53.321015],[-167.386984,53.340671],[-167.348653,53.333262],[-167.308126,53.33433],[-167.302982,53.336911],[-167.291831,53.364102],[-167.201432,53.3979],[-167.134134,53.426448],[-167.124277,53.425534],[-167.112008,53.416775],[-167.075386,53.424979],[-167.050025,53.433067],[-167.04821,53.448844],[-167.036104,53.449289],[-166.994329,53.429201],[-166.959082,53.455753],[-166.922674,53.441136],[-166.878087,53.429884],[-166.863119,53.443878],[-166.789062,53.4531],[-166.772655,53.496371],[-166.743054,53.51482],[-166.735039,53.50664],[-166.712475,53.498445],[-166.667921,53.486027],[-166.656234,53.487119],[-166.581011,53.530449],[-166.553983,53.623448],[-166.532639,53.630533],[-166.467583,53.646574],[-166.444909,53.640646],[-166.283267,53.684219],[-166.274896,53.687253],[-166.262974,53.70371],[-166.19906,53.727328],[-166.166703,53.733402],[-166.111317,53.776856],[-166.094147,53.8392],[-166.113037,53.853716],[-166.119922,53.855048],[-166.198751,53.8361],[-166.21233,53.827769],[-166.212603,53.817127],[-166.303201,53.791538],[-166.336768,53.78709],[-166.420471,53.762088],[-166.460324,53.745838],[-166.469112,53.735935],[-166.540531,53.715926],[-166.552078,53.728498],[-166.547438,53.749404],[-166.434846,53.798012],[-166.404896,53.809345],[-166.389196,53.832343],[-166.351999,53.858532],[-166.320004,53.869527],[-166.250935,53.876851],[-166.236513,53.881343],[-166.211207,53.912334],[-166.210964,53.933557],[-166.264519,53.97755],[-166.279407,53.982532],[-166.319895,53.960126],[-166.359925,53.977136],[-166.354341,53.995515],[-166.357117,54.002343],[-166.373689,54.01003],[-166.437083,53.955644],[-166.435153,53.920415],[-166.443699,53.909727],[-166.487847,53.895448],[-166.560546,53.878775],[-166.57509,53.879236],[-166.597182,53.88399],[-166.619003,53.893514],[-166.640466,53.912519],[-166.646786,53.923785],[-166.621979,53.953744],[-166.587393,53.959831],[-166.599947,53.983695],[-166.619754,54.001264],[-166.644627,54.014495],[-166.67664,54.017419],[-166.728918,54.003111]]],[[[-169.553937,56.608682],[-169.611548,56.606924],[-169.679305,56.611593],[-169.763506,56.620739],[-169.789659,56.618217],[-169.785692,56.613245],[-169.75575,56.591922],[-169.683639,56.58334],[-169.675327,56.578414],[-169.672818,56.560866],[-169.657736,56.547319],[-169.640735,56.542162],[-169.582624,56.536939],[-169.568984,56.540935],[-169.490133,56.583482],[-169.47155,56.598864],[-169.473138,56.601741],[-169.507415,56.610702],[-169.528659,56.612181],[-169.553937,56.608682]]],[[[-170.286318,57.128169],[-170.170848,57.1811],[-170.150813,57.223168],[-170.161647,57.229656],[-170.239557,57.214658],[-170.267664,57.210649],[-170.291916,57.212056],[-170.311707,57.219122],[-170.33188,57.217488],[-170.390121,57.206248],[-170.42041,57.19176],[-170.423548,57.169327],[-170.421867,57.161202],[-170.359817,57.156118],[-170.32484,57.156769],[-170.303963,57.15491],[-170.290793,57.145052],[-170.286318,57.128169]]],[[[-155.62056,55.907509],[-155.637695,55.894184],[-155.663374,55.860488],[-155.743125,55.831488],[-155.75,55.82185],[-155.728104,55.779018],[-155.718597,55.772358],[-155.649109,55.776165],[-155.611038,55.759983],[-155.589157,55.761887],[-155.566315,55.78949],[-155.564407,55.809475],[-155.584396,55.848499],[-155.559895,55.882898],[-155.560593,55.897041],[-155.568207,55.907509],[-155.62056,55.907509]]],[[[-154.404015,56.572287],[-154.402289,56.580543],[-154.413435,56.586768],[-154.449965,56.600361],[-154.514078,56.604059],[-154.534726,56.60054],[-154.70614,56.521273],[-154.739644,56.496332],[-154.777505,56.462199],[-154.806114,56.434182],[-154.799907,56.419387],[-154.775766,56.404075],[-154.765021,56.401361],[-154.73655,56.403848],[-154.704129,56.42423],[-154.691485,56.436711],[-154.668517,56.452544],[-154.633586,56.471817],[-154.571701,56.494165],[-154.529507,56.502655],[-154.436794,56.534556],[-154.39248,56.554053],[-154.393868,56.562388],[-154.404015,56.572287]]],[[[-153.940505,56.558317],[-154.009274,56.551445],[-154.025334,56.551763],[-154.041572,56.556209],[-154.075187,56.583745],[-154.081829,56.603716],[-154.095833,56.617786],[-154.113397,56.616745],[-154.136739,56.60935],[-154.184819,56.603773],[-154.206001,56.606908],[-154.223759,56.612955],[-154.244234,56.609194],[-154.29002,56.595376],[-154.310913,56.585447],[-154.341401,56.563705],[-154.362361,56.542512],[-154.361378,56.52564],[-154.343096,56.510171],[-154.304371,56.502322],[-154.232464,56.491052],[-154.19728,56.502002],[-154.163987,56.507844],[-154.120244,56.501838],[-153.993909,56.501796],[-153.952958,56.507174],[-153.887678,56.533637],[-153.868461,56.551493],[-153.878764,56.565925],[-153.915288,56.564921],[-153.940505,56.558317]]],[[[-152.417424,57.815464],[-152.433653,57.824314],[-152.468511,57.888621],[-152.44824,57.902605],[-152.4037,57.901146],[-152.377063,57.886728],[-152.364777,57.883921],[-152.333209,57.90255],[-152.324103,57.916604],[-152.362161,57.9262],[-152.388626,57.924486],[-152.426458,57.930851],[-152.437604,57.939834],[-152.422573,57.948662],[-152.411618,57.969282],[-152.421408,57.975683],[-152.432608,57.976029],[-152.470336,57.962099],[-152.487666,57.941968],[-152.526283,57.913266],[-152.549661,57.900137],[-152.567395,57.900358],[-152.585985,57.908101],[-152.587705,57.926961],[-152.635378,57.91861],[-152.641805,57.902499],[-152.626441,57.89045],[-152.625607,57.881232],[-152.650456,57.863721],[-152.725302,57.8354],[-152.753437,57.834452],[-152.758168,57.840272],[-152.790211,57.858058],[-152.822543,57.843203],[-152.849997,57.821462],[-152.854718,57.770271],[-152.850336,57.740041],[-152.874498,57.737961],[-152.892875,57.742012],[-152.904312,57.750825],[-152.916334,57.771216],[-152.909791,57.810405],[-152.902633,57.830146],[-152.892517,57.842525],[-152.823299,57.890928],[-152.804807,57.899175],[-152.751978,57.933466],[-152.739766,57.944798],[-152.722524,57.987364],[-152.723425,57.99172],[-152.840896,57.996759],[-152.855096,57.994501],[-152.852785,57.974583],[-152.856284,57.947385],[-152.876197,57.932446],[-153.024425,57.956954],[-153.050941,57.939998],[-153.069857,57.934428],[-153.129494,57.946551],[-153.217306,57.983659],[-153.23473,57.996972],[-153.276536,57.998447],[-153.297756,57.996425],[-153.299009,57.985626],[-153.270325,57.958566],[-153.233229,57.940993],[-153.198618,57.929923],[-153.089419,57.865233],[-153.09342,57.861569],[-153.127278,57.856748],[-153.236952,57.891818],[-153.268149,57.888741],[-153.273676,57.890408],[-153.452645,57.963509],[-153.469421,57.977282],[-153.484603,57.9765],[-153.513347,57.968751],[-153.520392,57.963387],[-153.536524,57.93077],[-153.512024,57.909156],[-153.462011,57.880588],[-153.395813,57.858772],[-153.328137,57.849851],[-153.322687,57.83619],[-153.343408,57.810866],[-153.35358,57.809731],[-153.406716,57.828663],[-153.45156,57.839284],[-153.479457,57.84202],[-153.48735,57.834274],[-153.480377,57.814665],[-153.462463,57.795292],[-153.469892,57.766536],[-153.493401,57.728316],[-153.515205,57.716505],[-153.549605,57.717967],[-153.557647,57.734741],[-153.551088,57.76311],[-153.550823,57.78689],[-153.571362,57.832101],[-153.648798,57.880103],[-153.721176,57.890615],[-153.755054,57.883565],[-153.823385,57.865013],[-153.93522,57.813047],[-153.932964,57.703778],[-153.930279,57.696791],[-153.918344,57.695663],[-153.888099,57.705447],[-153.862886,57.706943],[-153.797971,57.696508],[-153.676721,57.669663],[-153.658008,57.66148],[-153.648693,57.654125],[-153.663007,57.639858],[-153.705322,57.640923],[-153.749178,57.646224],[-153.858545,57.651138],[-153.874286,57.64611],[-153.877756,57.629529],[-153.852502,57.613517],[-153.846828,57.612648],[-153.813136,57.588581],[-153.848082,57.560589],[-153.869096,57.551844],[-153.87595,57.542769],[-153.888891,57.504682],[-153.872922,57.445743],[-153.811506,57.412375],[-153.773191,57.372442],[-153.774275,57.360243],[-153.795299,57.349047],[-153.802932,57.350896],[-153.8958,57.422108],[-153.909415,57.442413],[-153.919897,57.485202],[-153.922982,57.520153],[-153.929265,57.533253],[-153.94755,57.540244],[-153.971114,57.539436],[-153.982199,57.553156],[-153.984847,57.604595],[-153.982581,57.648251],[-153.994572,57.656905],[-154.031592,57.660854],[-154.056226,57.65243],[-154.08613,57.649054],[-154.186597,57.658578],[-154.196959,57.664639],[-154.22566,57.661366],[-154.344244,57.630901],[-154.411385,57.598452],[-154.431841,57.584783],[-154.468328,57.570339],[-154.52206,57.577786],[-154.540923,57.539621],[-154.591678,57.518597],[-154.602546,57.518751],[-154.629678,57.510197],[-154.69331,57.446085],[-154.702588,57.420528],[-154.700598,57.401162],[-154.74309,57.31477],[-154.751537,57.307781],[-154.79384,57.288862],[-154.777368,57.280008],[-154.740161,57.276517],[-154.691855,57.28411],[-154.613723,57.2678],[-154.594977,57.257161],[-154.574343,57.239919],[-154.539552,57.196351],[-154.529844,57.168882],[-154.515213,57.077985],[-154.516842,57.030312],[-154.528538,57.001892],[-154.524695,56.991623],[-154.476315,56.984204],[-154.40749,56.968334],[-154.385285,56.959767],[-154.312888,56.918673],[-154.306936,56.911783],[-154.300002,56.892252],[-154.298965,56.846479],[-154.276739,56.853648],[-154.231771,56.872294],[-154.226494,56.876257],[-154.22356,56.896064],[-154.21211,56.909749],[-154.165409,56.943244],[-154.145167,56.945034],[-154.123489,56.95617],[-154.076623,56.970589],[-154.055554,56.987209],[-154.024288,57.016608],[-153.993807,57.050502],[-153.982792,57.066277],[-153.861711,57.119224],[-153.823978,57.13979],[-153.80629,57.157424],[-153.788521,57.161381],[-153.779087,57.158821],[-153.776707,57.142858],[-153.783465,57.131822],[-153.804787,57.113158],[-153.858891,57.088844],[-153.887461,57.086958],[-153.932221,57.06297],[-153.976869,56.996831],[-153.979743,56.962189],[-153.976871,56.955144],[-153.934781,56.958928],[-153.917703,56.962169],[-153.902802,56.968445],[-153.873411,56.963403],[-153.850464,56.957278],[-153.862954,56.944374],[-153.894564,56.926986],[-153.935992,56.915772],[-153.984547,56.889626],[-154.030502,56.855052],[-154.055228,56.850465],[-154.072878,56.841099],[-154.125431,56.783298],[-154.148745,56.745677],[-154.129017,56.742168],[-154.085088,56.751193],[-154.064292,56.760091],[-154.037153,56.763414],[-154.02261,56.755946],[-154.016213,56.743466],[-153.990158,56.743263],[-153.963274,56.7476],[-153.924041,56.767216],[-153.90358,56.793418],[-153.854196,56.836412],[-153.817978,56.848651],[-153.800935,56.846894],[-153.778199,56.834386],[-153.714644,56.852925],[-153.696693,56.861519],[-153.688713,56.871975],[-153.695896,56.881009],[-153.715263,56.878442],[-153.730713,56.893996],[-153.701197,56.926394],[-153.671317,56.932926],[-153.627483,56.937127],[-153.600664,56.942629],[-153.556762,56.968862],[-153.543429,56.995245],[-153.580831,57.049048],[-153.601294,57.056656],[-153.66381,57.053694],[-153.675736,57.054778],[-153.675981,57.06983],[-153.654497,57.084602],[-153.577006,57.093177],[-153.563562,57.089769],[-153.535942,57.077988],[-153.49885,57.065363],[-153.4896,57.074702],[-153.48652,57.085915],[-153.366525,57.176708],[-153.36818,57.185337],[-153.350266,57.192339],[-153.310143,57.194426],[-153.286351,57.184288],[-153.284012,57.173867],[-153.328206,57.141993],[-153.345533,57.139565],[-153.380389,57.120468],[-153.404263,57.080511],[-153.396921,57.060399],[-153.365239,57.07208],[-153.324265,57.043308],[-153.320929,57.036838],[-153.349037,57.011196],[-153.348707,57.008373],[-153.312583,56.991486],[-153.301142,56.991192],[-153.235282,57.007398],[-153.204319,57.03364],[-153.200217,57.042039],[-153.205384,57.056148],[-153.22224,57.061798],[-153.21544,57.075943],[-153.18001,57.094523],[-153.146361,57.100883],[-153.133988,57.099351],[-153.118673,57.091033],[-152.997246,57.119491],[-152.950736,57.119788],[-152.911371,57.126813],[-152.869797,57.150849],[-152.880321,57.164798],[-152.949333,57.187346],[-153.073982,57.187091],[-153.097019,57.183289],[-153.123865,57.175445],[-153.166002,57.180643],[-153.213802,57.205059],[-153.215107,57.213356],[-153.201722,57.221679],[-153.169724,57.220236],[-153.163333,57.216713],[-153.125477,57.211841],[-153.077916,57.211444],[-153.056971,57.214756],[-152.997739,57.231176],[-152.950982,57.248991],[-152.944201,57.259083],[-152.97091,57.282624],[-153.012992,57.299453],[-153.039134,57.293314],[-153.101322,57.286901],[-153.11628,57.297312],[-153.09904,57.310513],[-153.079288,57.32196],[-153.056007,57.329229],[-153.008525,57.339733],[-152.984715,57.339918],[-152.909051,57.324222],[-152.900688,57.302976],[-152.886384,57.291337],[-152.818187,57.265368],[-152.787994,57.279905],[-152.774155,57.290432],[-152.712008,57.27812],[-152.695698,57.281318],[-152.657569,57.303551],[-152.630441,57.322668],[-152.606522,57.36366],[-152.601148,57.382165],[-152.620377,57.401601],[-152.630018,57.405573],[-152.67325,57.413246],[-152.722651,57.433352],[-152.742678,57.447852],[-152.762676,57.45756],[-152.890173,57.486705],[-152.921748,57.501397],[-152.94901,57.498212],[-152.967222,57.509993],[-152.954939,57.520449],[-152.939629,57.520088],[-152.838905,57.50227],[-152.825515,57.497048],[-152.798914,57.494255],[-152.770196,57.50429],[-152.743084,57.50571],[-152.722846,57.494087],[-152.716765,57.478467],[-152.684413,57.466597],[-152.662831,57.463679],[-152.646017,57.466134],[-152.600375,57.468833],[-152.570527,57.448909],[-152.517004,57.432184],[-152.495215,57.452379],[-152.416473,57.435293],[-152.361592,57.427761],[-152.326134,57.441514],[-152.323683,57.467861],[-152.314889,57.486065],[-152.29147,57.517103],[-152.259641,57.527156],[-152.163996,57.584607],[-152.152393,57.619485],[-152.179531,57.624809],[-152.265346,57.62643],[-152.322733,57.623402],[-152.361903,57.6188],[-152.40247,57.607981],[-152.426062,57.593357],[-152.439667,57.590399],[-152.459929,57.594373],[-152.468172,57.600996],[-152.461018,57.606311],[-152.428946,57.642162],[-152.394474,57.684665],[-152.401492,57.686513],[-152.44303,57.668049],[-152.467679,57.68139],[-152.497056,57.734387],[-152.497314,57.738596],[-152.471,57.763466],[-152.443786,57.776142],[-152.381076,57.776744],[-152.357233,57.773918],[-152.342674,57.762306],[-152.322172,57.768315],[-152.310927,57.783452],[-152.324284,57.824444],[-152.351152,57.834768],[-152.364079,57.829372],[-152.417424,57.815464]]],[[[-152.24289,58.241192],[-152.23383,58.243329],[-152.203699,58.212055],[-152.219826,58.206289],[-152.223175,58.194794],[-152.194827,58.174128],[-152.112205,58.148559],[-152.081083,58.154275],[-151.986127,58.213774],[-151.972053,58.230702],[-151.964103,58.269049],[-151.963817,58.328999],[-151.986171,58.350413],[-152.082342,58.309945],[-152.107635,58.28024],[-152.107962,58.260525],[-152.116569,58.248537],[-152.146519,58.24912],[-152.147142,58.266992],[-152.138294,58.295712],[-152.11953,58.32977],[-152.08925,58.367644],[-152.090437,58.372628],[-152.125339,58.396396],[-152.129257,58.396414],[-152.200953,58.355332],[-152.224965,58.357372],[-152.234718,58.362024],[-152.227835,58.376424],[-152.279508,58.415872],[-152.301713,58.428697],[-152.328063,58.434372],[-152.35609,58.42347],[-152.358724,58.415585],[-152.34486,58.39163],[-152.364682,58.364613],[-152.387343,58.359499],[-152.476814,58.350955],[-152.493991,58.354684],[-152.512483,58.427349],[-152.498571,58.449538],[-152.467197,58.476609],[-152.418267,58.515244],[-152.38761,58.52287],[-152.372317,58.531175],[-152.337212,58.589095],[-152.329835,58.632102],[-152.337964,58.637404],[-152.354709,58.63828],[-152.453817,58.618515],[-152.50282,58.593451],[-152.545009,58.594253],[-152.550418,58.610996],[-152.56771,58.621304],[-152.61613,58.601852],[-152.638569,58.587448],[-152.665999,58.564493],[-152.66622,58.544087],[-152.653673,58.506572],[-152.622794,58.494189],[-152.600534,58.494946],[-152.610955,58.475775],[-152.68994,58.459861],[-152.723169,58.46208],[-152.733845,58.460662],[-152.771106,58.429515],[-152.774509,58.419721],[-152.787776,58.411313],[-152.812207,58.403464],[-152.844173,58.402842],[-152.864939,58.40434],[-152.886358,58.410585],[-152.883107,58.400443],[-152.839234,58.372477],[-152.78742,58.369015],[-152.774048,58.366826],[-152.804789,58.33951],[-152.821964,58.328501],[-152.870555,58.335743],[-152.895407,58.345305],[-152.925586,58.339686],[-152.936757,58.330513],[-152.91245,58.307191],[-152.884023,58.307087],[-152.869811,58.304906],[-152.878858,58.288533],[-152.888204,58.2831],[-152.94127,58.279614],[-152.982356,58.287495],[-153.00439,58.300135],[-153.044316,58.306336],[-153.099284,58.264065],[-153.101841,58.257938],[-153.082507,58.244495],[-153.061678,58.235649],[-153.006979,58.221847],[-153.000579,58.211768],[-153.036662,58.199235],[-153.060846,58.194502],[-153.073927,58.195107],[-153.170101,58.216704],[-153.202801,58.20808],[-153.223709,58.16212],[-153.209672,58.15035],[-153.167605,58.127818],[-153.14874,58.106121],[-153.156402,58.090087],[-153.168617,58.088385],[-153.199117,58.102005],[-153.227567,58.123364],[-153.262643,58.145099],[-153.281874,58.147555],[-153.316127,58.14039],[-153.412933,58.069811],[-153.419783,58.059638],[-153.365574,58.039052],[-153.344807,58.040619],[-153.289701,58.05033],[-153.218115,58.043909],[-153.202525,58.030122],[-153.097462,58.004516],[-152.982406,57.984697],[-152.947547,57.983519],[-152.871416,57.997157],[-152.876788,58.002307],[-152.9647,58.03465],[-153.020589,58.045202],[-153.036131,58.055619],[-153.057201,58.073576],[-153.076485,58.096077],[-153.075746,58.099571],[-152.99734,58.134341],[-152.983857,58.134358],[-152.95868,58.116441],[-152.882423,58.096074],[-152.809062,58.078917],[-152.779473,58.065269],[-152.777906,58.050364],[-152.771303,58.046883],[-152.706831,58.050577],[-152.656801,58.061049],[-152.631214,58.081924],[-152.615103,58.116224],[-152.597506,58.179686],[-152.584222,58.187477],[-152.562829,58.177979],[-152.557497,58.160683],[-152.569595,58.1148],[-152.557237,58.086462],[-152.541533,58.083666],[-152.529036,58.093779],[-152.514794,58.114321],[-152.482674,58.129813],[-152.425391,58.127614],[-152.401892,58.120755],[-152.343522,58.119174],[-152.273605,58.12563],[-152.265111,58.135732],[-152.311415,58.221115],[-152.280629,58.242344],[-152.24289,58.241192]]],[[[-132.977163,56.439673],[-133.002357,56.430655],[-133.010817,56.424264],[-133.006575,56.415881],[-133.045714,56.371451],[-133.060361,56.358378],[-133.070863,56.354194],[-133.067556,56.333573],[-133.045383,56.320783],[-133.010587,56.309492],[-132.877582,56.240322],[-132.843716,56.238933],[-132.776045,56.254585],[-132.721254,56.258464],[-132.662081,56.274795],[-132.655467,56.303756],[-132.662478,56.320451],[-132.676553,56.333105],[-132.684112,56.345671],[-132.679401,56.354299],[-132.65238,56.375879],[-132.620608,56.3912],[-132.628592,56.416284],[-132.634335,56.422174],[-132.668127,56.440279],[-132.716056,56.454861],[-132.734466,56.458515],[-132.782864,56.45153],[-132.808145,56.440801],[-132.819256,56.439511],[-132.843184,56.444827],[-132.871919,56.457038],[-132.896342,56.457978],[-132.927663,56.456859],[-132.957364,56.448963],[-132.977163,56.439673]]],[[[-135.447381,58.399891],[-135.433061,58.399899],[-135.408059,58.342999],[-135.39826,58.327689],[-135.344868,58.270795],[-135.306507,58.242916],[-135.277198,58.233634],[-135.246709,58.236368],[-135.220281,58.235584],[-135.159055,58.210178],[-135.112868,58.201553],[-135.087872,58.200073],[-135.073269,58.190575],[-135.056227,58.189884],[-135.099106,58.245096],[-135.1077,58.265034],[-135.10121,58.292607],[-135.095814,58.297233],[-135.069775,58.302694],[-135.060452,58.290338],[-135.053488,58.290498],[-135.049062,58.309295],[-135.058071,58.349447],[-135.088983,58.423022],[-135.132273,58.496536],[-135.165861,58.546605],[-135.189368,58.576244],[-135.190544,58.592417],[-135.186357,58.59777],[-135.159062,58.595525],[-135.145521,58.578332],[-135.135843,58.588225],[-135.142322,58.61637],[-135.233878,58.735487],[-135.2432,58.783112],[-135.248985,58.790878],[-135.274203,58.813122],[-135.284657,58.818114],[-135.339948,58.888955],[-135.322622,58.900661],[-135.305907,58.90134],[-135.298627,58.919262],[-135.297293,58.95986],[-135.322604,59.007812],[-135.339375,59.017667],[-135.382641,59.033366],[-135.382354,59.060749],[-135.377826,59.099262],[-135.329458,59.1527],[-135.342254,59.177825],[-135.36406,59.211403],[-135.403687,59.222767],[-135.429601,59.242722],[-135.444526,59.277689],[-135.436438,59.315791],[-135.430331,59.3272],[-135.368331,59.263275],[-135.283964,59.192532],[-135.238267,59.130134],[-135.208585,59.076824],[-135.180116,58.997871],[-135.175756,58.973868],[-135.219128,58.974972],[-135.196338,58.907875],[-135.074096,58.502123],[-134.839307,58.359261],[-134.703351,58.276537],[-134.587101,58.205802],[-134.144813,58.171242],[-134.07172,58.054636],[-134.057521,58.039471],[-133.999331,57.999016],[-133.814706,57.832979],[-133.709141,57.792739],[-133.696784,57.795075],[-133.677433,57.786593],[-133.658113,57.786368],[-133.639675,57.790361],[-133.635578,57.7999],[-133.641996,57.811215],[-133.631303,57.846766],[-133.610178,57.860654],[-133.569787,57.859365],[-133.556097,57.78883],[-133.559889,57.777457],[-133.545031,57.76797],[-133.485403,57.738677],[-133.322532,57.66583],[-133.291062,57.665358],[-133.251126,57.649966],[-133.174032,57.610062],[-133.162464,57.599796],[-133.179062,57.587147],[-133.188864,57.589071],[-133.234598,57.608749],[-133.40498,57.663783],[-133.441215,57.672013],[-133.489677,57.677141],[-133.522243,57.683663],[-133.543928,57.696454],[-133.582212,57.715095],[-133.65453,57.713689],[-133.65855,57.707924],[-133.680963,57.648265],[-133.676449,57.625192],[-133.66439,57.611707],[-133.62076,57.578919],[-133.578948,57.565094],[-133.565478,57.563095],[-133.53786,57.567292],[-133.528313,57.573944],[-133.505982,57.578459],[-133.481221,57.57147],[-133.478086,57.56173],[-133.488197,57.551387],[-133.510806,57.548139],[-133.516749,57.543911],[-133.52583,57.501777],[-133.52514,57.490344],[-133.503115,57.453528],[-133.461179,57.394577],[-133.472454,57.388446],[-133.475998,57.380394],[-133.468267,57.364217],[-133.453783,57.35624],[-133.403868,57.342685],[-133.35472,57.333253],[-133.34207,57.336798],[-133.28351,57.333119],[-133.274829,57.330625],[-133.287052,57.30292],[-133.307565,57.290052],[-133.371591,57.286713],[-133.425948,57.285995],[-133.442436,57.289978],[-133.444958,57.297729],[-133.455936,57.30397],[-133.47589,57.307982],[-133.489738,57.305192],[-133.522837,57.27858],[-133.542565,57.250682],[-133.544817,57.24257],[-133.517197,57.177776],[-133.466932,57.159356],[-133.322359,57.112727],[-133.247414,57.136802],[-133.224656,57.136522],[-133.206655,57.123834],[-133.208726,57.109699],[-133.188074,57.088973],[-133.161448,57.086264],[-133.125306,57.088891],[-133.076481,57.081733],[-133.02505,57.057322],[-132.993944,57.032353],[-132.984307,57.054845],[-132.93752,57.048321],[-132.916487,57.040086],[-132.875197,57.069577],[-132.870116,57.078424],[-132.853284,57.080077],[-132.83222,57.070408],[-132.813684,57.030218],[-132.853636,57.005343],[-132.892388,56.993016],[-132.918967,56.993673],[-132.91197,56.966651],[-132.87034,56.925682],[-132.846744,56.910635],[-132.81789,56.896901],[-132.792727,56.871673],[-132.797107,56.864922],[-132.792089,56.856152],[-132.770404,56.837486],[-132.637458,56.78091],[-132.556758,56.757242],[-132.532002,56.757141],[-132.520712,56.760116],[-132.519457,56.775455],[-132.505513,56.785485],[-132.43833,56.821117],[-132.390129,56.825837],[-132.371032,56.816413],[-132.432385,56.782385],[-132.517127,56.728632],[-132.528446,56.702056],[-132.467904,56.680729],[-132.452081,56.672473],[-132.403923,56.669721],[-132.371589,56.672473],[-132.348886,56.664217],[-132.324807,56.673849],[-132.298664,56.677977],[-132.281464,56.665593],[-132.280089,56.651834],[-132.284216,56.636699],[-132.297288,56.629819],[-132.319303,56.607116],[-132.35841,56.595266],[-132.367088,56.574578],[-132.361293,56.534232],[-132.357564,56.529008],[-132.290475,56.487017],[-132.259611,56.48763],[-132.239043,56.476671],[-132.208568,56.457125],[-132.181647,56.399336],[-132.181158,56.387128],[-132.199269,56.371054],[-132.223136,56.384017],[-132.238473,56.398706],[-132.242,56.41366],[-132.233927,56.416736],[-132.245479,56.441215],[-132.253393,56.449539],[-132.362556,56.487904],[-132.382379,56.491972],[-132.394268,56.485579],[-132.361132,56.380627],[-132.340678,56.341754],[-132.349149,56.304456],[-132.363966,56.287126],[-132.382793,56.299203],[-132.381766,56.310756],[-132.403678,56.334811],[-132.422041,56.349341],[-132.441839,56.353983],[-132.52936,56.338555],[-132.543076,56.332276],[-132.575023,56.296468],[-132.58207,56.278816],[-132.601495,56.240065],[-132.615797,56.234172],[-132.64425,56.232807],[-132.672471,56.239439],[-132.689888,56.238744],[-132.718342,56.217704],[-132.723396,56.145814],[-132.708697,56.112124],[-132.68462,56.082323],[-132.640079,56.033194],[-132.629155,56.037425],[-132.621793,56.05614],[-132.573677,56.0707],[-132.522076,56.077035],[-132.492795,56.066436],[-132.446166,56.018666],[-132.401192,55.950467],[-132.39708,55.905546],[-132.397304,55.878867],[-132.372298,55.850359],[-132.323242,55.851878],[-132.309306,55.865059],[-132.319799,55.874347],[-132.320487,55.887648],[-132.279962,55.924839],[-132.224241,55.930421],[-132.191893,55.921717],[-132.170198,55.919231],[-132.159064,55.92256],[-132.135474,55.941626],[-132.129697,55.957855],[-132.176955,56.055706],[-132.10402,56.108109],[-132.060993,56.129355],[-132.034849,56.133432],[-132.01813,56.183155],[-131.993894,56.193351],[-131.958838,56.194762],[-131.943402,56.192557],[-131.935728,56.177207],[-131.970294,56.114042],[-132.011297,56.077359],[-132.033368,56.095572],[-132.038364,56.091297],[-132.07034,56.046733],[-132.041795,55.958795],[-132.067412,55.875078],[-132.08605,55.832436],[-132.113361,55.812718],[-132.130413,55.811419],[-132.183163,55.80083],[-132.187494,55.785595],[-132.184982,55.778776],[-132.185478,55.753161],[-132.190479,55.742501],[-132.206951,55.736987],[-132.229647,55.740488],[-132.251732,55.756247],[-132.265071,55.762174],[-132.283594,55.761774],[-132.260119,55.732293],[-132.237532,55.711347],[-132.224167,55.701766],[-132.215409,55.68227],[-132.197869,55.633967],[-132.2015,55.626376],[-132.198652,55.615721],[-132.183207,55.588128],[-132.148383,55.562481],[-132.114654,55.550623],[-132.098521,55.550015],[-132.060504,55.54303],[-132.043772,55.535742],[-132.014613,55.515238],[-131.986493,55.500619],[-131.971792,55.498279],[-131.936689,55.535151],[-131.945303,55.572441],[-131.962642,55.608708],[-131.963121,55.615263],[-131.939318,55.623844],[-131.897413,55.603914],[-131.865395,55.63068],[-131.828887,55.667148],[-131.831407,55.681342],[-131.82616,55.71858],[-131.814759,55.73135],[-131.779908,55.791904],[-131.771248,55.810028],[-131.777033,55.823261],[-131.81631,55.837449],[-131.830547,55.856616],[-131.836962,55.875472],[-131.828176,55.877284],[-131.776737,55.878784],[-131.720384,55.894659],[-131.689509,55.890232],[-131.689044,55.875488],[-131.701487,55.860943],[-131.713742,55.853263],[-131.710448,55.80662],[-131.705259,55.789939],[-131.691058,55.797561],[-131.678213,55.799837],[-131.653124,55.795735],[-131.640141,55.789355],[-131.649626,55.768728],[-131.704907,55.755541],[-131.719308,55.749099],[-131.733408,55.730832],[-131.726467,55.720826],[-131.706744,55.706435],[-131.701147,55.69696],[-131.712102,55.665797],[-131.726615,55.641],[-131.724359,55.632559],[-131.701091,55.613684],[-131.671471,55.606573],[-131.654172,55.592431],[-131.664629,55.581525],[-131.733052,55.548559],[-131.766373,55.54005],[-131.793717,55.541682],[-131.841683,55.526748],[-131.845542,55.522119],[-131.844157,55.456742],[-131.828446,55.445214],[-131.741834,55.398074],[-131.732441,55.377553],[-131.698743,55.354873],[-131.639031,55.339481],[-131.584842,55.309588],[-131.566677,55.306068],[-131.550044,55.293389],[-131.528201,55.295349],[-131.515257,55.327938],[-131.509811,55.33231],[-131.494146,55.33231],[-131.471976,55.323386],[-131.462968,55.312648],[-131.475602,55.303263],[-131.463532,55.283389],[-131.444799,55.264491],[-131.437857,55.248407],[-131.428234,55.239416],[-131.402931,55.238065],[-131.326989,55.265911],[-131.291203,55.281751],[-131.284986,55.286437],[-131.255107,55.322104],[-131.254461,55.329698],[-131.264608,55.345639],[-131.287016,55.35826],[-131.292102,55.383946],[-131.272447,55.387774],[-131.202477,55.392834],[-131.197489,55.391051],[-131.191595,55.360527],[-131.230432,55.297802],[-131.24019,55.287156],[-131.278302,55.260319],[-131.302697,55.250217],[-131.297162,55.235046],[-131.263089,55.208318],[-131.235516,55.197574],[-131.21123,55.192379],[-131.188747,55.192745],[-131.160492,55.197481],[-131.072348,55.253822],[-131.031357,55.284785],[-131.019881,55.347905],[-131.027301,55.371392],[-131.034191,55.379358],[-131.029045,55.408395],[-131.008726,55.404818],[-131.000594,55.398012],[-130.964088,55.332664],[-130.968326,55.316626],[-130.959772,55.315892],[-130.933399,55.331906],[-130.928172,55.339426],[-130.947498,55.380823],[-130.969588,55.393281],[-130.994376,55.472396],[-130.987103,55.539872],[-130.978917,55.550835],[-130.945177,55.557731],[-130.927651,55.576585],[-130.94683,55.650716],[-130.965994,55.688974],[-130.998638,55.723538],[-131.040966,55.762837],[-131.053217,55.799843],[-131.070138,55.828551],[-131.156834,55.901147],[-131.241704,55.955069],[-131.245949,55.965905],[-131.236936,55.982293],[-131.216475,55.984342],[-131.187429,55.95601],[-131.171406,55.942952],[-131.093956,55.895675],[-130.984774,55.799349],[-130.939017,55.754831],[-130.901872,55.69738],[-130.880013,55.598954],[-130.870524,55.533768],[-130.881297,55.495582],[-130.898129,55.470177],[-130.910744,55.459982],[-130.920295,55.446085],[-130.9208,55.428721],[-130.882146,55.358831],[-130.871857,55.313991],[-130.864918,55.309469],[-130.864918,55.298367],[-130.871329,55.29378],[-130.909948,55.299878],[-130.925069,55.300713],[-130.951572,55.291648],[-130.952956,55.273092],[-130.985304,55.247286],[-131.092605,55.192711],[-131.085579,55.158233],[-131.070692,55.138143],[-131.052298,55.11816],[-131.029676,55.099478],[-131.013215,55.090069],[-130.984157,55.08441],[-130.98373,55.068946],[-131.004216,55.029605],[-131.012061,54.996238],[-131.007787,54.9913],[-130.97503,54.974853],[-130.953507,54.972102],[-130.949104,54.967846],[-130.9604,54.933685],[-130.959732,54.918678],[-130.947338,54.886733],[-130.941029,54.841587],[-130.947098,54.826047],[-130.932454,54.806938],[-130.915936,54.789617],[-130.901801,54.780876],[-130.866866,54.769068],[-130.836853,54.765437],[-130.806815,54.776862],[-130.792122,54.784784],[-130.78857,54.794643],[-130.787444,54.822905],[-130.773606,54.820845],[-130.742316,54.801914],[-130.736295,54.794798],[-130.733209,54.77961],[-130.747227,54.7726],[-130.737423,54.753545],[-130.695817,54.719346],[-130.685213,54.720091],[-130.644479,54.736897],[-130.62807,54.739341],[-130.657754,54.761828],[-130.636745,54.778456],[-130.569366,54.790869],[-130.474605,54.838102],[-130.339504,54.921376],[-130.27556,54.97293],[-130.259079,54.987642],[-130.221512,55.02599],[-130.187541,55.064665],[-130.158117,55.117104],[-130.144723,55.146038],[-130.118919,55.176074],[-130.096546,55.197953],[-130.030162,55.246592],[-130.001735,55.264557],[-129.980058,55.28423],[-129.982348,55.302079],[-130.023558,55.338259],[-130.030182,55.367696],[-130.044303,55.45197],[-130.085413,55.491517],[-130.120132,55.563919],[-130.126743,55.581282],[-130.111677,55.682051],[-130.129518,55.699806],[-130.14804,55.715041],[-130.151509,55.746029],[-130.150595,55.767031],[-130.128538,55.802148],[-130.12372,55.80704],[-130.08451,55.823997],[-130.013198,55.916382],[-130.00426,55.993379],[-130.016874,56.017323],[-130.031573,56.036791],[-130.102761,56.116696],[-130.24554,56.096876],[-130.425575,56.140676],[-130.466874,56.239789],[-130.541173,56.248017],[-130.622482,56.267939],[-130.740619,56.342953],[-130.782231,56.367511],[-131.085704,56.40654],[-131.167925,56.448361],[-131.428413,56.537135],[-131.581221,56.613275],[-131.736007,56.61317],[-131.818813,56.664694],[-131.8865,56.776083],[-131.936582,56.817425],[-132.005107,56.84292],[-132.080112,56.924153],[-132.115075,57.045602],[-132.214442,57.108167],[-132.252187,57.215655],[-132.367984,57.348685],[-132.559178,57.503927],[-132.658124,57.619486],[-132.756813,57.705093],[-132.869318,57.842941],[-133.076421,57.999762],[-133.176444,58.150151],[-133.222898,58.186368],[-133.343725,58.270915],[-133.359691,58.284789],[-133.437696,58.358074],[-133.436075,58.391324],[-133.443373,58.442415],[-133.559942,58.522318],[-133.699835,58.60729],[-133.723635,58.626004],[-133.840392,58.727991],[-133.992081,58.774581],[-134.250526,58.858046],[-134.328964,58.919593],[-134.369945,58.971745],[-134.383637,59.001867],[-134.389798,59.032673],[-134.481241,59.128071],[-134.566689,59.128278],[-134.681924,59.190843],[-134.766204,59.23143],[-134.961972,59.280376],[-134.992117,59.330695],[-135.029769,59.40714],[-135.040037,59.444792],[-135.029769,59.482444],[-135.027456,59.563692],[-135.114588,59.623415],[-135.153113,59.625159],[-135.166736,59.63224],[-135.284921,59.714893],[-135.477436,59.799626],[-135.72246,59.729526],[-135.854166,59.691846],[-136.005158,59.65816],[-136.190352,59.639854],[-136.225748,59.604573],[-136.23734,59.558734],[-136.234229,59.524731],[-136.301846,59.464128],[-136.472941,59.421683],[-136.466815,59.284252],[-136.486609,59.261108],[-136.581521,59.164909],[-136.826633,59.158389],[-136.863896,59.138472],[-137.264752,59.002352],[-137.447383,58.909513],[-137.526424,58.906834],[-137.498558,58.986694],[-137.604277,59.243057],[-138.001128,59.452164],[-138.560226,59.741201],[-138.620931,59.770559],[-138.662972,59.810225],[-138.662769,59.813719],[-138.702053,59.910245],[-138.796083,59.928701],[-139.046426,59.998235],[-139.200346,60.090701],[-139.082246,60.323825],[-139.086669,60.357654],[-139.698361,60.340421],[-139.989142,60.18524],[-140.472292,60.31059],[-140.53509,60.224224],[-141.00184,60.306105],[-141.00185,60.391688],[-141.00202,61.901922],[-141.002465,65.839421],[-141.002465,65.840075],[-141.002694,68.498391],[-141.002672,69.645609],[-141.119233,69.673527],[-141.210456,69.68419],[-141.243946,69.652482],[-141.258558,69.632247],[-141.280849,69.631025],[-141.377718,69.634631],[-141.394082,69.640846],[-141.428856,69.662658],[-141.434872,69.675245],[-141.43084,69.695144],[-141.528197,69.736025],[-141.606229,69.761695],[-141.713369,69.789497],[-141.842843,69.811927],[-141.866738,69.813005],[-141.919828,69.811308],[-141.960753,69.799876],[-142.009321,69.800726],[-142.073063,69.846625],[-142.075612,69.853319],[-142.112714,69.862162],[-142.239873,69.896598],[-142.272156,69.907044],[-142.404366,69.916511],[-142.409962,69.933646],[-142.452927,69.958125],[-142.498036,69.973611],[-142.746807,70.042531],[-142.939555,70.07438],[-143.0381,70.093888],[-143.051291,70.078188],[-143.112951,70.078271],[-143.140019,70.092997],[-143.200147,70.110323],[-143.255576,70.11933],[-143.3179,70.111145],[-143.327114,70.103127],[-143.357961,70.09497],[-143.455354,70.092934],[-143.503487,70.093458],[-143.517248,70.104293],[-143.511617,70.125191],[-143.498058,70.1401],[-143.574986,70.154598],[-143.593813,70.152604],[-143.595181,70.142521],[-143.617407,70.139915],[-143.66225,70.142517],[-143.753065,70.137242],[-143.769015,70.135066],[-143.782213,70.124668],[-143.839879,70.125827],[-143.887688,70.130736],[-143.911494,70.129837],[-144.053709,70.073182],[-144.079634,70.058961],[-144.130283,70.057951],[-144.178194,70.041742],[-144.231051,70.035912],[-144.328391,70.032555],[-144.344073,70.034374],[-144.463286,70.025735],[-144.512258,70.004478],[-144.589172,69.977611],[-144.618671,69.969315],[-144.672305,69.966876],[-144.738976,69.970112],[-144.792614,69.979796],[-144.854539,69.986364],[-144.863111,69.973524],[-144.902304,69.96451],[-144.953637,69.959262],[-144.990131,69.97768],[-145.011711,69.981144],[-145.175073,69.991707],[-145.197331,69.994954],[-145.218593,70.00728],[-145.247167,70.017891],[-145.331553,70.022596],[-145.408182,70.031572],[-145.43483,70.036994],[-145.468856,70.048336],[-145.469508,70.059136],[-145.505682,70.074528],[-145.522384,70.077465],[-145.579972,70.076804],[-145.623306,70.084375],[-145.760443,70.126113],[-145.783327,70.139454],[-145.790386,70.148569],[-145.842689,70.164102],[-145.858297,70.165996],[-145.872923,70.148829],[-145.917674,70.142525],[-145.955164,70.140199],[-146.006411,70.140402],[-146.096827,70.145151],[-146.114124,70.154956],[-146.172672,70.165894],[-146.272965,70.176944],[-146.309558,70.178907],[-146.335147,70.176235],[-146.413197,70.17825],[-146.44886,70.183398],[-146.508133,70.186044],[-146.624761,70.182398],[-146.713053,70.175398],[-146.734021,70.175475],[-146.885771,70.185917],[-146.909516,70.173259],[-146.973212,70.151857],[-146.991109,70.14761],[-147.161601,70.155612],[-147.182123,70.16035],[-147.21921,70.178826],[-147.231008,70.195398],[-147.233327,70.207553],[-147.244119,70.218963],[-147.350145,70.187683],[-147.402283,70.185273],[-147.50527,70.200384],[-147.585678,70.203398],[-147.648,70.203299],[-147.681722,70.199954],[-147.765104,70.219806],[-147.817637,70.276938],[-147.863719,70.293317],[-147.9615,70.314201],[-148.076865,70.32751],[-148.107231,70.342801],[-148.152676,70.347148],[-148.203477,70.348188],[-148.2582,70.336996],[-148.2698,70.329617],[-148.351437,70.304453],[-148.411253,70.302627],[-148.450639,70.308437],[-148.477028,70.320872],[-148.464543,70.340159],[-148.477044,70.359068],[-148.580356,70.412546],[-148.610566,70.422588],[-148.667017,70.430084],[-148.696768,70.42916],[-148.728082,70.413035],[-148.789577,70.402746],[-148.858069,70.422917],[-148.928979,70.426835],[-148.959443,70.423944],[-149.082079,70.464894],[-149.179148,70.4857],[-149.314473,70.495325],[-149.400623,70.489931],[-149.418727,70.492257],[-149.432083,70.50375],[-149.461755,70.518271],[-149.509854,70.508746],[-149.536891,70.499397],[-149.581348,70.495891],[-149.649556,70.504757],[-149.661165,70.509203],[-149.716075,70.504968],[-149.740188,70.498151],[-149.790427,70.49119],[-149.81974,70.491428],[-149.866698,70.510769],[-150.074461,70.439333],[-150.112899,70.431372],[-150.185078,70.43537],[-150.245325,70.441658],[-150.296287,70.441136],[-150.350541,70.435998],[-150.370283,70.447858],[-150.338851,70.471075],[-150.357384,70.493738],[-150.429915,70.498172],[-150.614734,70.498292],[-150.651175,70.494928],[-150.719845,70.494998],[-150.762035,70.497219],[-150.787069,70.477117],[-150.834973,70.460171],[-150.877322,70.455182],[-150.895452,70.458158],[-150.957813,70.45261],[-151.026337,70.441455],[-151.06043,70.418734],[-151.116099,70.422403],[-151.114352,70.432886],[-151.123105,70.439374],[-151.180436,70.430401],[-151.186516,70.418208],[-151.187394,70.384775],[-151.229919,70.37984],[-151.297598,70.400748],[-151.444897,70.425405],[-151.554647,70.435895],[-151.605581,70.437332],[-151.653184,70.4348],[-151.785657,70.436935],[-151.844375,70.434959],[-151.876122,70.430761],[-151.900033,70.434135],[-151.946384,70.452523],[-151.936783,70.463564],[-151.91921,70.472686],[-151.824111,70.484011],[-151.775537,70.485353],[-151.728579,70.495375],[-151.734287,70.503492],[-151.760248,70.516711],[-151.722711,70.541608],[-151.697258,70.547741],[-151.718215,70.555286],[-151.745047,70.554041],[-151.774703,70.547925],[-151.816701,70.545698],[-151.880141,70.554869],[-151.975785,70.563215],[-152.02607,70.559345],[-152.065748,70.563074],[-152.060684,70.574935],[-152.146165,70.586754],[-152.200644,70.58607],[-152.264049,70.592655],[-152.332608,70.612871],[-152.365736,70.601242],[-152.420775,70.608983],[-152.433781,70.616926],[-152.460505,70.646107],[-152.473348,70.683669],[-152.471531,70.68884],[-152.377274,70.714682],[-152.370808,70.730068],[-152.283763,70.7856],[-152.239344,70.793416],[-152.19246,70.795294],[-152.187197,70.801546],[-152.226464,70.831043],[-152.259966,70.84282],[-152.45695,70.871788],[-152.590148,70.886933],[-152.735892,70.884545],[-152.774415,70.885279],[-153.017038,70.904004],[-153.049207,70.913102],[-153.137311,70.925438],[-153.23848,70.922467],[-153.253386,70.920775],[-153.326202,70.904111],[-153.359112,70.898292],[-153.426265,70.890131],[-153.485989,70.885873],[-153.525976,70.8855],[-153.747253,70.895017],[-153.774169,70.894584],[-153.89048,70.885719],[-153.932921,70.878677],[-153.93545,70.869728],[-153.976014,70.833925],[-153.995579,70.821876],[-154.069982,70.793703],[-154.127487,70.778133],[-154.169631,70.768604],[-154.181863,70.768325],[-154.239166,70.776866],[-154.223307,70.79523],[-154.228627,70.802417],[-154.260799,70.815164],[-154.352604,70.834828],[-154.430229,70.831258],[-154.51904,70.822799],[-154.577386,70.835335],[-154.645793,70.869167],[-154.654375,70.903318],[-154.608294,70.961716],[-154.594048,70.976993],[-154.567593,70.989929],[-154.581129,71.007321],[-154.61605,71.026182],[-154.777335,71.083231],[-154.942864,71.126264],[-155.03174,71.146473],[-155.060764,71.145422],[-155.085782,71.127572],[-155.064558,71.108006],[-155.061428,71.091999],[-155.075362,71.072042],[-155.108509,71.070475],[-155.125994,71.077495],[-155.142858,71.097254],[-155.150524,71.11205],[-155.25686,71.081119],[-155.275989,71.070464],[-155.273764,71.064728],[-155.177,71.02745],[-155.159922,71.002775],[-155.168934,70.987947],[-155.192246,70.974056],[-155.211434,70.978023],[-155.256177,71.004762],[-155.260042,71.015227],[-155.343871,71.004449],[-155.36416,70.994195],[-155.382646,70.978973],[-155.404225,70.967477],[-155.454991,70.94749],[-155.47594,70.943547],[-155.493044,70.917371],[-155.485915,70.885905],[-155.489811,70.87174],[-155.504202,70.860303],[-155.543031,70.847175],[-155.643516,70.824209],[-155.731842,70.83116],[-155.875096,70.828895],[-155.906615,70.809988],[-155.927958,70.80601],[-155.978978,70.80875],[-155.978421,70.825558],[-155.969194,70.827982],[-155.968559,70.862931],[-156.013512,70.895983],[-156.014769,70.903133],[-155.995681,70.947796],[-155.978405,70.962197],[-155.95205,70.964831],[-155.878946,70.967684],[-155.830881,70.965584],[-155.762068,70.985644],[-155.711852,71.012473],[-155.705487,71.020153],[-155.638994,71.04236],[-155.548283,71.060685],[-155.510637,71.081152],[-155.513987,71.096794],[-155.561772,71.128458],[-155.567765,71.14113],[-155.566925,71.165139],[-155.587702,71.17256],[-155.657178,71.182471],[-155.760802,71.194662],[-155.803853,71.19642],[-155.829034,71.192088],[-155.88418,71.190057],[-155.920202,71.207157],[-155.957961,71.186211],[-156.018574,71.172041],[-156.044615,71.184701],[-156.029205,71.203209],[-156.074411,71.242489],[-156.2142,71.259392],[-156.301938,71.260566],[-156.320702,71.258952],[-156.356736,71.261273],[-156.402659,71.267945],[-156.531124,71.296338],[-156.561512,71.316809],[-156.56865,71.352561],[-156.62014,71.344209],[-156.645615,71.338012],[-156.773937,71.299506],[-156.809653,71.286886],[-156.962555,71.211885],[-157.072487,71.154521],[-157.119621,71.128682],[-157.249083,71.052537],[-157.392802,70.987908],[-157.421001,70.976805],[-157.502459,70.948659],[-157.708782,70.89139],[-157.768452,70.875842],[-157.884086,70.853468],[-158.032397,70.832263],[-158.157725,70.820806],[-158.25032,70.817734],[-158.385816,70.825704],[-158.3895,70.799729],[-158.60732,70.789099],[-158.656101,70.787955],[-158.976615,70.796377],[-158.954571,70.772712],[-159.000676,70.764336],[-159.13779,70.758609],[-159.299304,70.760012],[-159.343075,70.783115],[-159.331021,70.807394],[-159.290577,70.811262],[-159.160836,70.81796],[-159.132483,70.828359],[-159.156511,70.859221],[-159.147634,70.876653],[-159.209082,70.870067],[-159.528682,70.820849],[-159.585714,70.809475],[-159.648383,70.794368],[-159.798514,70.731226],[-159.913805,70.690673],[-160.056727,70.632834],[-160.214828,70.559087],[-160.480062,70.465971],[-160.489778,70.454463],[-160.530362,70.440751],[-160.732703,70.374382],[-160.839536,70.344534],[-160.979126,70.317661],[-160.992764,70.316226],[-161.016416,70.327744],[-161.080282,70.306679],[-161.254723,70.256612],[-161.309118,70.248091],[-161.396757,70.240606],[-161.522941,70.236888],[-161.633888,70.240693],[-161.663593,70.246187],[-161.692195,70.267092],[-161.759176,70.272443],[-161.779794,70.255411],[-161.834651,70.272504],[-161.848909,70.282183],[-161.844213,70.30853],[-161.859745,70.308048],[-161.922949,70.291599],[-161.959603,70.268873],[-161.984888,70.247681],[-162.019265,70.224044],[-162.098377,70.187045],[-162.158156,70.16153],[-162.312491,70.109281],[-162.356469,70.076391],[-162.350558,70.0588],[-162.394531,70.044574],[-162.454541,70.043958],[-162.462778,70.042217],[-162.468339,70.015784],[-162.462304,70.002438],[-162.471549,69.983132],[-162.481016,69.975242],[-162.587906,69.915637],[-162.616345,69.916997],[-162.70955,69.879126],[-162.76721,69.852179],[-162.840602,69.811763],[-162.911869,69.799471],[-162.960245,69.783328],[-163.012595,69.757462],[-163.03539,69.727406],[-163.010545,69.728109],[-162.961086,69.717165],[-162.922009,69.700372],[-162.916958,69.692512],[-163.02459,69.608609],[-163.111605,69.596605],[-163.118176,69.589156],[-163.074128,69.570272],[-163.03029,69.556591],[-163.016456,69.538142],[-163.02617,69.50689],[-163.036311,69.489028],[-163.052068,69.481971],[-163.070341,69.459872],[-163.100569,69.414222],[-163.103166,69.392261],[-163.110318,69.375343],[-163.137614,69.352178],[-163.230902,69.284464],[-163.297956,69.274725],[-163.452685,69.19463],[-163.535314,69.141656],[-163.574034,69.124077],[-163.655864,69.090567],[-163.724184,69.066713],[-163.827447,69.040632],[-163.858069,69.02886],[-163.893881,69.011962],[-163.973678,68.985044],[-164.069362,68.969651],[-164.130742,68.951001],[-164.161249,68.944773],[-164.253157,68.930938],[-164.299092,68.927569],[-164.526887,68.917909],[-164.655317,68.90936],[-164.812671,68.893542],[-164.883745,68.891649],[-164.967542,68.88303],[-165.327043,68.858111],[-165.522358,68.855839],[-165.572483,68.852946],[-165.666566,68.855387],[-165.814938,68.864158],[-166.214433,68.879524],[-166.224187,68.873175],[-166.222496,68.860441],[-166.20375,68.818221],[-166.195374,68.80399],[-166.187795,68.778706],[-166.197365,68.690019],[-166.199826,68.678556],[-166.213635,68.664324],[-166.229761,68.613771],[-166.231432,68.587338],[-166.225567,68.579015],[-166.23378,68.564263],[-166.295343,68.5109],[-166.30203,68.470413],[-166.305962,68.46154],[-166.342381,68.433966],[-166.377564,68.422406],[-166.706139,68.371783],[-166.811836,68.348136],[-166.838178,68.339714],[-166.829715,68.336324],[-166.784578,68.340431],[-166.680842,68.340911],[-166.56722,68.323288],[-166.474608,68.305273],[-166.368546,68.28177],[-166.307977,68.264948],[-166.245281,68.245275],[-165.994377,68.147305],[-165.973621,68.125986],[-165.965534,68.12192],[-165.863428,68.093367],[-165.792146,68.080867],[-165.749518,68.077694],[-165.66169,68.075999],[-165.49355,68.059283],[-165.430442,68.045408],[-165.240848,67.998714],[-165.227228,67.985322],[-165.190915,67.966071],[-165.129567,67.941833],[-165.057516,67.921694],[-164.778331,67.820866],[-164.533937,67.725606],[-164.209816,67.639079],[-164.14438,67.617228],[-164.108716,67.601993],[-164.079514,67.585856],[-164.007032,67.535699],[-163.878781,67.416125],[-163.853584,67.388101],[-163.822185,67.349812],[-163.758588,67.256439],[-163.74082,67.20996],[-163.737464,67.184754],[-163.737724,67.136802],[-163.741345,67.129123],[-163.69887,67.114443],[-163.624959,67.099391],[-163.57701,67.092491],[-163.495201,67.087503],[-163.441198,67.081459],[-163.399048,67.074167],[-163.299266,67.060748],[-163.097854,67.041191],[-162.901348,67.006833],[-162.865944,67.012543],[-162.850964,67.017922],[-162.839402,67.032956],[-162.782401,67.044467],[-162.699069,67.055476],[-162.676656,67.046789],[-162.658706,67.030335],[-162.661661,67.01889],[-162.64026,67.010869],[-162.603562,67.01049],[-162.519046,67.016552],[-162.514878,67.031069],[-162.504523,67.039629],[-162.481257,67.043113],[-162.465522,67.026629],[-162.461822,67.004426],[-162.466855,66.999339],[-162.449219,66.988391],[-162.415866,66.98471],[-162.385074,66.991235],[-162.353954,66.995128],[-162.23923,66.993814],[-162.233964,66.999568],[-162.211633,67.00671],[-162.123181,67.02579],[-161.893702,67.049075],[-161.850188,67.052186],[-161.810256,67.050281],[-161.759641,67.030572],[-161.711715,67.001044],[-161.697392,67.010849],[-161.62216,67.008146],[-161.530525,66.984951],[-161.505747,66.974314],[-161.485383,66.960818],[-161.489169,66.93695],[-161.566678,66.934775],[-161.674359,66.961965],[-161.68628,66.961367],[-161.692146,66.945033],[-161.719587,66.916898],[-161.782218,66.859956],[-161.785495,66.846547],[-161.796307,66.833126],[-161.82417,66.817889],[-161.846258,66.813647],[-161.86154,66.797076],[-161.881671,66.716796],[-161.86618,66.704978],[-161.693125,66.620562],[-161.665368,66.610433],[-161.598953,66.593181],[-161.541756,66.581379],[-161.4904,66.560844],[-161.482869,66.543724],[-161.494988,66.534443],[-161.483604,66.525626],[-161.454092,66.522205],[-161.399006,66.523529],[-161.29321,66.520591],[-161.279803,66.505179],[-161.326349,66.478371],[-161.435312,66.454162],[-161.516449,66.441839],[-161.574129,66.438566],[-161.624334,66.450143],[-161.765368,66.496934],[-161.915856,66.551339],[-161.932642,66.572547],[-161.953413,66.592365],[-161.968863,66.602611],[-162.033156,66.631585],[-162.069068,66.6457],[-162.07801,66.664048],[-162.081515,66.693052],[-162.074634,66.703681],[-162.058825,66.716253],[-162.041314,66.723764],[-162.029615,66.73458],[-162.011455,66.759063],[-162.013623,66.779406],[-162.049123,66.780639],[-162.096878,66.7885],[-162.117304,66.798482],[-162.228675,66.866623],[-162.271769,66.904144],[-162.281116,66.915679],[-162.346352,66.934792],[-162.497438,66.91986],[-162.582856,66.904292],[-162.601052,66.898455],[-162.623054,66.874325],[-162.626696,66.859572],[-162.621564,66.85086],[-162.572224,66.825364],[-162.544381,66.804872],[-162.512617,66.777733],[-162.502502,66.758875],[-162.501415,66.742503],[-162.422414,66.731581],[-162.349774,66.726713],[-162.268767,66.717905],[-162.228635,66.70977],[-162.175398,66.687789],[-162.140377,66.664737],[-162.113311,66.639596],[-162.09791,66.609863],[-162.091453,66.605963],[-162.029043,66.586504],[-161.87488,66.511446],[-161.864156,66.488195],[-161.863387,66.440783],[-161.872447,66.414132],[-161.8809,66.398763],[-161.916309,66.349481],[-161.912946,66.344436],[-161.817538,66.360815],[-161.694404,66.396174],[-161.525554,66.397046],[-161.360743,66.375943],[-161.219834,66.348918],[-161.1631,66.342291],[-161.129512,66.336248],[-161.107995,66.328367],[-161.079328,66.307126],[-161.061034,66.283804],[-160.99854,66.254935],[-160.990275,66.239715],[-161.000026,66.233126],[-161.035866,66.229437],[-161.067871,66.235164],[-161.087342,66.234208],[-161.145397,66.220179],[-161.198971,66.210949],[-161.263655,66.214154],[-161.320778,66.223591],[-161.337269,66.243163],[-161.341189,66.2551],[-161.367875,66.258653],[-161.484539,66.262426],[-161.548429,66.239912],[-161.613943,66.176693],[-161.627008,66.153194],[-161.680577,66.111588],[-161.775537,66.073732],[-161.798585,66.055317],[-161.817091,66.033089],[-161.838018,66.022582],[-161.950043,66.040302],[-162.025701,66.062829],[-162.121788,66.067391],[-162.139516,66.078819],[-162.205889,66.056753],[-162.26967,66.042104],[-162.331284,66.031403],[-162.372147,66.027985],[-162.391892,66.028724],[-162.413452,66.035085],[-162.423726,66.048984],[-162.45767,66.058579],[-162.530755,66.045062],[-162.622284,66.039526],[-162.635985,66.040366],[-162.673584,66.053685],[-162.681304,66.061574],[-162.750705,66.09016],[-162.791232,66.089138],[-162.876016,66.082833],[-162.997473,66.076845],[-163.04714,66.068327],[-163.093003,66.06296],[-163.168568,66.05929],[-163.287768,66.069229],[-163.344759,66.084937],[-163.495845,66.085388],[-163.502704,66.081165],[-163.540115,66.069921],[-163.623921,66.058281],[-163.76751,66.060803],[-163.772467,66.081922],[-163.80358,66.100059],[-163.847401,66.122106],[-163.861406,66.136665],[-163.878306,66.160279],[-163.916551,66.190494],[-164.007503,66.179386],[-164.078677,66.181019],[-164.092715,66.184537],[-164.078765,66.201764],[-164.046937,66.209404],[-163.955901,66.21717],[-163.904813,66.230303],[-163.843108,66.259869],[-163.830077,66.272],[-163.829977,66.280398],[-163.839825,66.304079],[-163.849163,66.307639],[-163.873096,66.32855],[-163.873106,66.389015],[-163.856359,66.409296],[-163.844221,66.418978],[-163.798687,66.436875],[-163.761967,66.454874],[-163.730247,66.491372],[-163.727179,66.516388],[-163.754171,66.551284],[-163.850476,66.563102],[-163.875235,66.558248],[-163.908341,66.55597],[-163.985713,66.576085],[-163.979581,66.593953],[-164.094554,66.592281],[-164.345015,66.580834],[-164.400727,66.58111],[-164.711009,66.542541],[-165.124026,66.473179],[-165.187082,66.465154],[-165.407204,66.420441],[-165.6686,66.361971],[-165.80503,66.33331],[-165.882496,66.311603],[-165.880454,66.29516],[-165.859933,66.27422],[-165.853577,66.263185],[-165.866468,66.247073],[-165.877514,66.240309],[-165.874462,66.227999],[-165.848314,66.211367],[-165.813473,66.207174],[-165.760518,66.209561],[-165.690509,66.202029],[-165.653814,66.192453],[-165.578906,66.16327],[-165.551682,66.161584],[-165.544886,66.142901],[-165.584292,66.129489],[-165.588512,66.119695],[-165.630793,66.117643],[-165.647717,66.113487],[-165.661901,66.117944],[-165.693048,66.103303],[-165.758784,66.092915],[-165.76351,66.098885],[-165.799096,66.100823],[-165.845082,66.107971],[-165.87674,66.114802],[-165.892999,66.115767],[-165.925101,66.111066],[-165.959741,66.10941],[-166.009898,66.11075],[-166.046471,66.107833],[-166.080015,66.112602],[-166.101618,66.125198],[-166.138305,66.131966],[-166.14987,66.141303],[-166.122486,66.149417],[-166.127228,66.155204],[-166.190692,66.16741],[-166.223186,66.171033],[-166.245693,66.16992],[-166.308287,66.180287],[-166.330971,66.189514],[-166.526162,66.141849],[-166.597243,66.118919],[-166.827684,66.051277],[-166.956089,66.007711],[-166.977872,65.996247],[-167.139524,65.948095],[-167.246146,65.911408],[-167.314935,65.885039],[-167.539643,65.820836],[-167.73569,65.776124],[-167.857216,65.754341],[-167.979889,65.727972],[-168.103708,65.685552],[-168.12893,65.655744],[-168.134663,65.64084],[-168.127044,65.626584],[-168.100003,65.610972],[-168.099046,65.592239],[-168.0752,65.576355],[-168.04762,65.569149],[-167.997178,65.559346],[-167.967065,65.558599],[-167.909599,65.550876],[-167.851234,65.538181],[-167.841836,65.530249],[-167.710888,65.498524],[-167.621371,65.466589],[-167.620388,65.463463],[-167.574639,65.444979],[-167.474024,65.412744],[-167.398458,65.400259],[-167.170465,65.389269],[-167.10186,65.387737],[-167.026782,65.381967],[-166.899681,65.360642],[-166.851646,65.348485],[-166.796001,65.337184],[-166.655179,65.324938],[-166.625987,65.325121],[-166.596964,65.336246],[-166.551097,65.338406],[-166.51864,65.335824],[-166.485968,65.3309],[-166.439404,65.319058],[-166.377721,65.297983],[-166.360618,65.288631],[-166.347189,65.276341],[-166.386271,65.254143],[-166.451711,65.236178],[-166.475297,65.224335],[-166.465342,65.194818],[-166.46005,65.189897],[-166.464192,65.177086],[-166.509566,65.152719],[-166.521506,65.149242],[-166.60607,65.135992],[-166.634449,65.125873],[-166.638411,65.113586],[-166.67032,65.10972],[-166.755554,65.110585],[-166.81679,65.117089],[-166.837496,65.128146],[-166.872666,65.136928],[-166.89772,65.139028],[-166.910131,65.134024],[-166.911922,65.125965],[-166.885451,65.105856],[-166.860402,65.090866],[-166.82091,65.077053],[-166.732794,65.053498],[-166.696453,65.035857],[-166.688762,65.018029],[-166.70483,64.997051],[-166.690814,64.985372],[-166.636843,64.968113],[-166.61511,64.96433],[-166.530518,64.937114],[-166.432246,64.88316],[-166.415624,64.871928],[-166.407315,64.852281],[-166.407303,64.834278],[-166.417028,64.81874],[-166.430516,64.807715],[-166.478978,64.797036],[-166.481076,64.786156],[-166.483801,64.733419],[-166.474714,64.719267],[-166.451788,64.691761],[-166.413926,64.651229],[-166.392403,64.638161],[-166.236939,64.583558],[-166.189546,64.575798],[-165.919704,64.54866],[-165.819595,64.540171],[-165.751093,64.536437],[-165.550573,64.512235],[-165.413443,64.497939],[-165.214182,64.469726],[-165.016519,64.434392],[-165.001961,64.433917],[-164.874421,64.441195],[-164.807747,64.449432],[-164.548298,64.516738],[-164.421871,64.545256],[-164.307273,64.561488],[-164.260064,64.56422],[-164.147059,64.564552],[-164.044839,64.559167],[-163.994532,64.551742],[-163.974352,64.55137],[-163.89618,64.564483],[-163.875774,64.572935],[-163.829739,64.574965],[-163.651943,64.567299],[-163.597834,64.563356],[-163.451482,64.53482],[-163.4129,64.524986],[-163.350926,64.505859],[-163.253027,64.469501],[-163.249092,64.456223],[-163.229206,64.430019],[-163.175336,64.399334],[-163.150789,64.397249],[-163.11945,64.403808],[-163.107459,64.409192],[-163.091486,64.437736],[-163.027158,64.477945],[-163.028887,64.511908],[-163.032057,64.525608],[-163.042618,64.540046],[-163.030657,64.542353],[-162.96925,64.54687],[-162.940776,64.542417],[-162.857562,64.49978],[-162.858556,64.474864],[-162.83654,64.436702],[-162.806612,64.405608],[-162.80035,64.374695],[-162.810004,64.352647],[-162.805385,64.336023],[-162.790167,64.325182],[-162.768424,64.333516],[-162.719218,64.359971],[-162.66768,64.375356],[-162.645156,64.379783],[-162.632242,64.385734],[-162.60302,64.448666],[-162.602178,64.456869],[-162.61422,64.470702],[-162.554875,64.520341],[-162.539996,64.530931],[-162.342308,64.59224],[-162.290571,64.605496],[-162.270025,64.60871],[-162.234477,64.619336],[-162.219718,64.644176],[-162.21662,64.656213],[-162.188146,64.672395],[-162.168516,64.68029],[-162.138832,64.685934],[-162.096528,64.690983],[-161.939279,64.699119],[-161.902429,64.703851],[-161.878363,64.709476],[-161.667261,64.788981],[-161.64552,64.776452],[-161.630287,64.77129],[-161.595506,64.764478],[-161.518211,64.75325],[-161.42986,64.759027],[-161.376985,64.773036],[-161.364438,64.782099],[-161.366808,64.793777],[-161.357867,64.805922],[-161.327848,64.829836],[-161.293049,64.853243],[-161.264283,64.86197],[-161.213756,64.883324],[-161.198586,64.894403],[-161.200893,64.905796],[-161.19212,64.921366],[-161.176009,64.927161],[-161.145725,64.920534],[-161.149655,64.911985],[-161.133062,64.898219],[-161.079718,64.869549],[-160.986417,64.833984],[-160.935974,64.82237],[-160.869571,64.783797],[-160.783398,64.71716],[-160.78357,64.680581],[-160.791614,64.623055],[-160.802048,64.610352],[-160.940493,64.55],[-160.992894,64.541295],[-161.049148,64.540952],[-161.055549,64.532416],[-161.037534,64.522246],[-161.01714,64.517124],[-161.013228,64.507521],[-161.024185,64.499719],[-161.078031,64.494094],[-161.155518,64.494687],[-161.198029,64.496626],[-161.234092,64.500365],[-161.321343,64.513865],[-161.351145,64.521382],[-161.373572,64.535028],[-161.388621,64.532783],[-161.469046,64.506575],[-161.479093,64.486401],[-161.504903,64.423074],[-161.492926,64.407851],[-161.463026,64.420074],[-161.410382,64.422107],[-161.313668,64.400874],[-161.263519,64.398166],[-161.228941,64.370747],[-160.976038,64.235761],[-160.946857,64.204158],[-160.956425,64.191732],[-160.955132,64.13803],[-160.951641,64.090067],[-160.93374,64.049729],[-160.892455,63.985943],[-160.877686,63.977265],[-160.851979,63.954409],[-160.810798,63.904646],[-160.766291,63.835189],[-160.761974,63.793453],[-160.76556,63.773552],[-160.783304,63.752893],[-160.809089,63.731332],[-160.904353,63.658024],[-160.924877,63.644814],[-161.036049,63.579566],[-161.102721,63.5478],[-161.119964,63.532544],[-161.136758,63.504525],[-161.191163,63.490072],[-161.310181,63.471312],[-161.450463,63.457178],[-161.553077,63.449217],[-161.583772,63.447857],[-161.591632,63.454244],[-161.676526,63.465003],[-161.70563,63.464061],[-161.765832,63.453803],[-161.839897,63.447313],[-161.930714,63.444843],[-162.025552,63.447539],[-162.050543,63.470589],[-162.041687,63.48965],[-162.073156,63.513768],[-162.108597,63.511927],[-162.151574,63.517952],[-162.190145,63.529886],[-162.252411,63.541753],[-162.296731,63.540108],[-162.267833,63.495084],[-162.271089,63.487711],[-162.301869,63.473422],[-162.352274,63.454069],[-162.384625,63.435797],[-162.42153,63.409014],[-162.428744,63.401055],[-162.426095,63.393651],[-162.437059,63.377836],[-162.571695,63.285556],[-162.662614,63.229906],[-162.688083,63.220608],[-162.72408,63.214615],[-162.747621,63.213572],[-162.769536,63.217069],[-162.821122,63.205596],[-162.834354,63.198076],[-162.840187,63.187579],[-162.834926,63.164621],[-162.844559,63.154191],[-162.901643,63.125597],[-162.919727,63.120153],[-162.998302,63.089286],[-163.0405,63.062151],[-163.053996,63.058334],[-163.130853,63.049387],[-163.316203,63.037763],[-163.364979,63.055805],[-163.417683,63.083874],[-163.474794,63.099053],[-163.507217,63.113685],[-163.520806,63.12328],[-163.529938,63.1354],[-163.590122,63.146091],[-163.616272,63.141213],[-163.650294,63.157564],[-163.70398,63.188107],[-163.73265,63.213257],[-163.755283,63.217461],[-163.788882,63.217482],[-163.885059,63.222308],[-163.909405,63.232514],[-163.970266,63.248291],[-164.036565,63.261204],[-164.066991,63.262276],[-164.140096,63.259336],[-164.209475,63.251472],[-164.363592,63.22628],[-164.423449,63.211977],[-164.493118,63.17767],[-164.633943,63.09782],[-164.644886,63.079268],[-164.641186,63.07268],[-164.611616,63.077673],[-164.580201,63.070127],[-164.583735,63.058457],[-164.685213,63.022191],[-164.716841,63.006264],[-164.766117,62.958228],[-164.745514,62.944865],[-164.742134,62.920144],[-164.751982,62.893169],[-164.768253,62.871331],[-164.795229,62.858486],[-164.836318,62.852168],[-164.850838,62.83951],[-164.87564,62.806254],[-164.8773,62.78432],[-164.870348,62.774135],[-164.857182,62.76883],[-164.81711,62.636697],[-164.837337,62.631446],[-164.857109,62.635513],[-164.865896,62.645817],[-164.91291,62.657496],[-164.932145,62.651071],[-164.942068,62.624956],[-164.928813,62.608992],[-164.914064,62.60253],[-164.89374,62.599671],[-164.842846,62.604504],[-164.796056,62.611486],[-164.777244,62.609083],[-164.770232,62.592082],[-164.868059,62.571142],[-165.046045,62.54042],[-165.096155,62.522452],[-165.199804,62.469637],[-165.26927,62.427352],[-165.294962,62.403353],[-165.311967,62.378812],[-165.337722,62.359031],[-165.373713,62.338196],[-165.500322,62.255451],[-165.620746,62.172616],[-165.672037,62.13989],[-165.706155,62.108365],[-165.734117,62.076873],[-165.743522,62.06228],[-165.748641,62.047145],[-165.756806,62.006337],[-165.741481,61.971392],[-165.725818,61.947184],[-165.703482,61.921572],[-165.667939,61.900275],[-165.612337,61.871907],[-165.600043,61.859663],[-165.640216,61.848041],[-165.696038,61.847055],[-165.730439,61.842075],[-165.736904,61.832901],[-165.758413,61.825444],[-165.870982,61.826013],[-165.955265,61.832408],[-166.085334,61.816498],[-166.094312,61.813859],[-166.092081,61.800733],[-166.006693,61.729879],[-165.993851,61.723105],[-165.934968,61.706299],[-165.856791,61.690734],[-165.81,61.68936],[-165.809933,61.673029],[-165.82214,61.67061],[-165.903783,61.663632],[-165.967894,61.654432],[-166.053983,61.638201],[-166.132162,61.63159],[-166.139409,61.632315],[-166.138684,61.667101],[-166.13302,61.721918],[-166.143757,61.724352],[-166.153178,61.714931],[-166.158976,61.700437],[-166.182688,61.588481],[-166.18185,61.581342],[-166.165232,61.550618],[-166.124202,61.504645],[-166.108269,61.492475],[-166.075398,61.49298],[-166.058242,61.500419],[-166.079983,61.513464],[-166.08868,61.522885],[-166.075524,61.532672],[-166.034748,61.535221],[-165.999535,61.53972],[-165.981879,61.551249],[-165.964035,61.555919],[-165.912496,61.5562],[-165.807627,61.529171],[-165.754317,61.498704],[-165.746352,61.489304],[-165.748503,61.476446],[-165.767226,61.45695],[-165.844525,61.440601],[-165.918612,61.419087],[-165.92195,61.409638],[-165.915445,61.387686],[-165.879599,61.335044],[-165.858993,61.318865],[-165.831365,61.306719],[-165.816434,61.303363],[-165.787442,61.310063],[-165.662892,61.29457],[-165.635791,61.285456],[-165.623317,61.278431],[-165.620589,61.268586],[-165.627549,61.258125],[-165.634048,61.237557],[-165.631996,61.220708],[-165.590682,61.111169],[-165.578127,61.100361],[-165.549613,61.088162],[-165.498726,61.079149],[-165.403007,61.06706],[-165.370544,61.066821],[-165.343442,61.070564],[-165.336996,61.077709],[-165.347082,61.084847],[-165.350154,61.104545],[-165.344389,61.123691],[-165.325552,61.169306],[-165.307976,61.181823],[-165.2897,61.181714],[-165.203757,61.150341],[-165.172994,61.146919],[-165.167072,61.133487],[-165.17711,61.125494],[-165.167636,61.113502],[-165.119781,61.07864],[-165.057842,61.059746],[-165.011271,61.051984],[-164.995695,61.058035],[-164.991227,61.072192],[-164.998547,61.079492],[-164.997636,61.10443],[-164.981718,61.109691],[-164.941253,61.110863],[-164.891286,61.108246],[-164.868009,61.096394],[-164.87045,61.079564],[-164.902245,61.077902],[-164.927825,61.084392],[-164.950573,61.048079],[-164.951103,61.03102],[-164.961527,61.024166],[-164.998172,61.013826],[-165.020265,61.011153],[-165.083282,61.012933],[-165.097425,61.016658],[-165.115681,61.016097],[-165.133937,61.01125],[-165.190271,60.983073],[-165.194945,60.9739],[-165.172467,60.940328],[-165.155232,60.929186],[-165.157111,60.917363],[-165.216942,60.914322],[-165.22348,60.89645],[-165.177531,60.858865],[-165.176774,60.847149],[-165.132488,60.850145],[-165.080907,60.860224],[-165.016941,60.891071],[-165.03204,60.903986],[-165.007096,60.922058],[-164.940065,60.945369],[-164.921256,60.946509],[-164.903903,60.942213],[-164.917542,60.928144],[-164.945958,60.92106],[-165.003679,60.87558],[-165.030183,60.83805],[-165.02962,60.826001],[-165.02143,60.815086],[-165.009703,60.81506],[-164.939313,60.823463],[-164.92418,60.809331],[-164.944914,60.800379],[-164.977663,60.79036],[-165.042584,60.78443],[-165.040843,60.77266],[-165.032074,60.760022],[-165.010452,60.744789],[-164.971839,60.72973],[-164.96541,60.724306],[-164.97125,60.711434],[-164.991665,60.69884],[-165.027535,60.686008],[-165.052642,60.690068],[-165.063148,60.688645],[-165.147184,60.65116],[-165.178617,60.623927],[-165.268717,60.579488],[-165.289651,60.575755],[-165.312937,60.576313],[-165.346721,60.580603],[-165.367676,60.581158],[-165.381052,60.577987],[-165.415193,60.55816],[-165.420349,60.550692],[-165.405071,60.53465],[-165.377559,60.513164],[-165.362975,60.506866],[-165.244442,60.496298],[-165.190449,60.498001],[-165.05744,60.544631],[-164.986952,60.542406],[-164.97128,60.539558],[-164.956788,60.527837],[-164.961439,60.508391],[-164.99787,60.480459],[-165.015155,60.471414],[-165.04907,60.461516],[-165.069693,60.460893],[-165.120728,60.451196],[-165.132893,60.438867],[-165.129403,60.433707],[-165.057585,60.386287],[-165.005576,60.359812],[-164.962678,60.33966],[-164.899296,60.316787],[-164.850355,60.303615],[-164.777233,60.293833],[-164.72657,60.291475],[-164.698889,60.296298],[-164.653098,60.267902],[-164.646332,60.253303],[-164.634362,60.24298],[-164.59607,60.222874],[-164.558343,60.207042],[-164.517647,60.199493],[-164.494317,60.184833],[-164.498556,60.170546],[-164.461194,60.137824],[-164.385471,60.07719],[-164.336111,60.055527],[-164.302968,60.054233],[-164.1916,60.024496],[-164.13181,59.991177],[-164.11508,59.973166],[-164.12543,59.964626],[-164.161024,59.964076],[-164.178705,59.96181],[-164.208306,59.949046],[-164.208475,59.934461],[-164.201811,59.916119],[-164.160319,59.864679],[-164.133393,59.845612],[-164.115117,59.836688],[-164.079837,59.828034],[-163.930798,59.803853],[-163.772229,59.795624],[-163.704795,59.794805],[-163.662607,59.79571],[-163.559148,59.801391],[-163.38767,59.81588],[-163.349027,59.81989],[-163.172633,59.845058],[-163.109595,59.861633],[-163.033128,59.884135],[-162.974977,59.906443],[-162.90726,59.923682],[-162.828585,59.939142],[-162.760007,59.958013],[-162.740059,59.968797],[-162.738592,59.976321],[-162.682717,59.979432],[-162.644231,59.972954],[-162.622569,59.971809],[-162.585518,59.97723],[-162.530118,59.99011],[-162.503647,59.99923],[-162.476759,60.04769],[-162.481175,60.087544],[-162.494327,60.110675],[-162.484234,60.137964],[-162.463026,60.15302],[-162.445727,60.176448],[-162.426344,60.185331],[-162.40227,60.186425],[-162.371032,60.178616],[-162.371131,60.169019],[-162.360185,60.14736],[-162.321481,60.10797],[-162.30109,60.112146],[-162.287089,60.122173],[-162.258328,60.157939],[-162.258105,60.172713],[-162.239267,60.1801],[-162.216366,60.17419],[-162.188441,60.156509],[-162.186148,60.149605],[-162.202141,60.11645],[-162.234043,60.091345],[-162.234642,60.077333],[-162.228371,60.056313],[-162.207225,60.021834],[-162.190616,60.00203],[-162.171759,59.984163],[-162.143049,59.967506],[-162.121072,59.965241],[-162.100708,59.944675],[-162.092361,59.881104],[-162.017059,59.829426],[-161.911163,59.741741],[-161.854752,59.646214],[-161.75798,59.557152],[-161.70253,59.490906],[-161.738312,59.46701],[-161.790375,59.468197],[-161.828125,59.428188],[-161.837936,59.423836],[-161.904053,59.387341],[-161.956528,59.361771],[-161.942993,59.263828],[-162.018982,59.292278],[-162.048584,59.254177],[-161.981964,59.150997],[-161.828171,59.062702],[-161.783981,58.969421],[-161.756622,58.826477],[-161.769501,58.774937],[-161.859055,58.708637],[-161.877213,58.666138],[-161.939163,58.655613],[-161.994644,58.688828],[-162.171722,58.648441],[-162.066269,58.6208],[-161.871216,58.637478],[-161.766296,58.599224],[-161.751999,58.551842],[-161.682907,58.564671],[-161.62645,58.602581],[-161.550537,58.61116],[-161.521347,58.633141],[-161.372314,58.666172],[-161.372711,58.707958],[-161.337982,58.742912],[-161.18338,58.789276],[-160.999741,58.856655],[-160.855194,58.882523],[-160.835358,58.823494],[-160.753067,58.910431],[-160.641785,58.964489],[-160.476578,59.026047],[-160.31778,59.070477],[-160.256592,58.99448],[-160.322922,58.953953],[-160.286346,58.945007],[-160.232788,58.901127],[-160.15448,58.916874],[-160.150528,58.866062],[-160.093109,58.860798],[-160.054047,58.887001],[-159.985352,58.870464],[-159.995667,58.848301],[-159.908386,58.779903],[-159.806305,58.805595],[-159.792923,58.823971],[-159.808777,58.861542],[-159.753754,58.855724],[-159.732932,58.930739],[-159.712114,58.929468],[-159.691493,58.931601],[-159.657362,58.938712],[-159.64243,58.938712],[-159.61612,58.931601],[-159.60261,58.920935],[-159.586966,58.900314],[-159.589811,58.890359],[-159.601899,58.884671],[-159.643549,58.845063],[-159.580287,58.840691],[-159.532347,58.833609],[-159.501768,58.824304],[-159.450831,58.797736],[-159.390664,58.762362],[-159.357625,58.73452],[-159.24229,58.619067],[-159.187347,58.555609],[-159.080496,58.444256],[-159.063346,58.423139],[-159.046105,58.417466],[-158.944154,58.396885],[-158.896067,58.390065],[-158.880927,58.39067],[-158.830598,58.397095],[-158.795316,58.408032],[-158.704052,58.482759],[-158.721173,58.497971],[-158.769131,58.54865],[-158.827852,58.626432],[-158.861207,58.69558],[-158.848225,58.722736],[-158.827105,58.724495],[-158.800959,58.732842],[-158.784886,58.747739],[-158.771246,58.765109],[-158.774626,58.778593],[-158.790378,58.804712],[-158.789632,58.814257],[-158.767748,58.864264],[-158.745305,58.874098],[-158.717436,58.872462],[-158.619684,58.911048],[-158.598645,58.90123],[-158.565718,58.875828],[-158.559132,58.860776],[-158.559499,58.841819],[-158.56587,58.815429],[-158.564833,58.802715],[-158.550626,58.792915],[-158.512547,58.78311],[-158.45521,58.776972],[-158.423828,58.769847],[-158.400475,58.761182],[-158.376873,58.748043],[-158.351481,58.727693],[-158.332394,58.686814],[-158.332093,58.665313],[-158.327038,58.659835],[-158.297189,58.643147],[-158.273036,58.63347],[-158.232276,58.619902],[-158.190283,58.61371],[-158.140307,58.61502],[-158.101646,58.62109],[-158.036593,58.634248],[-157.855396,58.678277],[-157.799597,58.69559],[-157.721786,58.723212],[-157.696472,58.729975],[-157.550603,58.754514],[-157.532654,58.772638],[-157.484062,58.785962],[-157.429531,58.791071],[-157.353132,58.817729],[-157.275451,58.836136],[-157.259663,58.835665],[-157.21571,58.841526],[-157.189554,58.847724],[-157.116866,58.867533],[-157.070584,58.887816],[-157.040625,58.913391],[-157.039206,58.945921],[-157.029517,58.956203],[-156.975946,58.940896],[-156.966649,58.904074],[-156.980888,58.891031],[-157.012392,58.875889],[-157.016088,58.86349],[-157.010984,58.8484],[-157.003607,58.839306],[-157.008226,58.817139],[-157.061928,58.726102],[-157.077914,58.708103],[-157.178834,58.66044],[-157.251462,58.620786],[-157.281327,58.600236],[-157.313572,58.565043],[-157.330683,58.551516],[-157.358487,58.533876],[-157.380259,58.524398],[-157.397197,58.527333],[-157.451918,58.505618],[-157.481487,58.480771],[-157.524477,58.414506],[-157.536176,58.391597],[-157.556865,58.330715],[-157.556343,58.303749],[-157.547209,58.277535],[-157.515475,58.255638],[-157.442712,58.218875],[-157.423325,58.21136],[-157.407918,58.211871],[-157.389237,58.228091],[-157.366928,58.232669],[-157.352316,58.219097],[-157.383099,58.184607],[-157.39735,58.173383],[-157.493784,58.162148],[-157.514474,58.162978],[-157.533329,58.160335],[-157.556556,58.148445],[-157.583636,58.124307],[-157.596601,58.08867],[-157.611802,58.034263],[-157.623886,57.960502],[-157.642226,57.868777],[-157.671061,57.772866],[-157.703782,57.721768],[-157.710645,57.639946],[-157.691291,57.611131],[-157.684282,57.609974],[-157.652202,57.614794],[-157.607387,57.612537],[-157.599644,57.60795],[-157.588339,57.582152],[-157.573472,57.522732],[-157.573129,57.514525],[-157.58691,57.487156],[-157.615137,57.488691],[-157.649389,57.500331],[-157.680416,57.537727],[-157.684833,57.557746],[-157.678891,57.563888],[-157.703852,57.563455],[-157.772496,57.547055],[-157.786046,57.542189],[-157.931624,57.476208],[-157.956239,57.449383],[-157.99467,57.414234],[-158.010538,57.401456],[-158.034246,57.39023],[-158.049932,57.390141],[-158.14971,57.344916],[-158.229883,57.321534],[-158.355066,57.27485],[-158.376249,57.265542],[-158.453711,57.21179],[-158.518429,57.16055],[-158.637364,57.061364],[-158.659945,57.034585],[-158.679293,56.988625],[-158.699788,56.927362],[-158.663659,56.857055],[-158.646812,56.846992],[-158.642845,56.836608],[-158.642293,56.81285],[-158.660298,56.789015],[-158.78359,56.78075],[-158.853294,56.79262],[-158.893211,56.805788],[-158.933589,56.827905],[-158.953543,56.843418],[-158.957471,56.851184],[-159.018304,56.815094],[-159.093468,56.783704],[-159.106652,56.781126],[-159.156455,56.763324],[-159.263113,56.723321],[-159.279894,56.715667],[-159.264871,56.703136],[-159.324421,56.670356],[-159.369434,56.657073],[-159.43938,56.641332],[-159.534961,56.626529],[-159.636156,56.59739],[-159.815477,56.548941],[-159.828049,56.543935],[-159.938337,56.474192],[-160.001477,56.442201],[-160.082592,56.411094],[-160.146252,56.400176],[-160.196329,56.37255],[-160.208383,56.358022],[-160.222878,56.346868],[-160.274604,56.317151],[-160.315896,56.302227],[-160.340249,56.291271],[-160.357156,56.279582],[-160.383094,56.251352],[-160.396338,56.231775],[-160.411381,56.194138],[-160.451417,56.125564],[-160.488708,56.077214],[-160.568356,56.004062],[-160.583491,55.986468],[-160.576655,55.985416],[-160.559597,55.996838],[-160.534541,55.989498],[-160.526362,55.982433],[-160.533685,55.95995],[-160.535759,55.939617],[-160.486594,55.924168],[-160.420735,55.90862],[-160.380573,55.889456],[-160.325637,55.867858],[-160.273176,55.856881],[-160.272533,55.831673],[-160.317826,55.818983],[-160.315655,55.814544],[-160.293498,55.801788],[-160.26893,55.784278],[-160.264568,55.775723],[-160.277382,55.765861],[-160.293924,55.765556],[-160.342876,55.778166],[-160.385878,55.796445],[-160.438735,55.789608],[-160.479355,55.822361],[-160.477892,55.841099],[-160.494678,55.864193],[-160.508433,55.869379],[-160.532582,55.869891],[-160.564014,55.863719],[-160.639088,55.8583],[-160.697591,55.862396],[-160.734182,55.870995],[-160.769155,55.858268],[-160.757705,55.785841],[-160.751236,55.779364],[-160.695227,55.755075],[-160.675794,55.751411],[-160.655468,55.739868],[-160.65556,55.730041],[-160.668102,55.723556],[-160.730726,55.747664],[-160.765228,55.757174],[-160.806014,55.738241],[-160.930591,55.814358],[-160.940845,55.822529],[-160.95156,55.852772],[-160.923856,55.900574],[-160.849665,55.916227],[-160.835077,55.915747],[-160.818201,55.910749],[-160.814113,55.930633],[-160.814205,55.953834],[-160.86325,55.996237],[-160.873229,56.001448],[-160.898682,55.999014],[-161.023376,55.959468],[-161.027739,55.954554],[-161.049162,55.945407],[-161.076383,55.942079],[-161.096617,55.954752],[-161.211273,55.951712],[-161.230444,55.947467],[-161.262763,55.958734],[-161.27833,55.974912],[-161.290777,55.98313],[-161.380557,55.965618],[-161.450442,55.954485],[-161.585604,55.937324],[-161.640007,55.919503],[-161.712283,55.904232],[-161.773409,55.89731],[-161.807833,55.891954],[-161.816225,55.888993],[-161.85843,55.865402],[-161.898956,55.833464],[-161.972624,55.800526],[-162.079678,55.7634],[-162.090664,55.753427],[-162.147059,55.718415],[-162.193078,55.702178],[-162.246972,55.680013],[-162.286002,55.649288],[-162.326436,55.613918],[-162.403581,55.557465],[-162.483687,55.495237],[-162.504041,55.482556],[-162.575826,55.446833],[-162.580524,55.446514],[-162.619883,55.40867],[-162.64991,55.364151],[-162.680487,55.337004],[-162.704747,55.320296],[-162.731816,55.307829],[-162.750371,55.307623],[-162.881779,55.273776],[-162.888118,55.270424],[-162.901644,55.247652],[-162.880892,55.239564],[-162.869478,55.248086],[-162.8566,55.248721],[-162.843172,55.242564],[-162.84014,55.224043],[-162.86152,55.198339],[-162.882292,55.183251],[-162.957182,55.171271],[-163.032256,55.172147],[-163.070494,55.174114],[-163.081634,55.180409],[-163.105011,55.183979],[-163.157532,55.17551],[-163.200867,55.166057],[-163.268767,55.145465],[-163.314652,55.126312],[-163.318731,55.110811],[-163.310694,55.105612],[-163.297876,55.057619],[-163.293205,55.006865],[-163.240008,54.962885],[-163.2399,54.954617],[-163.279586,54.944849],[-163.290908,54.945977],[-163.314592,54.958862],[-163.338395,54.956191],[-163.343735,54.950416],[-163.34773,54.925093],[-163.319956,54.903085],[-163.318885,54.88012],[-163.334234,54.872948],[-163.391397,54.855331],[-163.410594,54.854576],[-163.415872,54.859652],[-163.408027,54.88458],[-163.399292,54.894012],[-163.398294,54.902371],[-163.418042,54.938499],[-163.442854,54.969875],[-163.4615,54.982511],[-163.530087,55.01666],[-163.534638,55.025305],[-163.527109,55.040871],[-163.532962,55.048881],[-163.568159,55.049145],[-163.646834,55.044467],[-163.740737,55.048266],[-163.774093,55.05578],[-163.815779,55.044625],[-163.85426,55.037796],[-163.894695,55.039115],[-163.909222,55.032089],[-163.930369,55.017646],[-163.96473,54.997337],[-163.994179,54.983315],[-164.030708,54.969818],[-164.061164,54.964708],[-164.109333,54.963999],[-164.119196,54.969416],[-164.164342,54.953532],[-164.204897,54.93124],[-164.20707,54.927578],[-164.295033,54.902122],[-164.343534,54.894139],[-164.35333,54.898327],[-164.373441,54.915349],[-164.427303,54.932849],[-164.43528,54.933126],[-164.48678,54.922441],[-164.550256,54.888785],[-164.56405,54.875539],[-164.561546,54.850835],[-164.576896,54.824564],[-164.629661,54.756031],[-164.709465,54.661518],[-164.727654,54.650957],[-164.761347,54.640634],[-164.831936,54.629028],[-164.91876,54.605306],[-164.932187,54.598745],[-164.949781,54.575697],[-164.944636,54.532903],[-164.936122,54.521253],[-164.910059,54.507542],[-164.904077,54.499195],[-164.877373,54.449908],[-164.876075,54.443495],[-164.844931,54.417583],[-164.789357,54.402012],[-164.743977,54.394216],[-164.640457,54.391166],[-164.601607,54.402451],[-164.51997,54.414652],[-164.499034,54.414225],[-164.456554,54.419856],[-164.41682,54.431713],[-164.352704,54.465023],[-164.33653,54.480977],[-164.341474,54.495266],[-164.337538,54.524259],[-164.331404,54.530431],[-164.257585,54.572722],[-164.23247,54.585494],[-164.179617,54.599188],[-164.084894,54.620131],[-163.966307,54.631681],[-163.952391,54.630461],[-163.861206,54.632911],[-163.80359,54.636498],[-163.747316,54.635011],[-163.670838,54.627825],[-163.585967,54.611644],[-163.572383,54.623211],[-163.488861,54.65511],[-163.439361,54.655928],[-163.423067,54.720426],[-163.39197,54.74198],[-163.364626,54.749464],[-163.344791,54.751211],[-163.327457,54.743414],[-163.317996,54.719938],[-163.280633,54.695367],[-163.208775,54.693136],[-163.185401,54.700398],[-163.140925,54.694829],[-163.125738,54.66818],[-163.096744,54.661597],[-163.059085,54.661072],[-163.05097,54.672263],[-163.057228,54.688101],[-163.107558,54.732752],[-163.144089,54.761499],[-163.184295,54.774912],[-163.219765,54.755072],[-163.228391,54.753513],[-163.322849,54.75028],[-163.342655,54.765104],[-163.372806,54.790936],[-163.373207,54.800841],[-163.352997,54.810174],[-163.299809,54.829232],[-163.214398,54.847487],[-163.14958,54.885906],[-163.065602,54.926172],[-163.036062,54.942544],[-163.050467,54.969071],[-163.067008,54.979302],[-163.148615,55.014023],[-163.17483,55.0131],[-163.213281,55.026138],[-163.226313,55.042694],[-163.225092,55.049683],[-163.213009,55.066742],[-163.188428,55.090903],[-163.165036,55.099214],[-163.111507,55.109705],[-163.079006,55.111652],[-163.051631,55.103267],[-163.00155,55.080043],[-162.964897,55.042201],[-162.957826,55.031826],[-162.958975,55.020151],[-162.965872,55.017374],[-162.970632,55.001039],[-162.913684,54.950273],[-162.881639,54.934785],[-162.845475,54.926989],[-162.834245,54.926851],[-162.770983,54.932736],[-162.708453,54.95848],[-162.707203,54.972023],[-162.720404,54.980223],[-162.707083,54.991159],[-162.688131,54.996126],[-162.646472,54.997163],[-162.615159,54.987841],[-162.587967,54.97201],[-162.569289,54.97124],[-162.569292,55.015874],[-162.599812,55.054806],[-162.618918,55.097096],[-162.604454,55.126028],[-162.582908,55.13024],[-162.579765,55.136939],[-162.614497,55.174735],[-162.638791,55.19477],[-162.644734,55.197115],[-162.668346,55.193445],[-162.692309,55.197313],[-162.711128,55.211267],[-162.718077,55.219911],[-162.714607,55.231611],[-162.702851,55.252775],[-162.682405,55.27645],[-162.66196,55.294295],[-162.626101,55.304085],[-162.584872,55.298386],[-162.510435,55.250177],[-162.499019,55.21377],[-162.49447,55.183915],[-162.48098,55.161271],[-162.445182,55.151521],[-162.406191,55.120498],[-162.410574,55.105614],[-162.424796,55.104813],[-162.442556,55.118226],[-162.460958,55.12584],[-162.506887,55.118927],[-162.520986,55.115417],[-162.521688,55.104011],[-162.512104,55.086227],[-162.489735,55.064849],[-162.471364,55.051932],[-162.41351,55.03656],[-162.361969,55.042679],[-162.300378,55.042927],[-162.292511,55.033429],[-162.267754,55.021553],[-162.247946,55.020439],[-162.219326,55.028975],[-162.189247,55.06026],[-162.190348,55.066981],[-162.2068,55.082391],[-162.223528,55.102211],[-162.218192,55.118903],[-162.177427,55.154403],[-162.141084,55.157339],[-162.126369,55.153408],[-162.119033,55.141116],[-162.131878,55.122776],[-162.11874,55.102911],[-162.053281,55.074212],[-161.960866,55.106734],[-161.949882,55.126686],[-161.966974,55.154831],[-162.001711,55.169236],[-162.046242,55.225605],[-162.041236,55.236806],[-162.029636,55.239492],[-161.978788,55.236131],[-161.957455,55.227999],[-161.919519,55.208209],[-161.903407,55.204941],[-161.875238,55.227224],[-161.879542,55.240804],[-161.875606,55.249921],[-161.853418,55.277634],[-161.827543,55.287872],[-161.720096,55.37669],[-161.686495,55.408041],[-161.696719,55.423307],[-161.700069,55.51439],[-161.69886,55.5194],[-161.612926,55.606158],[-161.602825,55.613811],[-161.587047,55.62006],[-161.526162,55.630498],[-161.482064,55.633979],[-161.416235,55.632324],[-161.392613,55.628221],[-161.363378,55.618478],[-161.355686,55.606378],[-161.367405,55.579484],[-161.376102,55.569794],[-161.469271,55.49683],[-161.477114,55.485195],[-161.471468,55.478588],[-161.478303,55.4406],[-161.484588,55.417994],[-161.496123,55.396967],[-161.514211,55.385254],[-161.507657,55.362786],[-161.486114,55.359322],[-161.460392,55.35907],[-161.445196,55.368103],[-161.364577,55.384194],[-161.34608,55.385782],[-161.314949,55.379231],[-161.311989,55.372836],[-161.317545,55.362758],[-161.280675,55.354038],[-161.231535,55.357452],[-161.013662,55.431002],[-160.997335,55.440265],[-160.977376,55.461185],[-160.976551,55.472736],[-160.944265,55.507825],[-160.909625,55.52414],[-160.86538,55.526968],[-160.849145,55.523916],[-160.828273,55.516111],[-160.82081,55.507974],[-160.843407,55.489782],[-160.836725,55.473135],[-160.795988,55.454946],[-160.781401,55.45178],[-160.666917,55.459776],[-160.651523,55.474174],[-160.646304,55.492851],[-160.647464,55.500862],[-160.660117,55.518475],[-160.73215,55.523596],[-160.771433,55.52943],[-160.77295,55.538998],[-160.766237,55.547559],[-160.737095,55.555448],[-160.706883,55.556066],[-160.666966,55.544417],[-160.652775,55.548668],[-160.638371,55.557426],[-160.615305,55.575516],[-160.595771,55.57554],[-160.580083,55.564385],[-160.554173,55.522965],[-160.544224,55.502351],[-160.536654,55.474938],[-160.521335,55.47442],[-160.501346,55.478518],[-160.481633,55.489068],[-160.462745,55.506654],[-160.459815,55.514986],[-160.464301,55.533243],[-160.448277,55.559049],[-160.435859,55.573692],[-160.392587,55.602771],[-160.433022,55.639979],[-160.429727,55.658046],[-160.410823,55.66538],[-160.353494,55.649731],[-160.325419,55.644207],[-160.279827,55.641384],[-160.185712,55.658644],[-160.130445,55.681419],[-160.058443,55.721734],[-160.049417,55.757588],[-160.048711,55.772061],[-160.026282,55.792295],[-160.010322,55.797087],[-159.937089,55.803306],[-159.892319,55.785096],[-159.862484,55.787629],[-159.847359,55.80253],[-159.85075,55.824076],[-159.858456,55.841793],[-159.838981,55.852412],[-159.81107,55.85657],[-159.712816,55.846392],[-159.643739,55.830424],[-159.607973,55.8129],[-159.602148,55.805004],[-159.627482,55.803248],[-159.673191,55.750961],[-159.676761,55.737357],[-159.680635,55.68134],[-159.679201,55.655895],[-159.644656,55.652469],[-159.635866,55.644398],[-159.626772,55.629412],[-159.639619,55.617915],[-159.667511,55.614825],[-159.673432,55.61735],[-159.72415,55.614549],[-159.735196,55.610933],[-159.744495,55.600018],[-159.733899,55.569985],[-159.696713,55.573306],[-159.61777,55.595798],[-159.545115,55.646517],[-159.530117,55.665394],[-159.535961,55.689831],[-159.552016,55.704794],[-159.551432,55.711543],[-159.537152,55.728459],[-159.503768,55.747878],[-159.494404,55.765798],[-159.498022,55.855299],[-159.534415,55.881299],[-159.528349,55.888458],[-159.493883,55.900109],[-159.482226,55.901826],[-159.453945,55.89682],[-159.465282,55.852845],[-159.471973,55.843506],[-159.470216,55.828911],[-159.434787,55.792909],[-159.411505,55.788911],[-159.404326,55.796992],[-159.40938,55.810434],[-159.406126,55.831956],[-159.400096,55.852357],[-159.374842,55.871522],[-159.347681,55.877802],[-159.271514,55.890704],[-159.138748,55.90932],[-158.999598,55.927011],[-158.909396,55.934887],[-158.898116,55.951041],[-158.854132,56.003343],[-158.747305,56.009908],[-158.729567,56.002854],[-158.735348,55.996208],[-158.751215,55.963759],[-158.737009,55.953313],[-158.673246,55.951485],[-158.653214,55.958615],[-158.639497,55.98607],[-158.636689,56.005007],[-158.638704,56.015932],[-158.651674,56.031358],[-158.660914,56.034928],[-158.666818,56.078415],[-158.659738,56.098553],[-158.628303,56.120943],[-158.600405,56.130444],[-158.575042,56.121129],[-158.594188,56.110445],[-158.598367,56.048822],[-158.59562,56.045252],[-158.50984,55.979617],[-158.49905,55.981685],[-158.495114,55.989207],[-158.494015,56.00732],[-158.50485,56.015544],[-158.501967,56.02517],[-158.467335,56.027219],[-158.445696,55.99758],[-158.431471,55.994452],[-158.413645,56.004951],[-158.407723,56.014521],[-158.417889,56.036796],[-158.448413,56.055278],[-158.472706,56.087583],[-158.475258,56.093405],[-158.46181,56.106644],[-158.439944,56.10778],[-158.431105,56.100264],[-158.438644,56.093672],[-158.424451,56.068899],[-158.394922,56.064721],[-158.395996,56.109834],[-158.374324,56.134522],[-158.314128,56.163697],[-158.237025,56.187387],[-158.117797,56.230742],[-158.119493,56.241995],[-158.17493,56.236227],[-158.19096,56.226407],[-158.264792,56.209597],[-158.331039,56.213609],[-158.339765,56.217807],[-158.334506,56.23294],[-158.276842,56.248698],[-158.253331,56.253125],[-158.21654,56.269451],[-158.203083,56.283833],[-158.207387,56.294354],[-158.322563,56.325242],[-158.338137,56.323923],[-158.397337,56.328921],[-158.432795,56.343505],[-158.489546,56.341865],[-158.50204,56.365178],[-158.498837,56.38011],[-158.402954,56.455193],[-158.328798,56.484208],[-158.284699,56.481089],[-158.246144,56.466124],[-158.12744,56.460805],[-158.118682,56.466558],[-158.111603,56.49011],[-158.131729,56.501944],[-158.11957,56.518346],[-158.112276,56.521322],[-158.027621,56.511779],[-157.954625,56.515845],[-157.886126,56.487805],[-157.859766,56.483668],[-157.823072,56.501982],[-157.817826,56.51421],[-157.828139,56.546332],[-157.83842,56.56076],[-157.906647,56.590925],[-157.958745,56.588304],[-157.975222,56.585722],[-158.001041,56.572097],[-158.039356,56.574884],[-158.042839,56.58185],[-158.042012,56.596744],[-157.933988,56.654571],[-157.920045,56.658636],[-157.763698,56.679247],[-157.736799,56.675616],[-157.715998,56.648492],[-157.705382,56.62878],[-157.674587,56.609507],[-157.636018,56.612838],[-157.615041,56.62002],[-157.589315,56.622262],[-157.546085,56.619025],[-157.536486,56.615317],[-157.496523,56.616897],[-157.466497,56.623266],[-157.452196,56.638863],[-157.45216,56.64322],[-157.48099,56.671419],[-157.507589,56.667169],[-157.542295,56.67532],[-157.550792,56.681029],[-157.563802,56.703426],[-157.551196,56.730314],[-157.530765,56.753775],[-157.517478,56.760839],[-157.41344,56.769185],[-157.411488,56.778351],[-157.41856,56.799821],[-157.436358,56.803781],[-157.447768,56.801246],[-157.462361,56.809603],[-157.472407,56.833356],[-157.45759,56.848204],[-157.436932,56.858522],[-157.405679,56.864216],[-157.378771,56.861696],[-157.332735,56.838398],[-157.298283,56.818567],[-157.283764,56.800766],[-157.201724,56.767511],[-157.161372,56.774134],[-157.140277,56.790874],[-157.14099,56.802275],[-157.163272,56.823542],[-157.159494,56.833477],[-157.073453,56.838345],[-157.034624,56.884487],[-157.00595,56.90422],[-156.986171,56.911131],[-156.935629,56.920087],[-156.935692,56.954873],[-156.909725,56.965581],[-156.886307,56.964869],[-156.885372,56.953284],[-156.839322,56.901854],[-156.825982,56.897667],[-156.804432,56.905881],[-156.79731,56.911717],[-156.786802,56.941443],[-156.788341,56.960693],[-156.781421,56.971879],[-156.753642,56.991225],[-156.63784,56.993905],[-156.555077,56.98355],[-156.5472,56.986488],[-156.547667,57.004629],[-156.562827,57.020314],[-156.535587,57.047905],[-156.509239,57.054911],[-156.441599,57.085158],[-156.44461,57.100087],[-156.456497,57.106041],[-156.43511,57.12743],[-156.368524,57.149986],[-156.357358,57.15757],[-156.334404,57.1823],[-156.3413,57.191857],[-156.355756,57.192844],[-156.388592,57.20662],[-156.398751,57.214756],[-156.401488,57.233169],[-156.399423,57.241627],[-156.376507,57.252284],[-156.358139,57.252188],[-156.342943,57.248056],[-156.332718,57.265192],[-156.32191,57.293369],[-156.336427,57.336081],[-156.420864,57.311142],[-156.507301,57.281164],[-156.538684,57.283041],[-156.551239,57.2908],[-156.539718,57.320059],[-156.533544,57.328527],[-156.511412,57.33502],[-156.481632,57.338705],[-156.377439,57.390865],[-156.339425,57.417641],[-156.254462,57.438961],[-156.226886,57.440667],[-156.211485,57.459475],[-156.210883,57.474409],[-156.183932,57.482112],[-156.13748,57.471734],[-156.099067,57.443691],[-156.091668,57.439829],[-156.021875,57.43966],[-156.014396,57.455285],[-156.036722,57.470941],[-156.045324,57.487037],[-156.048584,57.500808],[-156.044031,57.564455],[-156.033806,57.569883],[-156.010818,57.571379],[-155.988113,57.558328],[-155.985988,57.553721],[-155.96789,57.544429],[-155.945812,57.539249],[-155.915261,57.535331],[-155.877856,57.547173],[-155.786939,57.547007],[-155.732779,57.549732],[-155.730951,57.588562],[-155.735509,57.594149],[-155.724167,57.633445],[-155.699986,57.642085],[-155.629912,57.656376],[-155.615203,57.688074],[-155.626373,57.693623],[-155.634543,57.704764],[-155.635323,57.715441],[-155.617188,57.769715],[-155.609353,57.777699],[-155.585411,57.786981],[-155.568437,57.789511],[-155.545676,57.786769],[-155.533627,57.77688],[-155.506533,57.76097],[-155.468287,57.744637],[-155.37861,57.710766],[-155.305814,57.72405],[-155.291651,57.735809],[-155.284691,57.757388],[-155.310981,57.764811],[-155.334944,57.780692],[-155.341235,57.819644],[-155.326369,57.830545],[-155.272917,57.823981],[-155.237933,57.827131],[-155.15242,57.855375],[-155.097095,57.865356],[-155.082139,57.872248],[-155.068148,57.883773],[-155.061806,57.90433],[-155.094686,57.92928],[-155.118648,57.953925],[-155.026275,57.999302],[-154.990431,58.013424],[-154.891812,58.027676],[-154.876559,58.027722],[-154.82823,58.018849],[-154.819518,58.003494],[-154.807767,58.000939],[-154.765287,58.00371],[-154.745581,58.01222],[-154.730726,58.021837],[-154.72898,58.038455],[-154.716162,58.055256],[-154.676108,58.065114],[-154.653383,58.064037],[-154.644666,58.056433],[-154.650618,58.045387],[-154.643965,58.033147],[-154.581547,58.019285],[-154.568627,58.025787],[-154.539367,58.055887],[-154.501246,58.050112],[-154.477979,58.052379],[-154.462929,58.05835],[-154.449212,58.093218],[-154.452096,58.121582],[-154.466436,58.142328],[-154.460121,58.146067],[-154.436518,58.148294],[-154.42657,58.144901],[-154.384327,58.120823],[-154.340449,58.090921],[-154.291163,58.13568],[-154.269027,58.12877],[-154.222465,58.132566],[-154.210078,58.136062],[-154.21625,58.142849],[-154.241874,58.156328],[-154.219755,58.184631],[-154.177652,58.189832],[-154.145277,58.210931],[-154.103412,58.280161],[-154.149073,58.314539],[-154.177161,58.32147],[-154.175194,58.344527],[-154.167997,58.358378],[-154.150373,58.357581],[-154.133866,58.350632],[-154.097254,58.345322],[-153.999323,58.376372],[-153.985416,58.390877],[-154.007305,58.402187],[-154.040013,58.404297],[-154.055759,58.418782],[-154.07066,58.440018],[-154.075235,58.458106],[-154.073032,58.478259],[-154.056526,58.489222],[-154.001918,58.492346],[-153.977617,58.491931],[-153.96037,58.487831],[-153.934852,58.494414],[-153.909588,58.514562],[-153.919134,58.516659],[-153.902558,58.597377],[-153.897155,58.606237],[-153.851432,58.611872],[-153.832837,58.611671],[-153.806232,58.606595],[-153.771636,58.605639],[-153.677597,58.611603],[-153.601257,58.634633],[-153.591635,58.640084],[-153.577544,58.670532],[-153.55265,58.687176],[-153.477755,58.712767],[-153.458816,58.708561],[-153.445002,58.70931],[-153.426641,58.721127],[-153.402472,58.742607],[-153.385126,58.766173],[-153.37073,58.799301],[-153.369389,58.821255],[-153.358917,58.836767],[-153.34483,58.846953],[-153.317823,58.847441],[-153.25225,58.85585],[-153.267407,58.867218],[-153.286163,58.863077],[-153.294726,58.865432],[-153.322843,58.907849],[-153.33478,58.920521],[-153.352283,58.921705],[-153.365371,58.927753],[-153.388765,58.945337],[-153.398479,58.966056],[-153.422015,58.970648],[-153.438144,58.969911],[-153.463266,58.986903],[-153.479939,58.995286],[-153.505618,58.981734],[-153.523522,58.979221],[-153.547283,58.983716],[-153.616066,59.006737],[-153.648029,59.028924],[-153.695664,59.073994],[-153.704162,59.07578],[-153.746201,59.065199],[-153.750936,59.05284],[-153.793972,59.071416],[-153.809866,59.070797],[-153.815724,59.064851],[-153.83818,59.055296],[-153.850238,59.052917],[-153.932824,59.062677],[-153.949958,59.066782],[-154.008547,59.072904],[-154.063489,59.07214],[-154.108278,59.036827],[-154.132449,59.024745],[-154.158207,59.017853],[-154.171462,59.021963],[-154.18958,59.044207],[-154.197422,59.061155],[-154.195271,59.069491],[-154.171502,59.083423],[-154.166745,59.100548],[-154.173669,59.1202],[-154.180691,59.123235],[-154.227238,59.125407],[-154.251233,59.111239],[-154.263291,59.138462],[-154.214818,59.151562],[-154.172944,59.172496],[-154.130585,59.210503],[-154.141192,59.216598],[-154.13684,59.262666],[-154.113577,59.299627],[-154.077942,59.313364],[-154.030807,59.32704],[-154.028739,59.337381],[-154.033703,59.343999],[-154.103014,59.342719],[-154.121394,59.353099],[-154.117672,59.365508],[-154.087803,59.367967],[-154.062453,59.382753],[-154.044563,59.388295],[-154.025696,59.381521],[-153.998506,59.384723],[-153.990003,59.396777],[-153.959893,59.39685],[-153.945539,59.386061],[-153.925307,59.405254],[-153.896576,59.418486],[-153.862199,59.424124],[-153.823384,59.418035],[-153.807119,59.419466],[-153.747201,59.429657],[-153.727546,59.435346],[-153.699025,59.463603],[-153.706419,59.477994],[-153.733853,59.505754],[-153.766242,59.522342],[-153.76148,59.543411],[-153.719309,59.550264],[-153.650943,59.555427],[-153.585406,59.551475],[-153.577828,59.555991],[-153.555148,59.587858],[-153.553163,59.597046],[-153.558292,59.60579],[-153.592193,59.610842],[-153.609253,59.62164],[-153.604813,59.638734],[-153.586518,59.651541],[-153.563866,59.638903],[-153.542466,59.630236],[-153.476098,59.64273],[-153.464556,59.651712],[-153.444003,59.689957],[-153.442219,59.71742],[-153.44962,59.74381],[-153.458549,59.764467],[-153.454972,59.792099],[-153.439977,59.784652],[-153.374778,59.731587],[-153.378235,59.688936],[-153.384886,59.667188],[-153.393849,59.658847],[-153.415507,59.650918],[-153.418099,59.642147],[-153.409422,59.636328],[-153.392022,59.638856],[-153.366613,59.633729],[-153.342938,59.621312],[-153.308837,59.625706],[-153.298205,59.636345],[-153.314002,59.666336],[-153.286525,59.670251],[-153.275175,59.667303],[-153.26274,59.643426],[-153.240018,59.632426],[-153.214156,59.634271],[-153.155019,59.654344],[-153.12174,59.678009],[-153.10894,59.678316],[-153.051559,59.691562],[-153.031319,59.723625],[-152.994466,59.791261],[-152.992126,59.810027],[-153.003964,59.826747],[-153.021945,59.834133],[-153.088515,59.833376],[-153.113586,59.815631],[-153.144372,59.807616],[-153.182307,59.822389],[-153.217481,59.824721],[-153.236556,59.821867],[-153.257736,59.810807],[-153.278535,59.810924],[-153.285802,59.820535],[-153.278808,59.828066],[-153.256944,59.83649],[-153.212865,59.862784],[-153.144747,59.859829],[-153.079187,59.871103],[-153.046986,59.882425],[-153.002521,59.886726],[-152.967267,59.881494],[-152.950662,59.876759],[-152.920417,59.877741],[-152.900414,59.881812],[-152.882672,59.881986],[-152.860867,59.875033],[-152.810058,59.878322],[-152.806934,59.888029],[-152.793584,59.89672],[-152.745083,59.904232],[-152.706431,59.915284],[-152.693674,59.932773],[-152.679402,59.968054],[-152.649479,59.988253],[-152.611651,60.008521],[-152.608599,60.025429],[-152.590169,60.035978],[-152.575153,60.04826],[-152.569121,60.071748],[-152.575271,60.082363],[-152.596784,60.101071],[-152.634972,60.115799],[-152.658418,60.121591],[-152.686373,60.137717],[-152.674176,60.151731],[-152.678085,60.163504],[-152.699879,60.165272],[-152.734251,60.174801],[-152.749545,60.189552],[-152.754884,60.21091],[-152.743388,60.224323],[-152.747026,60.233311],[-152.715881,60.241274],[-152.698634,60.240661],[-152.670403,60.24432],[-152.660055,60.242004],[-152.642361,60.228766],[-152.627683,60.2257],[-152.624648,60.218687],[-152.556752,60.224217],[-152.549236,60.227631],[-152.539843,60.241644],[-152.528206,60.251346],[-152.481794,60.274681],[-152.456291,60.284042],[-152.42113,60.285331],[-152.411281,60.287864],[-152.392009,60.302108],[-152.385979,60.315845],[-152.386334,60.327889],[-152.376743,60.345613],[-152.366213,60.353304],[-152.315855,60.359071],[-152.300622,60.369604],[-152.234199,60.393888],[-152.30195,60.414328],[-152.312226,60.420397],[-152.330263,60.443134],[-152.333375,60.460641],[-152.331365,60.473525],[-152.309221,60.506384],[-152.261497,60.538237],[-152.195084,60.569675],[-152.163517,60.576934],[-152.13616,60.578475],[-152.11414,60.634069],[-152.079433,60.692804],[-151.968381,60.72834],[-151.961757,60.721431],[-151.948287,60.722476],[-151.944439,60.73305],[-151.923384,60.733735],[-151.915911,60.730245],[-151.916914,60.717916],[-151.870471,60.727284],[-151.848614,60.733976],[-151.864958,60.750458],[-151.851967,60.754074],[-151.831185,60.747303],[-151.811286,60.732222],[-151.760301,60.721441],[-151.744321,60.712403],[-151.716379,60.710415],[-151.705553,60.718052],[-151.703802,60.732376],[-151.751817,60.788729],[-151.77731,60.810461],[-151.796723,60.838734],[-151.800264,60.853672],[-151.783271,60.868713],[-151.736015,60.891507],[-151.720815,60.904257],[-151.713913,60.916546],[-151.692644,60.917743],[-151.679518,60.922491],[-151.641066,60.942177],[-151.621005,60.957453],[-151.573698,60.975876],[-151.538227,60.991835],[-151.4803,61.010902],[-151.42512,61.013107],[-151.362243,61.009412],[-151.33092,61.015124],[-151.307796,61.031008],[-151.293622,61.035715],[-151.252384,61.039968],[-151.190318,61.042737],[-151.166606,61.046404],[-151.142587,61.062778],[-151.121692,61.083574],[-151.119722,61.091117],[-151.0785,61.133381],[-151.072775,61.141669],[-151.024905,61.178391],[-150.990086,61.188907],[-150.960114,61.194037],[-150.946243,61.208644],[-150.926773,61.206351],[-150.895905,61.208915],[-150.848842,61.220588],[-150.827295,61.22839],[-150.711291,61.251089],[-150.690497,61.259297],[-150.67125,61.273652],[-150.66262,61.295356],[-150.646221,61.296689],[-150.628459,61.284407],[-150.606961,61.277732],[-150.590166,61.281487],[-150.56167,61.281487],[-150.495726,61.251245],[-150.468812,61.244627],[-150.425,61.245552],[-150.394411,61.249107],[-150.334576,61.251301],[-150.303688,61.257467],[-150.286978,61.257443],[-150.273575,61.251559],[-150.204894,61.259548],[-150.132634,61.257915],[-150.074793,61.2535],[-149.985874,61.237515],[-149.987002,61.222753],[-150.009941,61.203637],[-150.068004,61.166132],[-150.075451,61.156269],[-150.065646,61.151079],[-150.039304,61.144291],[-149.9601,61.115346],[-149.915666,61.101428],[-149.857168,61.07902],[-149.831922,61.076197],[-149.805816,61.058641],[-149.784393,61.038147],[-149.739692,61.016961],[-149.735376,60.987813],[-149.753082,60.962059],[-149.770264,60.967607],[-149.853693,60.967395],[-149.875188,60.960244],[-149.912166,60.937843],[-149.952655,60.930393],[-150.039866,60.920777],[-150.04557,60.910004],[-150.187657,60.924796],[-150.217179,60.930001],[-150.244072,60.938585],[-150.262096,60.947839],[-150.286369,60.966696],[-150.310334,60.989547],[-150.341709,61.024201],[-150.353702,61.031822],[-150.377171,61.039144],[-150.401859,61.036227],[-150.454661,61.016566],[-150.501923,61.007957],[-150.515058,60.999443],[-150.582471,60.982095],[-150.603069,60.974434],[-150.678438,60.958267],[-150.705812,60.937792],[-150.770594,60.911362],[-150.808418,60.891336],[-150.845731,60.877893],[-150.883774,60.861865],[-150.895508,60.853166],[-151.012016,60.80934],[-151.025634,60.797497],[-151.062558,60.787429],[-151.106079,60.783749],[-151.212186,60.780342],[-151.252902,60.773993],[-151.261319,60.769801],[-151.261383,60.757768],[-151.279635,60.747676],[-151.30923,60.740724],[-151.370515,60.733572],[-151.40927,60.720558],[-151.410273,60.711023],[-151.404451,60.695004],[-151.387839,60.674501],[-151.362397,60.653526],[-151.345508,60.622954],[-151.339069,60.594244],[-151.323951,60.574135],[-151.303125,60.561326],[-151.268373,60.548977],[-151.264461,60.543263],[-151.280992,60.512627],[-151.283967,60.452196],[-151.299782,60.385481],[-151.30609,60.387257],[-151.366874,60.372655],[-151.381604,60.358728],[-151.383231,60.326348],[-151.381959,60.296951],[-151.387919,60.267066],[-151.406607,60.228183],[-151.421702,60.212931],[-151.488721,60.167616],[-151.517887,60.145008],[-151.545579,60.128394],[-151.606881,60.099558],[-151.623799,60.088033],[-151.661437,60.057139],[-151.702898,60.032253],[-151.71801,60.009473],[-151.742742,59.944626],[-151.757693,59.917637],[-151.777855,59.897493],[-151.803059,59.878533],[-151.813619,59.844297],[-151.83334,59.814129],[-151.857339,59.791145],[-151.867713,59.778411],[-151.869468,59.769159],[-151.859327,59.749567],[-151.829137,59.720151],[-151.7963,59.704156],[-151.746815,59.686234],[-151.686486,59.660864],[-151.643061,59.646966],[-151.503822,59.633662],[-151.461253,59.643039],[-151.441127,59.653543],[-151.43661,59.66636],[-151.42484,59.670521],[-151.377054,59.681313],[-151.329812,59.683644],[-151.214539,59.729847],[-151.172439,59.751346],[-151.113845,59.777231],[-151.063758,59.793146],[-151.027756,59.796196],[-151.006717,59.792986],[-150.982996,59.783543],[-150.948132,59.792194],[-150.927312,59.793431],[-151.018888,59.756593],[-151.098253,59.709442],[-151.11649,59.696132],[-151.126122,59.668336],[-151.173984,59.651793],[-151.203186,59.645989],[-151.205459,59.630284],[-151.188032,59.608687],[-151.165427,59.601329],[-151.158254,59.594141],[-151.192803,59.562432],[-151.208364,59.562061],[-151.20913,59.573623],[-151.201678,59.591503],[-151.274795,59.596986],[-151.278905,59.589029],[-151.264811,59.568598],[-151.272459,59.555823],[-151.32367,59.550943],[-151.365776,59.541255],[-151.420966,59.537728],[-151.436359,59.530329],[-151.46963,59.502811],[-151.466272,59.48405],[-151.470992,59.47225],[-151.50589,59.477048],[-151.542349,59.467061],[-151.570032,59.468945],[-151.634472,59.482443],[-151.694726,59.46837],[-151.706462,59.462811],[-151.720421,59.443117],[-151.740538,59.438432],[-151.75142,59.446554],[-151.770875,59.447917],[-151.826047,59.439049],[-151.886513,59.421033],[-151.908015,59.395274],[-151.887102,59.382532],[-151.890738,59.373156],[-151.903021,59.360454],[-151.924018,59.354417],[-151.952705,59.349413],[-151.96313,59.344958],[-151.991618,59.313617],[-151.978748,59.253779],[-151.959279,59.247625],[-151.925051,59.254428],[-151.905106,59.247075],[-151.906191,59.237963],[-151.915684,59.227522],[-151.874356,59.211931],[-151.838335,59.209135],[-151.761301,59.221327],[-151.764908,59.17551],[-151.748451,59.158601],[-151.720931,59.156078],[-151.698875,59.163081],[-151.590729,59.161725],[-151.576452,59.172601],[-151.579261,59.187666],[-151.574664,59.195327],[-151.558151,59.200085],[-151.521455,59.195483],[-151.502657,59.195071],[-151.497805,59.204264],[-151.504699,59.21269],[-151.520245,59.21693],[-151.525127,59.224947],[-151.509551,59.234395],[-151.488612,59.237714],[-151.449207,59.248457],[-151.437695,59.253989],[-151.429415,59.268552],[-151.407203,59.279349],[-151.390544,59.264917],[-151.387261,59.25045],[-151.379612,59.242024],[-151.341601,59.222231],[-151.305724,59.209544],[-151.292812,59.214273],[-151.287063,59.224789],[-151.273779,59.229663],[-151.261636,59.220304],[-151.223629,59.224347],[-151.206053,59.219319],[-151.186254,59.202813],[-151.163408,59.202636],[-151.126247,59.209923],[-151.107558,59.217792],[-151.101102,59.240605],[-151.105635,59.263143],[-151.087319,59.26879],[-151.068166,59.284102],[-151.070305,59.287852],[-151.057756,59.301721],[-151.0461,59.299359],[-151.03243,59.275762],[-151.023097,59.269045],[-150.999063,59.271082],[-150.996808,59.257739],[-151.007292,59.251577],[-151.006682,59.233292],[-151.001196,59.224149],[-150.975164,59.236141],[-150.959531,59.232537],[-150.942212,59.233136],[-150.897808,59.255648],[-150.887821,59.26792],[-150.895552,59.286227],[-150.912817,59.305214],[-150.911598,59.311614],[-150.877447,59.31812],[-150.834627,59.35198],[-150.79547,59.362845],[-150.769853,59.372966],[-150.745004,59.400729],[-150.739958,59.425211],[-150.729062,59.442197],[-150.716564,59.450849],[-150.683235,59.458541],[-150.656329,59.454437],[-150.650046,59.420885],[-150.601162,59.425657],[-150.581182,59.445233],[-150.585567,59.450057],[-150.584342,59.467715],[-150.579595,59.47954],[-150.584636,59.49451],[-150.615152,59.510199],[-150.631577,59.521575],[-150.638704,59.532056],[-150.639543,59.547149],[-150.631158,59.549245],[-150.60223,59.545891],[-150.589315,59.565154],[-150.575818,59.579431],[-150.556114,59.590331],[-150.537248,59.581108],[-150.533056,59.56308],[-150.549825,59.538764],[-150.550245,59.527026],[-150.536119,59.498457],[-150.522994,59.494744],[-150.515867,59.482167],[-150.521626,59.474672],[-150.516317,59.462326],[-150.4989,59.456298],[-150.478742,59.458498],[-150.431518,59.514287],[-150.412448,59.554628],[-150.355493,59.598412],[-150.347696,59.600928],[-150.317651,59.599389],[-150.315831,59.562992],[-150.334029,59.541154],[-150.343128,59.512036],[-150.310371,59.508397],[-150.253956,59.521136],[-150.223019,59.539334],[-150.168424,59.561172],[-150.108369,59.603028],[-150.09563,59.648524],[-150.068332,59.637605],[-150.031935,59.613947],[-150.022836,59.655804],[-150.002818,59.683101],[-149.962781,59.69766],[-149.948223,59.717678],[-149.97916,59.744976],[-150.015557,59.754075],[-150.042854,59.772274],[-150.028296,59.788652],[-149.97734,59.801391],[-149.889988,59.785013],[-149.839032,59.752255],[-149.842672,59.7013],[-149.798304,59.677545],[-149.778024,59.68593],[-149.75911,59.697825],[-149.75168,59.717678],[-149.738941,59.732237],[-149.7535,59.861446],[-149.706184,59.910582],[-149.666147,59.850527],[-149.640669,59.799571],[-149.598813,59.755895],[-149.527839,59.750436],[-149.511461,59.806851],[-149.542398,59.823229],[-149.584254,59.866905],[-149.549677,59.919681],[-149.507429,59.964519],[-149.475659,59.952698],[-149.462855,59.950151],[-149.435027,59.990655],[-149.416829,59.997934],[-149.416829,60.088926],[-149.393171,60.099845],[-149.360414,60.101665],[-149.341584,60.076762],[-149.325822,60.001033],[-149.327029,59.987029],[-149.287588,59.906506],[-149.23539,59.938792],[-149.223781,59.982763],[-149.204853,60.009212],[-149.133115,60.044918],[-149.096621,60.044631],[-149.0587,60.061419],[-149.04929,60.0587],[-149.037439,60.04053],[-149.041599,60.030726],[-149.072716,60.019653],[-149.102321,59.993149],[-149.09507,59.983019],[-149.067833,59.982177],[-149.043265,59.999115],[-149.031273,59.998492],[-149.028418,59.978821],[-149.01679,59.976134],[-148.990301,59.981013],[-148.977589,59.989881],[-148.957554,59.998371],[-148.938327,59.999074],[-148.912676,59.992894],[-148.913089,59.983207],[-148.888537,59.966362],[-148.884265,59.955388],[-148.872181,59.950321],[-148.838304,59.9499],[-148.810654,59.963105],[-148.801223,59.975844],[-148.749742,59.988497],[-148.737453,59.980879],[-148.727688,59.96505],[-148.715511,59.96212],[-148.668146,59.973497],[-148.66083,59.969735],[-148.675485,59.95207],[-148.673822,59.944828],[-148.635842,59.939661],[-148.599121,59.950889],[-148.555253,59.980657],[-148.556294,59.984931],[-148.544134,60.002809],[-148.508825,60.002875],[-148.480436,59.999394],[-148.476974,59.989515],[-148.482505,59.983308],[-148.470205,59.973708],[-148.445588,59.963755],[-148.429106,59.969158],[-148.401204,59.9976],[-148.382325,60.063299],[-148.369109,60.120922],[-148.358188,60.15651],[-148.346535,60.162108],[-148.316849,60.165437],[-148.292816,60.151289],[-148.290367,60.059995],[-148.305725,60.054468],[-148.317941,60.028731],[-148.273844,60.013318],[-148.212668,60.018101],[-148.175808,60.026337],[-148.138918,60.012416],[-148.128693,60.003442],[-148.1323,59.997697],[-148.147614,59.994952],[-148.193842,59.998979],[-148.213497,59.994643],[-148.252869,59.955614],[-148.224838,59.950195],[-148.153742,59.954643],[-148.104818,59.969237],[-148.08582,59.977512],[-148.069919,59.989098],[-148.056373,59.990423],[-148.050706,59.968908],[-148.036776,59.956664],[-148.005827,59.961542],[-147.917538,59.985997],[-147.863929,60.006619],[-147.823738,60.045035],[-147.815238,60.058562],[-147.822043,60.066955],[-147.848072,60.078962],[-147.879679,60.069593],[-147.892229,60.063265],[-147.924401,60.03623],[-147.986164,59.999344],[-148.016035,59.999344],[-148.023817,60.007108],[-148.013551,60.038159],[-147.998659,60.062305],[-147.973112,60.064636],[-147.892576,60.101161],[-147.887734,60.109683],[-147.89232,60.119515],[-147.912824,60.132576],[-147.961701,60.1409],[-148.01227,60.124734],[-148.040178,60.112361],[-148.053431,60.090762],[-148.079466,60.073251],[-148.095719,60.065935],[-148.121797,60.073548],[-148.09723,60.12012],[-148.064401,60.148508],[-148.032495,60.148423],[-148.006656,60.168461],[-148.003433,60.176167],[-148.051918,60.202062],[-148.082874,60.192357],[-148.080188,60.171568],[-148.090876,60.168649],[-148.126291,60.167063],[-148.130641,60.169789],[-148.133624,60.18839],[-148.1173,60.191335],[-148.090238,60.215863],[-148.139869,60.241081],[-148.153037,60.235528],[-148.158947,60.211675],[-148.165099,60.206173],[-148.19053,60.206957],[-148.234227,60.223689],[-148.228931,60.235911],[-148.200779,60.236711],[-148.188298,60.248574],[-148.208328,60.259342],[-148.216863,60.260006],[-148.275752,60.24927],[-148.321208,60.218469],[-148.339155,60.21335],[-148.3621,60.221849],[-148.325572,60.261824],[-148.312625,60.263084],[-148.284807,60.270971],[-148.215152,60.301014],[-148.211194,60.306961],[-148.216921,60.331594],[-148.192669,60.339103],[-148.170881,60.335266],[-148.150231,60.324182],[-148.153624,60.3116],[-148.150132,60.29621],[-148.115864,60.279522],[-148.064494,60.276233],[-148.025597,60.279029],[-147.992939,60.352596],[-147.941709,60.444029],[-147.97725,60.480937],[-147.963617,60.50275],[-147.979019,60.519146],[-148.086378,60.595518],[-148.114766,60.596029],[-148.192033,60.557371],[-148.238554,60.521443],[-148.250132,60.507573],[-148.247867,60.500504],[-148.255425,60.49341],[-148.293534,60.483001],[-148.328987,60.476182],[-148.346378,60.48873],[-148.345627,60.502973],[-148.333245,60.530464],[-148.306123,60.550702],[-148.292837,60.565496],[-148.254852,60.595124],[-148.237828,60.600206],[-148.229961,60.595062],[-148.142596,60.622632],[-148.093732,60.661533],[-148.091315,60.676249],[-148.106987,60.73977],[-148.120366,60.748952],[-148.147662,60.758536],[-148.229756,60.76414],[-148.269523,60.757389],[-148.280136,60.753337],[-148.326357,60.709539],[-148.347881,60.680327],[-148.374018,60.67264],[-148.384094,60.687754],[-148.365314,60.740969],[-148.366407,60.765833],[-148.381999,60.775768],[-148.405576,60.780301],[-148.431078,60.771842],[-148.441666,60.777956],[-148.45089,60.789487],[-148.446278,60.808705],[-148.426555,60.827113],[-148.396614,60.813694],[-148.389517,60.805622],[-148.35046,60.803991],[-148.340711,60.809072],[-148.30971,60.837737],[-148.294475,60.862751],[-148.281248,60.917792],[-148.265584,60.936331],[-148.241664,60.937738],[-148.218954,60.953573],[-148.19897,60.971584],[-148.177649,60.999608],[-148.164452,61.042665],[-148.165969,61.069277],[-148.149024,61.076672],[-148.125128,61.070698],[-148.09009,61.00511],[-148.065505,61.003979],[-148.003216,61.053797],[-147.991241,61.069533],[-147.973392,61.067391],[-147.961969,61.059537],[-147.947785,61.040625],[-147.950619,61.029211],[-148.017276,60.971807],[-148.065132,60.937963],[-148.08522,60.918613],[-148.101841,60.899347],[-148.148298,60.828701],[-148.151597,60.818122],[-148.144355,60.797089],[-148.133987,60.791268],[-148.098148,60.786556],[-148.033953,60.783198],[-147.920445,60.812442],[-147.913399,60.825152],[-147.85592,60.820882],[-147.828765,60.815947],[-147.777157,60.811018],[-147.743256,60.813887],[-147.729421,60.818252],[-147.750212,60.852141],[-147.766961,60.853544],[-147.787115,60.873511],[-147.760843,60.913227],[-147.730391,60.911256],[-147.665855,60.883774],[-147.66296,60.874951],[-147.677292,60.86996],[-147.668593,60.841563],[-147.626585,60.845065],[-147.602405,60.849978],[-147.587309,60.874463],[-147.597749,60.913905],[-147.613846,60.951496],[-147.6188,60.97004],[-147.59126,61.016591],[-147.557226,61.081402],[-147.558201,61.099797],[-147.525097,61.101176],[-147.513776,61.096127],[-147.502323,61.072056],[-147.515782,61.061408],[-147.534034,61.03109],[-147.536798,61.019346],[-147.549756,60.908009],[-147.517424,60.894819],[-147.493812,60.912379],[-147.507268,60.927235],[-147.491546,60.957998],[-147.47309,60.957552],[-147.453406,60.941468],[-147.451569,60.894219],[-147.378086,60.877845],[-147.280437,60.916963],[-147.278004,60.961063],[-147.273646,60.974595],[-147.252984,60.979621],[-147.221616,60.983541],[-147.219575,60.969505],[-147.226487,60.96216],[-147.215273,60.948077],[-147.181257,60.933099],[-147.171624,60.932877],[-147.143314,60.939831],[-147.135571,60.946248],[-147.144639,60.963492],[-147.136884,60.980968],[-147.112607,61.002974],[-147.094863,61.010189],[-147.062671,61.004336],[-147.047088,60.991209],[-147.070552,60.963312],[-147.055754,60.945468],[-147.038952,60.942079],[-146.973072,60.934835],[-146.929789,60.944263],[-146.879853,60.965161],[-146.861961,60.976177],[-146.862709,60.982523],[-146.848112,61.000587],[-146.78373,61.042936],[-146.690552,61.064076],[-146.661518,61.060776],[-146.65343,61.047752],[-146.701356,60.987009],[-146.745543,60.957582],[-146.746758,60.935454],[-146.736025,60.910301],[-146.711287,60.896465],[-146.69769,60.872534],[-146.727226,60.86627],[-146.757004,60.878454],[-146.774155,60.876225],[-146.787431,60.865597],[-146.816305,60.855628],[-146.819008,60.841568],[-146.819018,60.816346],[-146.800612,60.80516],[-146.754847,60.807882],[-146.724844,60.81212],[-146.714748,60.820385],[-146.718132,60.835667],[-146.700741,60.848345],[-146.664368,60.870854],[-146.620419,60.869019],[-146.555964,60.810066],[-146.550577,60.809402],[-146.394369,60.812271],[-146.333424,60.821921],[-146.313757,60.827833],[-146.290202,60.842694],[-146.262572,60.867787],[-146.188185,60.869374],[-146.171897,60.862823],[-146.183158,60.846969],[-146.255415,60.809962],[-146.304445,60.798038],[-146.358618,60.786193],[-146.464824,60.770722],[-146.500678,60.772113],[-146.566731,60.751198],[-146.605008,60.758608],[-146.703597,60.741903],[-146.699219,60.732176],[-146.667754,60.692761],[-146.649059,60.683438],[-146.623266,60.68042],[-146.607153,60.686377],[-146.578813,60.690212],[-146.532396,60.689748],[-146.517848,60.688102],[-146.499849,60.680134],[-146.474142,60.681539],[-146.41252,60.69045],[-146.402873,60.693084],[-146.386892,60.714598],[-146.346573,60.735747],[-146.312283,60.734401],[-146.317949,60.723817],[-146.303398,60.713214],[-146.257663,60.713068],[-146.230706,60.722008],[-146.22825,60.735643],[-146.20874,60.74439],[-146.199026,60.734359],[-146.168059,60.72535],[-146.16022,60.726383],[-146.12039,60.741981],[-146.08978,60.758156],[-146.064557,60.776944],[-146.048704,60.76377],[-146.043736,60.743636],[-146.101061,60.719277],[-146.14064,60.707652],[-146.188159,60.687333],[-146.27025,60.648035],[-146.263142,60.631932],[-146.253074,60.622315],[-146.187676,60.624521],[-146.147236,60.631407],[-146.130941,60.639181],[-146.086293,60.65203],[-146.016402,60.667222],[-145.978105,60.684712],[-145.905477,60.715045],[-145.899162,60.705642],[-145.931436,60.685478],[-145.968734,60.668235],[-145.999198,60.640832],[-146.007747,60.625326],[-146.002533,60.615082],[-145.965559,60.622748],[-145.937067,60.63049],[-145.922006,60.651954],[-145.899208,60.671118],[-145.87582,60.683453],[-145.851783,60.689858],[-145.841345,60.685893],[-145.86777,60.666784],[-145.897145,60.651214],[-145.895243,60.629213],[-145.897785,60.613653],[-145.88835,60.610304],[-145.856046,60.610936],[-145.83232,60.614851],[-145.815708,60.612217],[-145.795287,60.603151],[-145.800411,60.593996],[-145.844229,60.586509],[-145.886523,60.585713],[-145.95134,60.576779],[-146.079963,60.543056],[-146.155893,60.526296],[-146.289686,60.515692],[-146.316364,60.497499],[-146.368003,60.480671],[-146.455047,60.465318],[-146.505445,60.476961],[-146.528853,60.492135],[-146.590633,60.491039],[-146.610443,60.485613],[-146.637386,60.467178],[-146.721082,60.396416],[-146.725114,60.359939],[-146.717151,60.349598],[-146.655894,60.340462],[-146.624217,60.341407],[-146.607038,60.351673],[-146.575438,60.357272],[-146.542704,60.357974],[-146.524194,60.350667],[-146.540306,60.338811],[-146.571617,60.321755],[-146.594979,60.321203],[-146.649855,60.305063],[-146.68147,60.292247],[-146.693149,60.284593],[-146.689126,60.271279],[-146.650455,60.242982],[-146.62798,60.239633],[-146.607295,60.241182],[-146.539897,60.270968],[-146.490407,60.294939],[-146.458322,60.30725],[-146.392859,60.327476],[-146.302167,60.349234],[-146.268052,60.347958],[-146.19868,60.359928],[-146.133058,60.383774],[-146.094249,60.410296],[-146.126199,60.42429],[-146.133957,60.431523],[-146.284201,60.417656],[-146.308784,60.414246],[-146.330118,60.407098],[-146.350104,60.40778],[-146.356252,60.425527],[-146.355334,60.449349],[-146.351292,60.454293],[-146.317354,60.460608],[-146.312552,60.457438],[-146.247144,60.451188],[-146.216786,60.450228],[-146.109713,60.470345],[-146.074409,60.480085],[-146.039209,60.492968],[-145.964543,60.513557],[-145.828622,60.549746],[-145.820659,60.550051],[-145.798819,60.561918],[-145.764045,60.591588],[-145.736494,60.59521],[-145.712891,60.583249],[-145.802387,60.520173],[-145.863092,60.501821],[-145.914403,60.49235],[-145.960508,60.46751],[-145.9469,60.455395],[-145.882293,60.444633],[-145.853469,60.44563],[-145.799318,60.462031],[-145.735938,60.47466],[-145.668841,60.465431],[-145.594158,60.45183],[-145.561523,60.443124],[-145.536942,60.430533],[-145.502351,60.420811],[-145.510457,60.408988],[-145.503315,60.387954],[-145.364296,60.335961],[-145.222896,60.297911],[-145.122441,60.289876],[-145.112199,60.2962],[-145.169934,60.329987],[-145.202891,60.374915],[-145.181041,60.407531],[-145.152365,60.421558],[-145.12555,60.429389],[-145.012409,60.44792],[-144.964135,60.444466],[-144.903296,60.442581],[-144.887342,60.456048],[-144.848662,60.455192],[-144.834059,60.443751],[-144.855457,60.416886],[-144.871428,60.407269],[-144.912707,60.363178],[-144.942134,60.289728],[-144.914016,60.280934],[-144.892815,60.292821],[-144.782521,60.291972],[-144.715474,60.271215],[-144.666134,60.243885],[-144.662364,60.23948],[-144.666556,60.222572],[-144.654899,60.204882],[-144.596256,60.181666],[-144.558163,60.177797],[-144.534892,60.18942],[-144.501059,60.189815],[-144.47816,60.181595],[-144.453957,60.166004],[-144.441936,60.163069],[-144.379225,60.16909],[-144.369311,60.185659],[-144.358774,60.188132],[-144.318856,60.189295],[-144.253979,60.182934],[-144.253878,60.165894],[-144.229803,60.142788],[-144.204654,60.137301],[-144.140503,60.1144],[-144.033324,60.059533],[-144.052424,60.047001],[-144.055365,60.037003],[-144.043536,60.025174],[-144.013823,60.024398],[-143.991356,60.017725],[-143.989235,60.00883],[-143.931211,59.998343],[-143.891429,59.995798],[-143.69899,60.027761],[-143.624152,60.037257],[-143.413377,60.051924],[-143.194276,60.061995],[-143.135616,60.062082],[-143.0687,60.068603],[-142.908859,60.090328],[-142.809852,60.095217],[-142.698419,60.093333],[-142.589676,60.088182],[-142.537534,60.083953],[-142.24518,60.049778],[-142.13004,60.030327],[-142.062454,60.023781],[-141.998818,60.022606],[-141.966178,60.019129],[-141.912218,60.009779],[-141.869766,59.998834],[-141.709054,59.948938],[-141.631361,59.962762],[-141.530295,59.977655],[-141.467528,59.971272],[-141.450506,59.890419],[-141.442023,59.873324],[-141.423923,59.867361],[-141.216148,59.827285],[-141.156497,59.813582],[-141.013338,59.773338],[-140.92722,59.745709],[-140.883583,59.737613],[-140.72198,59.718563],[-140.636639,59.711409],[-140.601672,59.712953],[-140.385022,59.69948],[-140.3144,59.698302],[-140.285557,59.698717],[-140.256351,59.703052],[-140.210907,59.715535],[-140.18861,59.725248],[-140.178132,59.735628],[-140.164657,59.741878],[-140.14109,59.747979],[-140.102591,59.75491],[-139.909851,59.80607],[-139.811185,59.829332],[-139.775517,59.84521],[-139.768612,59.85116],[-139.769537,59.878108],[-139.705328,59.934826],[-139.682456,59.943984],[-139.657451,59.944727],[-139.60579,59.9556],[-139.601852,59.959866],[-139.576819,60.015425],[-139.555157,60.039243],[-139.505389,60.039428],[-139.486032,60.012407],[-139.488702,59.995034],[-139.527455,59.940047],[-139.577232,59.918265],[-139.597232,59.913652],[-139.610762,59.913759],[-139.621313,59.906725],[-139.624665,59.884388],[-139.617214,59.863576],[-139.59043,59.810232],[-139.57741,59.789332],[-139.562049,59.774887],[-139.54611,59.752667],[-139.559376,59.742699],[-139.576389,59.738179],[-139.59336,59.721503],[-139.579024,59.712198],[-139.552648,59.706835],[-139.524011,59.71251],[-139.51818,59.687814],[-139.585789,59.642765],[-139.593488,59.624317],[-139.582528,59.613542],[-139.587135,59.605959],[-139.623125,59.595909],[-139.654579,59.598015],[-139.672408,59.602894],[-139.67631,59.611249],[-139.656432,59.62121],[-139.655218,59.633497],[-139.667235,59.638803],[-139.70809,59.642657],[-139.732271,59.63686],[-139.768672,59.59761],[-139.785068,59.564043],[-139.807161,59.554333],[-139.837817,59.561984],[-139.862547,59.544258],[-139.855565,59.53666],[-139.746478,59.503415],[-139.595186,59.445413],[-139.541156,59.423071],[-139.420168,59.37976],[-139.343049,59.356608],[-139.271031,59.337421],[-138.919749,59.248531],[-138.847498,59.224835],[-138.763467,59.19132],[-138.7059,59.162549],[-138.636702,59.130585],[-138.250531,59.047031],[-138.144594,59.028072],[-138.118853,59.021307],[-138.117551,59.012494],[-138.131,59.002613],[-138.136246,58.989026],[-138.066332,58.957126],[-137.985198,58.909525],[-137.951995,58.886029],[-137.932593,58.868494],[-137.924608,58.843928],[-137.927624,58.827187],[-137.944957,58.804652],[-137.941828,58.794322],[-137.928156,58.780533],[-137.901675,58.765316],[-137.87535,58.757232],[-137.795037,58.724855],[-137.687627,58.664989],[-137.676857,58.64677],[-137.680811,58.621835],[-137.67169,58.615523],[-137.632889,58.599982],[-137.608804,58.601234],[-137.568216,58.587989],[-137.497002,58.557721],[-137.408758,58.515822],[-137.295788,58.466179],[-137.278612,58.459484],[-137.239366,58.453159],[-137.180029,58.429939],[-137.134453,58.406596],[-137.111802,58.392594],[-137.078109,58.397474],[-137.018409,58.409141],[-136.986384,58.404043],[-136.946663,58.393185],[-136.848992,58.328994],[-136.857605,58.31636],[-136.784326,58.290497],[-136.762198,58.286765],[-136.730218,58.286153],[-136.717093,58.273508],[-136.730885,58.256496],[-136.723391,58.244926],[-136.70125,58.219416],[-136.658638,58.207323],[-136.619824,58.209899],[-136.591924,58.217886],[-136.567956,58.245153],[-136.569831,58.2687],[-136.576799,58.277951],[-136.626345,58.32059],[-136.638634,58.328458],[-136.630425,58.340607],[-136.6135,58.347889],[-136.593029,58.349793],[-136.550003,58.340371],[-136.532824,58.334072],[-136.47202,58.306356],[-136.389964,58.29707],[-136.370979,58.301643],[-136.357115,58.328838],[-136.360416,58.344077],[-136.382035,58.362694],[-136.336728,58.37757],[-136.288867,58.369649],[-136.273929,58.363409],[-136.281631,58.35309],[-136.290055,58.351447],[-136.303092,58.336277],[-136.304158,58.32345],[-136.296281,58.318447],[-136.265906,58.314499],[-136.11193,58.34253],[-136.092646,58.34899],[-136.041818,58.380161],[-136.053028,58.417375],[-136.062165,58.435795],[-136.083551,58.447115],[-136.103925,58.478001],[-136.100303,58.500673],[-136.170498,58.527323],[-136.181596,58.535019],[-136.194207,58.581731],[-136.213659,58.665054],[-136.223308,58.675028],[-136.232481,58.677144],[-136.246368,58.663185],[-136.317193,58.671231],[-136.331366,58.663545],[-136.342827,58.64503],[-136.383327,58.629987],[-136.459436,58.60788],[-136.482395,58.616739],[-136.449827,58.637816],[-136.396076,58.654421],[-136.372775,58.66741],[-136.354222,58.684304],[-136.356786,58.692581],[-136.463258,58.781607],[-136.538029,58.819777],[-136.58343,58.838826],[-136.612807,58.846227],[-136.676388,58.856348],[-136.744507,58.876626],[-136.76793,58.870608],[-136.868184,58.885243],[-136.928643,58.900131],[-136.932352,58.916252],[-136.915995,58.938384],[-136.91853,58.947217],[-136.877826,58.962392],[-136.857823,58.942868],[-136.860014,58.931997],[-136.840986,58.919742],[-136.802832,58.923118],[-136.78871,58.936318],[-136.750422,58.930439],[-136.724994,58.923514],[-136.704848,58.914395],[-136.6946,58.904081],[-136.670412,58.893224],[-136.630497,58.890256],[-136.586289,58.909364],[-136.575541,58.928941],[-136.572163,58.957292],[-136.544899,58.967314],[-136.52652,58.954523],[-136.528161,58.928484],[-136.493716,58.838963],[-136.474735,58.830788],[-136.431055,58.818416],[-136.397322,58.813019],[-136.247343,58.752935],[-136.21366,58.751153],[-136.161943,58.752171],[-136.150772,58.757266],[-136.106997,58.864441],[-136.124491,58.924542],[-136.1503,58.947111],[-136.160293,58.961999],[-136.162725,58.977261],[-136.145306,58.976705],[-136.120307,58.968418],[-136.060728,58.92758],[-136.050351,58.913433],[-136.045279,58.836074],[-136.077276,58.824983],[-136.089603,58.815729],[-136.082937,58.808383],[-136.046172,58.781796],[-136.011669,58.743276],[-136.008929,58.73191],[-136.015761,58.7226],[-136.012226,58.712247],[-135.912187,58.6188],[-135.928572,58.572925],[-135.914003,58.540583],[-135.895088,58.534077],[-135.893152,58.513929],[-135.906941,58.50581],[-135.955625,58.492765],[-135.968087,58.494669],[-135.990948,58.487315],[-135.99953,58.480281],[-135.997418,58.470375],[-135.987564,58.46442],[-135.939926,58.4516],[-135.923268,58.462919],[-135.916112,58.463858],[-135.897169,58.450001],[-135.897255,58.416132],[-135.920299,58.389084],[-135.90731,58.380839],[-135.826079,58.390246],[-135.728054,58.397067],[-135.630425,58.42858],[-135.622105,58.428186],[-135.556066,58.40774],[-135.512402,58.385759],[-135.466083,58.394328],[-135.447381,58.399891]]]]}},{"type":"Feature","properties":{"NAME":"Florida"},"geometry":{"type":"MultiPolygon","coordinates":[[[[-80.250581,25.34193],[-80.240376,25.347005],[-80.238004,25.361832],[-80.221991,25.397417],[-80.204198,25.412244],[-80.184033,25.468587],[-80.173951,25.482821],[-80.174544,25.518406],[-80.179288,25.518999],[-80.188778,25.50773],[-80.191743,25.495275],[-80.189964,25.485786],[-80.192336,25.473331],[-80.199453,25.458504],[-80.20657,25.434188],[-80.21428,25.416988],[-80.226142,25.406313],[-80.246307,25.398603],[-80.25461,25.38081],[-80.256982,25.361239],[-80.275961,25.344039],[-80.289602,25.325061],[-80.292567,25.314385],[-80.315698,25.29422],[-80.328746,25.28651],[-80.339421,25.290069],[-80.364034,25.28651],[-80.368186,25.282359],[-80.342683,25.268125],[-80.333787,25.253891],[-80.337345,25.231353],[-80.3498,25.210595],[-80.369965,25.206444],[-80.387164,25.198141],[-80.391909,25.19221],[-80.387164,25.170859],[-80.395467,25.150694],[-80.403177,25.141798],[-80.41326,25.137053],[-80.446473,25.151287],[-80.447659,25.147729],[-80.433499,25.114665],[-80.433575,25.106317],[-80.450399,25.088751],[-80.476174,25.099454],[-80.47748,25.107407],[-80.484188,25.10943],[-80.494715,25.102269],[-80.481763,25.091905],[-80.465496,25.086609],[-80.460652,25.078904],[-80.481197,25.056604],[-80.495569,25.047497],[-80.509136,25.028317],[-80.524498,25.016945],[-80.545971,25.01477],[-80.54411,24.999916],[-80.558785,24.971505],[-80.570813,24.962215],[-80.581131,24.964738],[-80.597074,24.958492],[-80.621658,24.944265],[-80.623866,24.931236],[-80.641306,24.914311],[-80.660198,24.90498],[-80.659395,24.897433],[-80.635571,24.913003],[-80.611693,24.93842],[-80.588272,24.951153],[-80.571668,24.953659],[-80.565831,24.958155],[-80.537995,24.990244],[-80.494781,25.023019],[-80.48912,25.031301],[-80.493881,25.038502],[-80.47387,25.060253],[-80.462011,25.069935],[-80.443375,25.076084],[-80.431032,25.08925],[-80.428318,25.095547],[-80.399767,25.108536],[-80.377084,25.130487],[-80.35857,25.154073],[-80.349855,25.168825],[-80.354019,25.184306],[-80.351399,25.190615],[-80.307584,25.257561],[-80.288184,25.282835],[-80.268138,25.320675],[-80.260137,25.324641],[-80.250581,25.34193]]],[[[-81.582923,24.658732],[-81.614529,24.650584],[-81.614829,24.642764],[-81.637087,24.621408],[-81.655735,24.616295],[-81.66897,24.607873],[-81.678595,24.597647],[-81.694235,24.591932],[-81.705364,24.597647],[-81.71548,24.592498],[-81.715944,24.587956],[-81.730473,24.58196],[-81.739241,24.589973],[-81.748071,24.590199],[-81.773808,24.584977],[-81.794057,24.586],[-81.800676,24.570989],[-81.811386,24.56975],[-81.814446,24.56358],[-81.81289,24.546468],[-81.810333,24.544701],[-81.786157,24.54658],[-81.765993,24.552103],[-81.732511,24.556423],[-81.691575,24.559886],[-81.685278,24.558739],[-81.664209,24.573143],[-81.602998,24.586444],[-81.54645,24.614895],[-81.518595,24.620304],[-81.511165,24.625135],[-81.50874,24.64421],[-81.502992,24.660877],[-81.49858,24.66498],[-81.480504,24.659757],[-81.47641,24.653197],[-81.480951,24.645121],[-81.470411,24.641985],[-81.448623,24.640172],[-81.432315,24.645949],[-81.414187,24.647167],[-81.403319,24.640294],[-81.401946,24.623564],[-81.395096,24.621062],[-81.332831,24.639528],[-81.303113,24.651665],[-81.298028,24.656774],[-81.309664,24.665017],[-81.314787,24.691764],[-81.319282,24.701238],[-81.345881,24.70756],[-81.36041,24.708788],[-81.38558,24.726182],[-81.392947,24.743371],[-81.402769,24.749101],[-81.425483,24.752989],[-81.431009,24.751761],[-81.421595,24.737641],[-81.423028,24.731911],[-81.432032,24.722908],[-81.43858,24.727],[-81.440831,24.73539],[-81.451267,24.747464],[-81.4527,24.736209],[-81.451881,24.714518],[-81.459043,24.707355],[-81.469275,24.704286],[-81.476642,24.711244],[-81.490962,24.710105],[-81.5124,24.703737],[-81.516433,24.700341],[-81.51898,24.687818],[-81.535323,24.67954],[-81.542116,24.681026],[-81.55761,24.692488],[-81.562917,24.692912],[-81.580534,24.66914],[-81.582923,24.658732]]],[[[-82.15068,24.576331],[-82.164426,24.563375],[-82.165206,24.552159],[-82.159439,24.548212],[-82.116787,24.549144],[-82.104429,24.561167],[-82.099417,24.572522],[-82.104187,24.588256],[-82.125268,24.597426],[-82.143075,24.593395],[-82.15068,24.576331]]],[[[-81.249799,24.673357],[-81.260006,24.674848],[-81.278312,24.660448],[-81.281778,24.65375],[-81.244761,24.669202],[-81.249799,24.673357]]],[[[-80.909954,24.781154],[-80.910431,24.782324],[-80.960129,24.764226],[-80.986454,24.752749],[-80.994426,24.743991],[-81.02217,24.733091],[-81.041797,24.742965],[-81.066816,24.723926],[-81.099135,24.711993],[-81.107355,24.71276],[-81.125371,24.708291],[-81.108041,24.688592],[-81.078439,24.692382],[-81.075855,24.704266],[-81.064554,24.715453],[-81.03429,24.727341],[-81.023794,24.716901],[-81.015933,24.719881],[-80.938543,24.767535],[-80.912042,24.76505],[-80.906288,24.769867],[-80.909954,24.781154]]],[[[-81.317673,24.75729],[-81.327555,24.762315],[-81.342695,24.75625],[-81.357417,24.756834],[-81.350162,24.746524],[-81.326844,24.728375],[-81.310744,24.727068],[-81.302984,24.714199],[-81.288259,24.720881],[-81.290801,24.736862],[-81.305468,24.756612],[-81.317673,24.75729]]],[[[-80.788263,24.824218],[-80.780564,24.84052],[-80.79278,24.843918],[-80.814551,24.827953],[-80.830158,24.81428],[-80.846142,24.807488],[-80.846191,24.802968],[-80.822342,24.812629],[-80.796053,24.81194],[-80.788263,24.824218]]],[[[-80.729275,24.865361],[-80.740611,24.857421],[-80.745468,24.850652],[-80.761359,24.836225],[-80.71185,24.863323],[-80.690354,24.881539],[-80.703028,24.880873],[-80.719977,24.864644],[-80.729275,24.865361]]],[[[-82.255777,26.703437],[-82.264351,26.698496],[-82.268007,26.682791],[-82.263008,26.673388],[-82.248659,26.654337],[-82.238872,26.636433],[-82.222131,26.590402],[-82.205523,26.566536],[-82.201402,26.55631],[-82.186441,26.489221],[-82.180717,26.476257],[-82.172917,26.467658],[-82.148716,26.455458],[-82.126671,26.436279],[-82.098115,26.424959],[-82.075015,26.422059],[-82.063114,26.425459],[-82.013913,26.452058],[-82.015607,26.454858],[-82.038403,26.456907],[-82.062551,26.470131],[-82.076924,26.466106],[-82.088423,26.455182],[-82.120046,26.473581],[-82.131545,26.47703],[-82.149368,26.477605],[-82.166042,26.489679],[-82.177541,26.502328],[-82.187315,26.527626],[-82.196514,26.559823],[-82.214337,26.602944],[-82.218342,26.626407],[-82.23744,26.661976],[-82.246535,26.683437],[-82.24251,26.694361],[-82.246535,26.706435],[-82.255777,26.703437]]],[[[-84.777208,29.707398],[-84.79816,29.699321],[-84.813352,29.687028],[-84.862099,29.672572],[-84.895885,29.657444],[-84.920333,29.648638],[-84.932592,29.637232],[-84.968314,29.617238],[-84.987775,29.610307],[-85.017205,29.604379],[-85.023501,29.597073],[-85.038497,29.599552],[-85.06653,29.609952],[-85.094882,29.627757],[-85.09519,29.62249],[-85.069453,29.605282],[-85.051033,29.586928],[-85.036219,29.588919],[-84.957779,29.612635],[-84.884632,29.652248],[-84.853829,29.66472],[-84.799129,29.681565],[-84.776954,29.692191],[-84.765117,29.699724],[-84.713747,29.74139],[-84.694939,29.761844],[-84.696726,29.76993],[-84.716994,29.749066],[-84.729836,29.738881],[-84.777208,29.707398]]],[[[-85.156415,29.679628],[-85.168625,29.682409],[-85.208981,29.681775],[-85.222546,29.678039],[-85.204314,29.672695],[-85.18453,29.663987],[-85.16252,29.650282],[-85.142746,29.635404],[-85.124913,29.628433],[-85.097218,29.633004],[-85.091399,29.648634],[-85.077237,29.670862],[-85.083719,29.679019],[-85.093902,29.684838],[-85.114268,29.688658],[-85.134639,29.686569],[-85.156415,29.679628]]],[[[-82.821585,27.964443],[-82.815168,27.973721],[-82.817248,27.992094],[-82.821408,28.008387],[-82.815168,28.012547],[-82.813435,28.03716],[-82.818288,28.057613],[-82.823063,28.068258],[-82.826125,28.083793],[-82.833225,28.082193],[-82.836326,28.073193],[-82.823063,28.044758],[-82.823025,28.030695],[-82.828625,28.019795],[-82.829801,27.968469],[-82.821585,27.964443]]],[[[-81.444124,30.709714],[-81.544618,30.712636],[-81.606221,30.718135],[-81.624298,30.736194],[-81.637222,30.733835],[-81.719927,30.744634],[-81.732627,30.749934],[-81.741278,30.762681],[-81.759338,30.771377],[-81.806652,30.789683],[-81.827014,30.788933],[-81.840375,30.786384],[-81.868608,30.792754],[-81.906014,30.822176],[-81.999836,30.788348],[-82.023213,30.781987],[-82.050432,30.676266],[-82.049401,30.655296],[-82.037609,30.633271],[-82.01329,30.595665],[-82.005477,30.563495],[-82.01699,30.519358],[-82.016103,30.497355],[-82.050069,30.362338],[-82.124835,30.366564],[-82.165192,30.358035],[-82.171508,30.359869],[-82.189583,30.376213],[-82.204151,30.40133],[-82.210291,30.42459],[-82.20604,30.455507],[-82.21233,30.499558],[-82.214385,30.566958],[-82.2581,30.571559],[-82.374844,30.579004],[-82.569237,30.590965],[-82.698902,30.598271],[-82.878779,30.609082],[-83.136616,30.624346],[-83.309455,30.634417],[-83.390062,30.639333],[-83.611667,30.651255],[-83.810536,30.66188],[-83.880317,30.665807],[-84.083753,30.675954],[-84.28121,30.685256],[-84.535042,30.696523],[-84.606386,30.699865],[-84.864693,30.711542],[-84.896122,30.750591],[-84.941925,30.887988],[-84.959626,30.910587],[-84.983527,30.935486],[-84.998628,30.971386],[-85.002368,31.000682],[-85.154452,31.000835],[-85.498272,30.996928],[-86.035039,30.99332],[-86.056213,30.993133],[-86.180232,30.994005],[-86.289247,30.993798],[-86.374545,30.994474],[-86.519938,30.993245],[-86.563436,30.995223],[-86.678383,30.994537],[-86.725379,30.996872],[-86.888135,30.997577],[-87.027107,30.999255],[-87.162614,30.999055],[-87.25498,30.998285],[-87.425774,30.99809],[-87.458658,30.998386],[-87.598928,30.997457],[-87.594111,30.976335],[-87.601355,30.936294],[-87.622203,30.897508],[-87.634938,30.865886],[-87.624137,30.845713],[-87.532607,30.743489],[-87.502926,30.722369],[-87.481225,30.716508],[-87.449362,30.698913],[-87.407118,30.671796],[-87.396997,30.65364],[-87.394219,30.641699],[-87.394479,30.625192],[-87.449921,30.51469],[-87.430578,30.491096],[-87.419177,30.410198],[-87.427478,30.408398],[-87.440678,30.391498],[-87.451378,30.367199],[-87.450078,30.3111],[-87.452378,30.300201],[-87.518324,30.280435],[-87.419859,30.297128],[-87.350486,30.313064],[-87.319518,30.317814],[-87.295422,30.323503],[-87.267827,30.31548],[-87.206254,30.320943],[-87.155392,30.327748],[-86.909679,30.372423],[-86.850625,30.380967],[-86.750906,30.391881],[-86.632953,30.396299],[-86.529067,30.386896],[-86.50615,30.3823],[-86.470849,30.3839],[-86.412076,30.380346],[-86.364175,30.374524],[-86.2987,30.363049],[-86.222561,30.343585],[-86.089963,30.303569],[-85.999937,30.27078],[-85.9226,30.238024],[-85.878138,30.215619],[-85.811219,30.17832],[-85.775405,30.15629],[-85.74993,30.136537],[-85.730054,30.118153],[-85.69681,30.09689],[-85.653251,30.077839],[-85.637285,30.073319],[-85.618254,30.065481],[-85.601178,30.056342],[-85.588242,30.055543],[-85.58139,30.037783],[-85.571907,30.02644],[-85.541176,29.995791],[-85.509148,29.971466],[-85.487764,29.961227],[-85.469425,29.957788],[-85.460488,29.959579],[-85.425956,29.949888],[-85.405052,29.938487],[-85.38473,29.920949],[-85.363731,29.898915],[-85.347044,29.871981],[-85.336654,29.849295],[-85.325008,29.844966],[-85.312911,29.832273],[-85.314547,29.822279],[-85.31142,29.814373],[-85.302591,29.808094],[-85.301331,29.797117],[-85.31139,29.697557],[-85.317661,29.691286],[-85.344986,29.685015],[-85.353885,29.684765],[-85.37796,29.709621],[-85.395528,29.762368],[-85.405907,29.80193],[-85.405011,29.830151],[-85.39874,29.859267],[-85.405815,29.865817],[-85.413575,29.85294],[-85.417971,29.828855],[-85.413983,29.799865],[-85.397871,29.740498],[-85.380303,29.698485],[-85.369419,29.681048],[-85.352615,29.659787],[-85.343619,29.672004],[-85.319215,29.681494],[-85.29074,29.684081],[-85.259719,29.681296],[-85.22745,29.693633],[-85.177284,29.700193],[-85.153238,29.708231],[-85.121473,29.715854],[-85.101682,29.718748],[-85.072123,29.719027],[-85.037212,29.711074],[-84.993264,29.714961],[-84.977004,29.721209],[-84.968841,29.72708],[-84.964007,29.742422],[-84.946595,29.745032],[-84.93837,29.750211],[-84.920917,29.772901],[-84.91511,29.783303],[-84.90413,29.786279],[-84.893992,29.785176],[-84.877111,29.772888],[-84.890066,29.755802],[-84.901781,29.735723],[-84.892493,29.72266],[-84.888031,29.722406],[-84.881777,29.733882],[-84.868271,29.742454],[-84.837168,29.755926],[-84.824197,29.758288],[-84.762998,29.788846],[-84.755595,29.78854],[-84.730327,29.8069],[-84.692053,29.829059],[-84.683934,29.831327],[-84.669728,29.82891],[-84.65645,29.834277],[-84.647958,29.847104],[-84.613154,29.867984],[-84.603303,29.876117],[-84.57744,29.887828],[-84.535873,29.910092],[-84.511996,29.916574],[-84.494562,29.913957],[-84.470323,29.924524],[-84.451705,29.929085],[-84.443652,29.913785],[-84.434287,29.906328],[-84.423834,29.902996],[-84.404958,29.901229],[-84.378937,29.893112],[-84.349066,29.896812],[-84.343389,29.899539],[-84.335953,29.912962],[-84.333746,29.923721],[-84.336511,29.942508],[-84.339426,29.946007],[-84.343041,29.9751],[-84.3477,29.984123],[-84.361962,29.987739],[-84.365882,30.024588],[-84.358923,30.058224],[-84.342022,30.063858],[-84.315344,30.069492],[-84.297836,30.057451],[-84.277168,30.060263],[-84.270792,30.068094],[-84.274003,30.083079],[-84.269363,30.09766],[-84.256439,30.103791],[-84.247491,30.10114],[-84.245668,30.093021],[-84.237014,30.08556],[-84.20801,30.084776],[-84.19853,30.087937],[-84.179149,30.073187],[-84.157278,30.072714],[-84.135683,30.083018],[-84.124889,30.090601],[-84.11384,30.085478],[-84.10273,30.093611],[-84.083057,30.092286],[-84.06299,30.101378],[-84.048715,30.103208],[-84.024274,30.103271],[-84.000716,30.096209],[-83.991607,30.08392],[-83.95968,30.064943],[-83.933432,30.046305],[-83.93151,30.039068],[-83.845427,29.998068],[-83.82869,29.983187],[-83.788729,29.976982],[-83.757249,29.957943],[-83.686423,29.923735],[-83.679219,29.918513],[-83.659951,29.899524],[-83.63798,29.886073],[-83.618568,29.842336],[-83.605244,29.836387],[-83.595493,29.827984],[-83.585899,29.811754],[-83.581903,29.792063],[-83.586089,29.784644],[-83.584716,29.77608],[-83.578955,29.768378],[-83.566018,29.761434],[-83.554993,29.7426],[-83.537645,29.72306],[-83.512716,29.71648],[-83.493728,29.708388],[-83.483567,29.698542],[-83.483143,29.690478],[-83.455356,29.676444],[-83.436259,29.677389],[-83.412768,29.668485],[-83.404081,29.640798],[-83.39948,29.612956],[-83.405068,29.59557],[-83.405256,29.578319],[-83.39983,29.533042],[-83.400252,29.517242],[-83.383973,29.512995],[-83.379254,29.503558],[-83.370288,29.499901],[-83.356722,29.499901],[-83.350067,29.489358],[-83.33113,29.475594],[-83.311546,29.475666],[-83.307094,29.459651],[-83.294747,29.437923],[-83.272019,29.432256],[-83.263965,29.435806],[-83.240509,29.433178],[-83.218075,29.420492],[-83.202446,29.394422],[-83.200702,29.373855],[-83.189581,29.363417],[-83.175518,29.34469],[-83.17826,29.327916],[-83.176736,29.31422],[-83.169576,29.290355],[-83.16073,29.286611],[-83.149764,29.289768],[-83.128027,29.282733],[-83.125567,29.278845],[-83.107477,29.268889],[-83.089013,29.266502],[-83.077265,29.255331],[-83.074734,29.247975],[-83.087839,29.21642],[-83.078986,29.196944],[-83.065242,29.184489],[-83.060947,29.170959],[-83.068249,29.153135],[-83.056867,29.146263],[-83.053207,29.130839],[-83.030453,29.134023],[-83.019071,29.141324],[-83.018212,29.151417],[-82.996144,29.178074],[-82.987162,29.180094],[-82.979522,29.171817],[-82.945302,29.167821],[-82.922613,29.169769],[-82.887211,29.161741],[-82.858179,29.162275],[-82.827073,29.158425],[-82.804736,29.146624],[-82.805703,29.129848],[-82.798876,29.114504],[-82.801166,29.105103],[-82.809483,29.10462],[-82.823659,29.098902],[-82.816925,29.076215],[-82.780558,29.07358],[-82.783328,29.064619],[-82.759704,29.054192],[-82.753513,29.026496],[-82.759378,29.006619],[-82.764055,28.999707],[-82.760551,28.993087],[-82.737872,28.995703],[-82.735754,28.973709],[-82.723861,28.953506],[-82.708793,28.935979],[-82.702618,28.932955],[-82.688864,28.905609],[-82.673399,28.900419],[-82.656028,28.899179],[-82.644861,28.889252],[-82.639898,28.876224],[-82.643,28.860094],[-82.638657,28.843344],[-82.652926,28.830936],[-82.648584,28.796195],[-82.643,28.789991],[-82.645482,28.767037],[-82.651065,28.747184],[-82.662232,28.737258],[-82.652926,28.719267],[-82.656028,28.712443],[-82.645482,28.697553],[-82.654167,28.668395],[-82.65851,28.636756],[-82.656649,28.623727],[-82.664055,28.606584],[-82.654138,28.590837],[-82.65705,28.568028],[-82.661729,28.549743],[-82.656694,28.544814],[-82.663705,28.530193],[-82.66804,28.528199],[-82.670146,28.500769],[-82.66639,28.49733],[-82.665055,28.484434],[-82.67241,28.464746],[-82.680396,28.457194],[-82.674787,28.441956],[-82.684137,28.428019],[-82.697433,28.420166],[-82.706322,28.401325],[-82.706112,28.368057],[-82.715822,28.345501],[-82.73146,28.325075],[-82.735463,28.30039],[-82.732792,28.291933],[-82.746188,28.261192],[-82.759072,28.25402],[-82.764103,28.244345],[-82.76446,28.220069],[-82.762643,28.219013],[-82.797762,28.187789],[-82.805097,28.172181],[-82.808474,28.154803],[-82.790724,28.15249],[-82.781324,28.127591],[-82.783824,28.106292],[-82.782724,28.055894],[-82.792635,28.032307],[-82.792635,28.01116],[-82.805462,27.960201],[-82.820715,27.927268],[-82.832155,27.909242],[-82.838484,27.909111],[-82.821975,27.956868],[-82.831388,27.962117],[-82.840882,27.937162],[-82.847826,27.910199],[-82.851126,27.8863],[-82.849126,27.8632],[-82.846526,27.854301],[-82.828561,27.822254],[-82.820433,27.813742],[-82.790224,27.791603],[-82.770023,27.767904],[-82.760923,27.745205],[-82.746223,27.731306],[-82.740323,27.718206],[-82.738022,27.706807],[-82.739122,27.636909],[-82.736552,27.617326],[-82.733076,27.612972],[-82.705017,27.62531],[-82.698091,27.638858],[-82.712555,27.646647],[-82.716322,27.651409],[-82.723022,27.671208],[-82.718822,27.692007],[-82.713629,27.698661],[-82.693748,27.700217],[-82.679251,27.694665],[-82.677321,27.706207],[-82.652521,27.700307],[-82.63982,27.703907],[-82.63362,27.710607],[-82.62502,27.732706],[-82.63052,27.753905],[-82.622723,27.779868],[-82.60742,27.798904],[-82.586519,27.816703],[-82.589319,27.835702],[-82.594819,27.843402],[-82.598443,27.857582],[-82.566819,27.858002],[-82.567919,27.883701],[-82.61002,27.873501],[-82.63212,27.8911],[-82.63422,27.9037],[-82.628063,27.910397],[-82.671221,27.913],[-82.685121,27.916299],[-82.691621,27.924899],[-82.710022,27.928299],[-82.720122,27.936399],[-82.724122,27.948098],[-82.716522,27.958398],[-82.61952,27.969698],[-82.589419,27.970898],[-82.553918,27.966998],[-82.541218,27.948998],[-82.533718,27.932999],[-82.531318,27.9039],[-82.542818,27.890601],[-82.529918,27.877501],[-82.538618,27.864901],[-82.552918,27.862702],[-82.553946,27.848462],[-82.511193,27.828015],[-82.489849,27.822607],[-82.47244,27.822559],[-82.46884,27.843295],[-82.480137,27.853246],[-82.488057,27.863566],[-82.487417,27.895001],[-82.491117,27.9145],[-82.489817,27.9196],[-82.478063,27.92768],[-82.462078,27.920066],[-82.460016,27.9116],[-82.432316,27.901301],[-82.413915,27.901401],[-82.402615,27.882602],[-82.397463,27.851631],[-82.393383,27.837519],[-82.402857,27.812671],[-82.410837,27.810868],[-82.418401,27.803187],[-82.419066,27.793767],[-82.433981,27.774087],[-82.434635,27.764355],[-82.457543,27.752571],[-82.478339,27.74625],[-82.477638,27.723004],[-82.494891,27.718963],[-82.514265,27.705588],[-82.537146,27.672933],[-82.558538,27.638678],[-82.565667,27.615713],[-82.584629,27.596021],[-82.596488,27.594045],[-82.611717,27.585283],[-82.612019,27.571231],[-82.632053,27.551908],[-82.646014,27.53354],[-82.65072,27.523115],[-82.674621,27.519614],[-82.686921,27.508015],[-82.686421,27.497215],[-82.706821,27.498415],[-82.710621,27.501715],[-82.708121,27.523514],[-82.742437,27.53936],[-82.743017,27.531086],[-82.724522,27.513614],[-82.714521,27.500415],[-82.707821,27.487615],[-82.691004,27.444331],[-82.691821,27.437218],[-82.675121,27.424318],[-82.642821,27.38972],[-82.623863,27.362206],[-82.597629,27.335754],[-82.57602,27.309324],[-82.569248,27.298588],[-82.569754,27.279452],[-82.55902,27.268826],[-82.54512,27.261026],[-82.539719,27.254326],[-82.512319,27.207528],[-82.477019,27.141231],[-82.46889,27.113612],[-82.460319,27.099933],[-82.445718,27.060634],[-82.419218,27.020736],[-82.400618,26.984937],[-82.351649,26.908384],[-82.301736,26.841588],[-82.289086,26.827784],[-82.269499,26.784674],[-82.264682,26.756836],[-82.263804,26.725644],[-82.259867,26.717398],[-82.251134,26.755881],[-82.241935,26.774279],[-82.233311,26.784054],[-82.221812,26.77198],[-82.17869,26.772555],[-82.172941,26.778879],[-82.151093,26.783479],[-82.147068,26.789803],[-82.156267,26.851898],[-82.172941,26.897319],[-82.175241,26.916867],[-82.162017,26.925491],[-82.137294,26.926066],[-82.124645,26.945615],[-82.117171,26.954239],[-82.107972,26.957688],[-82.076349,26.958263],[-82.063126,26.950214],[-82.061976,26.931241],[-82.067725,26.927791],[-82.083249,26.927791],[-82.090148,26.923191],[-82.093023,26.906518],[-82.090723,26.888694],[-82.066575,26.88237],[-82.059101,26.876621],[-82.056801,26.858797],[-82.058526,26.838674],[-82.057951,26.822],[-82.055076,26.802452],[-82.061401,26.789228],[-82.061401,26.774279],[-82.066575,26.742657],[-82.079799,26.716784],[-82.084974,26.702411],[-82.086698,26.685162],[-82.093023,26.665614],[-82.099922,26.662739],[-82.106247,26.667339],[-82.118896,26.690912],[-82.125795,26.699536],[-82.151668,26.704136],[-82.173516,26.701836],[-82.17984,26.696661],[-82.181565,26.681712],[-82.149943,26.654115],[-82.137869,26.637441],[-82.122345,26.579371],[-82.118896,26.560973],[-82.111996,26.54085],[-82.105672,26.48393],[-82.094748,26.48393],[-82.07175,26.492554],[-82.06715,26.513252],[-82.043577,26.519577],[-82.00908,26.505203],[-82.01368,26.490829],[-82.008961,26.484052],[-81.997012,26.484856],[-81.969509,26.476505],[-81.964212,26.457957],[-81.956611,26.452358],[-81.938411,26.445058],[-81.923611,26.436658],[-81.91171,26.427158],[-81.90271,26.416159],[-81.90191,26.410859],[-81.868983,26.378648],[-81.844555,26.327712],[-81.833142,26.294518],[-81.820675,26.236735],[-81.81681,26.207166],[-81.81461,26.173167],[-81.808833,26.152246],[-81.801663,26.088227],[-81.762439,26.00607],[-81.747834,25.994273],[-81.749724,25.960463],[-81.745579,25.949643],[-81.73195,25.931506],[-81.727086,25.907207],[-81.713172,25.897568],[-81.68954,25.85271],[-81.678287,25.845301],[-81.672633,25.856654],[-81.663821,25.885605],[-81.654493,25.893579],[-81.644553,25.897953],[-81.623482,25.897158],[-81.614735,25.893977],[-81.584519,25.888808],[-81.577363,25.889206],[-81.541183,25.900338],[-81.527665,25.901531],[-81.511762,25.89676],[-81.512955,25.886423],[-81.501027,25.884037],[-81.48751,25.888411],[-81.473992,25.888411],[-81.471607,25.881652],[-81.458487,25.868929],[-81.441391,25.863761],[-81.424295,25.867737],[-81.394476,25.851834],[-81.386127,25.839906],[-81.362272,25.824401],[-81.352731,25.822015],[-81.349152,25.816847],[-81.340406,25.786631],[-81.361875,25.772715],[-81.355116,25.76039],[-81.343984,25.747668],[-81.346078,25.721473],[-81.335037,25.715649],[-81.328935,25.717233],[-81.290328,25.687506],[-81.277374,25.66498],[-81.268924,25.656927],[-81.253951,25.638181],[-81.240677,25.613629],[-81.240519,25.599041],[-81.233051,25.586587],[-81.232705,25.573366],[-81.225557,25.55847],[-81.209321,25.548611],[-81.203175,25.53416],[-81.210149,25.516888],[-81.208201,25.504937],[-81.191924,25.484745],[-81.179406,25.475427],[-81.168652,25.463848],[-81.146765,25.407577],[-81.150656,25.399206],[-81.150508,25.387255],[-81.141395,25.381358],[-81.128492,25.380511],[-81.117265,25.354953],[-81.12141,25.33875],[-81.133913,25.342996],[-81.140099,25.341117],[-81.151916,25.324766],[-81.148915,25.318067],[-81.1523,25.305543],[-81.159293,25.298595],[-81.16207,25.289833],[-81.168307,25.253178],[-81.170907,25.245857],[-81.172044,25.222276],[-81.155481,25.208098],[-81.142278,25.183],[-81.141024,25.163868],[-81.133567,25.156295],[-81.120616,25.152302],[-81.111943,25.14547],[-81.094524,25.127054],[-81.079859,25.118797],[-81.050505,25.128273],[-81.022989,25.129393],[-80.999176,25.124222],[-80.971765,25.133958],[-80.957427,25.135704],[-80.943216,25.134443],[-80.915924,25.141301],[-80.900577,25.139669],[-80.900066,25.162034],[-80.87546,25.174321],[-80.846395,25.17706],[-80.838227,25.174791],[-80.830034,25.168094],[-80.82653,25.160478],[-80.796219,25.17245],[-80.757581,25.166734],[-80.746264,25.155303],[-80.742877,25.142646],[-80.721886,25.145101],[-80.715099,25.140872],[-80.703718,25.139115],[-80.695038,25.157588],[-80.683909,25.166491],[-80.649251,25.168708],[-80.640275,25.17662],[-80.619024,25.177328],[-80.609607,25.181902],[-80.584771,25.200665],[-80.589186,25.223796],[-80.570785,25.239366],[-80.548491,25.236535],[-80.540765,25.229678],[-80.540947,25.21821],[-80.530207,25.216207],[-80.520359,25.220788],[-80.512928,25.216719],[-80.508113,25.206719],[-80.495341,25.199463],[-80.483244,25.216526],[-80.467824,25.23254],[-80.447066,25.24796],[-80.419191,25.26338],[-80.385978,25.288289],[-80.383013,25.301337],[-80.374116,25.31735],[-80.361662,25.327433],[-80.352469,25.329805],[-80.335269,25.338701],[-80.31036,25.3731],[-80.306801,25.384369],[-80.31036,25.389707],[-80.320442,25.391486],[-80.32578,25.39801],[-80.326373,25.422919],[-80.320442,25.437153],[-80.328152,25.443084],[-80.337049,25.465621],[-80.339421,25.478669],[-80.339421,25.499427],[-80.328746,25.53264],[-80.313918,25.539164],[-80.302057,25.567632],[-80.305615,25.575342],[-80.305615,25.593134],[-80.301464,25.613299],[-80.288416,25.630498],[-80.277147,25.637022],[-80.267065,25.651849],[-80.265879,25.658373],[-80.250459,25.688028],[-80.244528,25.717089],[-80.240376,25.724206],[-80.229107,25.732509],[-80.197674,25.74437],[-80.184626,25.745557],[-80.172765,25.737847],[-80.164461,25.721833],[-80.170392,25.710565],[-80.176916,25.685062],[-80.160903,25.664897],[-80.154972,25.66549],[-80.152303,25.676759],[-80.154082,25.683283],[-80.152896,25.702855],[-80.144,25.740812],[-80.137476,25.750301],[-80.127987,25.772245],[-80.127394,25.791224],[-80.122056,25.817913],[-80.119684,25.841043],[-80.12087,25.883152],[-80.117904,25.915772],[-80.117778,25.986369],[-80.109566,26.087165],[-80.105266,26.096264],[-80.101366,26.147762],[-80.089365,26.231859],[-80.085565,26.249259],[-80.079865,26.264358],[-80.075264,26.318656],[-80.070564,26.336455],[-80.060564,26.444652],[-80.050363,26.509549],[-80.038863,26.569347],[-80.035363,26.612346],[-80.035763,26.676043],[-80.032862,26.700842],[-80.032862,26.715242],[-80.037462,26.76634],[-80.03212,26.77153],[-80.031362,26.796339],[-80.046263,26.859238],[-80.093909,27.018587],[-80.116772,27.072397],[-80.138605,27.111517],[-80.14982,27.143557],[-80.159554,27.163325],[-80.153375,27.169308],[-80.16147,27.192814],[-80.19309,27.249546],[-80.226753,27.322736],[-80.233538,27.341307],[-80.253665,27.37979],[-80.265535,27.420542],[-80.293171,27.500314],[-80.30117,27.500314],[-80.311757,27.524625],[-80.324699,27.569178],[-80.330956,27.597541],[-80.34437,27.616226],[-80.350553,27.628361],[-80.351717,27.642623],[-80.383695,27.740045],[-80.447179,27.859731],[-80.446973,27.861954],[-80.508871,27.970477],[-80.547675,28.048795],[-80.566432,28.09563],[-80.589975,28.17799],[-80.604214,28.257733],[-80.608074,28.311285],[-80.606874,28.336484],[-80.603374,28.363983],[-80.596174,28.390682],[-80.587813,28.410856],[-80.574136,28.427764],[-80.562877,28.437779],[-80.526732,28.451705],[-80.525094,28.459454],[-80.536115,28.478647],[-80.560973,28.530736],[-80.567361,28.562353],[-80.574868,28.585166],[-80.583884,28.597705],[-80.61679,28.634561],[-80.647288,28.677875],[-80.709725,28.756692],[-80.787021,28.875266],[-80.878275,29.010563],[-80.893675,29.036163],[-80.907275,29.064262],[-80.944376,29.110861],[-80.966176,29.14796],[-81.046678,29.307856],[-81.123896,29.474465],[-81.163581,29.55529],[-81.211565,29.667085],[-81.229015,29.714693],[-81.240924,29.739218],[-81.256711,29.784693],[-81.263396,29.820663],[-81.264693,29.858212],[-81.270442,29.883106],[-81.27654,29.90046],[-81.288955,29.91518],[-81.295268,29.928614],[-81.308978,29.96944],[-81.355591,30.162563],[-81.385505,30.273841],[-81.391606,30.303441],[-81.396407,30.34004],[-81.397422,30.400626],[-81.407008,30.42204],[-81.410809,30.482039],[-81.42601,30.496739],[-81.440108,30.497678],[-81.447087,30.503679],[-81.434064,30.522569],[-81.442564,30.555189],[-81.443099,30.600938],[-81.430843,30.669393],[-81.42742,30.69802],[-81.444124,30.709714]]]]}},{"type":"Feature","properties":{"NAME":"Idaho"},"geometry":{"type":"Polygon","coordinates":[[[-111.048974,44.474072],[-111.106574,44.48633],[-111.131379,44.499925],[-111.139455,44.517112],[-111.219236,44.622616],[-111.323669,44.724474],[-111.377682,44.751744],[-111.394815,44.751351],[-111.489008,44.705553],[-111.516588,44.643707],[-111.525764,44.604883],[-111.601249,44.55421],[-111.631505,44.552022],[-111.704218,44.560205],[-111.737191,44.54306],[-111.806528,44.515459],[-111.843295,44.528225],[-111.849293,44.539837],[-111.870504,44.564033],[-111.947941,44.556776],[-112.078471,44.533551],[-112.187115,44.534452],[-112.221698,44.543519],[-112.235864,44.555194],[-112.258297,44.564334],[-112.274083,44.564334],[-112.299009,44.559348],[-112.339721,44.538577],[-112.358926,44.48628],[-112.371294,44.472108],[-112.38708,44.460476],[-112.410345,44.462968],[-112.473207,44.480027],[-112.544224,44.483763],[-112.68816,44.49885],[-112.71911,44.504344],[-112.781294,44.484888],[-112.812087,44.45137],[-112.822046,44.434109],[-112.824701,44.393611],[-112.83134,44.38166],[-112.849266,44.371038],[-112.875822,44.374357],[-112.9703,44.426933],[-113.003544,44.450814],[-113.027147,44.495915],[-113.05677,44.618657],[-113.049349,44.62938],[-113.051504,44.63695],[-113.101082,44.718832],[-113.134617,44.763149],[-113.158206,44.780847],[-113.207878,44.80804],[-113.247166,44.82295],[-113.278382,44.812706],[-113.329491,44.788645],[-113.341704,44.784853],[-113.353631,44.791395],[-113.455071,44.865424],[-113.475838,44.894648],[-113.498745,44.942314],[-113.494446,44.948597],[-113.472715,44.948123],[-113.447199,44.971924],[-113.445915,44.979918],[-113.445751,45.018351],[-113.449349,45.045745],[-113.463961,45.063194],[-113.485278,45.063519],[-113.576453,45.130311],[-113.566179,45.14312],[-113.565979,45.149335],[-113.599506,45.191114],[-113.650064,45.23471],[-113.674409,45.249411],[-113.738729,45.329741],[-113.760924,45.406501],[-113.774156,45.465372],[-113.76576,45.483228],[-113.772915,45.512322],[-113.786269,45.521385],[-113.810117,45.530924],[-113.813456,45.550002],[-113.802009,45.579096],[-113.804871,45.589112],[-113.813933,45.600559],[-113.835396,45.61296],[-113.896681,45.641451],[-113.93422,45.682232],[-113.971565,45.700636],[-113.987759,45.705247],[-114.015633,45.696127],[-114.03493,45.647967],[-114.135249,45.557465],[-114.187852,45.542151],[-114.247828,45.545489],[-114.309613,45.469432],[-114.350819,45.468542],[-114.36662,45.491616],[-114.460542,45.561283],[-114.473759,45.563278],[-114.514196,45.564734],[-114.551286,45.559007],[-114.561773,45.565109],[-114.563652,45.637412],[-114.550834,45.6426],[-114.54182,45.641305],[-114.515411,45.652842],[-114.500925,45.666715],[-114.495421,45.703321],[-114.504869,45.722176],[-114.528667,45.731636],[-114.547763,45.743309],[-114.566172,45.773864],[-114.514596,45.840785],[-114.498809,45.850676],[-114.44868,45.858891],[-114.39376,45.89402],[-114.401552,45.963195],[-114.412007,45.978057],[-114.429638,45.986638],[-114.465376,45.996077],[-114.483379,46.008047],[-114.490578,46.022872],[-114.4912,46.044003],[-114.476284,46.062026],[-114.467583,46.081914],[-114.468205,46.099937],[-114.48312,46.129147],[-114.472643,46.162202],[-114.426885,46.289671],[-114.378,46.435371],[-114.385297,46.467162],[-114.346528,46.535789],[-114.331093,46.607649],[-114.331093,46.630248],[-114.337942,46.641205],[-114.370129,46.654217],[-114.422176,46.652163],[-114.44683,46.645314],[-114.481943,46.631993],[-114.592264,46.632861],[-114.614423,46.639188],[-114.635868,46.65951],[-114.642713,46.673145],[-114.641322,46.686404],[-114.644747,46.702155],[-114.667346,46.719276],[-114.69063,46.719961],[-114.717645,46.713994],[-114.739253,46.715167],[-114.76718,46.738828],[-114.825923,46.781949],[-114.853279,46.799794],[-114.888146,46.808573],[-114.920459,46.827697],[-114.927837,46.83599],[-114.938713,46.869021],[-114.936015,46.899761],[-115.072985,47.01376],[-115.099178,47.048129],[-115.200547,47.139154],[-115.266723,47.181101],[-115.29211,47.209861],[-115.294785,47.220914],[-115.320184,47.255717],[-115.339201,47.261623],[-115.421645,47.271736],[-115.479255,47.282089],[-115.52369,47.298919],[-115.551309,47.333856],[-115.561439,47.351887],[-115.576836,47.366825],[-115.69057,47.415059],[-115.721084,47.42235],[-115.729861,47.447287],[-115.725931,47.466934],[-115.712178,47.488546],[-115.729861,47.518016],[-115.739684,47.537663],[-115.735755,47.555346],[-115.721207,47.576323],[-115.718072,47.592675],[-115.706284,47.637864],[-115.72377,47.696671],[-115.729123,47.703102],[-115.919291,47.857406],[-116.007254,47.944968],[-116.048421,47.97682],[-116.049415,48.07722],[-116.049353,48.21546],[-116.049226,48.502058],[-116.049023,48.957947],[-116.049193,49.000912],[-116.757234,48.999943],[-117.032351,48.999188],[-117.033177,48.846563],[-117.034358,48.628523],[-117.035285,48.430113],[-117.035178,48.370878],[-117.039599,48.184387],[-117.041401,48.0855],[-117.041874,47.977387],[-117.042485,47.766525],[-117.041678,47.72271],[-117.041174,47.55853],[-117.039945,47.477823],[-117.040019,47.259272],[-117.039821,47.127265],[-117.039657,46.825798],[-117.039828,46.815443],[-117.039783,46.541785],[-117.039813,46.425425],[-117.046915,46.379577],[-117.061045,46.367747],[-117.047469,46.342884],[-116.987939,46.298031],[-116.985333,46.294617],[-116.958801,46.24232],[-116.925621,46.158888],[-116.94353,46.062173],[-116.915989,45.995413],[-116.875125,45.9422],[-116.866544,45.916958],[-116.857254,45.904159],[-116.789099,45.847749],[-116.633377,45.784681],[-116.59421,45.77908],[-116.54809,45.752364],[-116.535698,45.734231],[-116.538014,45.714929],[-116.535396,45.691734],[-116.528272,45.681473],[-116.48912,45.65114],[-116.463504,45.615785],[-116.463635,45.602785],[-116.481208,45.580597],[-116.553473,45.499107],[-116.673793,45.321511],[-116.696047,45.254679],[-116.709536,45.203015],[-116.729607,45.142091],[-116.783902,45.079022],[-116.845369,45.017059],[-116.858277,44.978008],[-116.850737,44.958113],[-116.835702,44.940633],[-116.83199,44.933007],[-116.852427,44.887577],[-116.931499,44.792281],[-117.016216,44.755572],[-117.044217,44.74514],[-117.062273,44.727143],[-117.095868,44.664737],[-117.1159,44.623339],[-117.144161,44.545647],[-117.156489,44.528312],[-117.208454,44.485928],[-117.214889,44.466901],[-117.189769,44.336585],[-117.197777,44.295789],[-117.190107,44.273958],[-117.170342,44.25889],[-117.041144,44.243653],[-117.027558,44.248881],[-116.98687,44.245477],[-116.975905,44.242844],[-116.902752,44.179467],[-116.895757,44.171267],[-116.895931,44.154295],[-116.931719,44.102474],[-116.935301,43.988616],[-116.961535,43.918388],[-116.982482,43.872799],[-116.996504,43.864714],[-117.026634,43.808104],[-117.026586,43.683001],[-117.026746,43.577526],[-117.026652,43.025128],[-117.026331,42.807015],[-117.026222,42.000252],[-117.018294,41.999358],[-116.62677,41.99775],[-116.463528,41.996547],[-116.163931,41.997555],[-116.038602,41.99746],[-115.98688,41.998534],[-115.038256,41.996025],[-114.914187,41.999909],[-114.763825,41.999909],[-114.598267,41.994511],[-114.498243,41.994636],[-114.281854,41.994264],[-114.041723,41.99372],[-113.893261,41.988057],[-113.76453,41.989459],[-113.396497,41.99425],[-113.000821,41.998223],[-112.880619,41.998921],[-112.709375,42.000309],[-112.648019,42.000307],[-112.38617,42.001126],[-112.239107,42.001217],[-112.163956,41.996708],[-111.915837,41.998519],[-111.876491,41.998528],[-111.507264,41.999518],[-111.415873,42.000748],[-111.046689,42.001567],[-111.047109,42.142497],[-111.04708,42.34942],[-111.046249,42.513116],[-111.043959,42.96445],[-111.044229,43.195579],[-111.044617,43.31572],[-111.045205,43.501136],[-111.045706,43.659112],[-111.046715,43.815832],[-111.048107,43.983096],[-111.048633,44.062903],[-111.049216,44.435811],[-111.048974,44.474072]]]}},{"type":"Feature","properties":{"NAME":"Kansas"},"geometry":{"type":"Polygon","coordinates":[[[-102.04224,36.993083],[-101.90244,36.993702],[-101.601593,36.995095],[-101.357797,36.996271],[-101.211486,36.997124],[-101.012641,36.998176],[-100.945566,36.998152],[-100.814277,36.999085],[-100.675552,36.999688],[-100.551598,37.00062],[-100.201676,37.002081],[-100.115722,37.002206],[-99.995201,37.001631],[-99.786016,37.000931],[-99.657658,37.000197],[-99.625399,36.999671],[-99.456203,36.999471],[-99.277506,36.999579],[-99.124883,36.99942],[-99.029337,36.999595],[-98.869449,36.999286],[-98.761597,36.999425],[-98.714512,36.99906],[-98.544872,36.998997],[-98.354073,36.997961],[-98.237712,36.997972],[-98.033955,36.998366],[-97.802313,36.998713],[-97.637137,36.99909],[-97.606549,36.998682],[-97.46228,36.998685],[-97.147721,36.999111],[-97.030082,36.998929],[-96.87629,36.999233],[-96.749838,36.998988],[-96.525493,36.999147],[-96.415412,36.999113],[-96.200028,36.999028],[-96.00081,36.99886],[-95.91018,36.999336],[-95.80798,36.999124],[-95.534401,36.999332],[-95.407572,36.999241],[-95.195307,36.999565],[-94.995293,36.999529],[-94.853197,36.998874],[-94.699735,36.998805],[-94.61808,36.998135],[-94.617875,37.056798],[-94.618319,37.188774],[-94.617648,37.323589],[-94.617511,37.410909],[-94.616789,37.52151],[-94.617885,37.682214],[-94.616862,37.819456],[-94.614612,37.944362],[-94.613981,38.036949],[-94.613856,38.149769],[-94.612658,38.217649],[-94.612673,38.314832],[-94.613365,38.403422],[-94.611858,38.620485],[-94.608041,38.811064],[-94.608134,38.942006],[-94.607234,39.065704],[-94.607354,39.113444],[-94.589933,39.140403],[-94.591933,39.155003],[-94.601733,39.159603],[-94.706723,39.173801],[-94.714137,39.170403],[-94.736537,39.169203],[-94.752338,39.173203],[-94.832399,39.227218],[-94.901009,39.30168],[-94.907569,39.320623],[-94.910641,39.348335],[-94.909954,39.367459],[-94.946662,39.399717],[-95.102888,39.533347],[-95.113557,39.553941],[-95.107454,39.573843],[-95.01531,39.674262],[-94.937924,39.725471],[-94.916932,39.728186],[-94.895268,39.76321],[-94.927897,39.886112],[-94.935963,39.894355],[-94.954155,39.901138],[-95.00844,39.900596],[-95.01632,39.898766],[-95.02524,39.8897],[-95.027931,39.871522],[-95.042142,39.864805],[-95.085003,39.861883],[-95.132695,39.875925],[-95.181222,39.899996],[-95.301549,39.983603],[-95.30778,39.990618],[-95.30829,39.999998],[-95.375257,40],[-95.784575,40.000463],[-95.958139,40.000521],[-96.154365,40.000495],[-96.304555,40.000629],[-96.46364,40.000967],[-96.622401,40.001158],[-96.805768,40.001371],[-97.049663,40.001323],[-97.245169,40.001513],[-97.369103,40.00206],[-97.515308,40.001901],[-97.767746,40.001994],[-97.931826,40.00205],[-98.099659,40.002227],[-98.274017,40.002516],[-98.560578,40.002274],[-98.690287,40.002548],[-98.710404,40.00218],[-98.934792,40.002205],[-99.169816,40.001925],[-99.403389,40.001969],[-99.625324,40.001866],[-99.746628,40.00182],[-99.813401,40.0014],[-99.990926,40.001503],[-100.177795,40.001593],[-100.468773,40.001724],[-100.645445,40.001883],[-100.683435,40.002234],[-100.937427,40.002145],[-101.168704,40.002547],[-101.324036,40.002696],[-101.409953,40.002354],[-101.627071,40.00262],[-101.841025,40.002784],[-101.904176,40.003162],[-102.051744,40.003078],[-102.051569,39.849805],[-102.050594,39.675594],[-102.049554,39.538932],[-102.049369,39.423333],[-102.048449,39.303138],[-102.04725,39.13702],[-102.046571,39.047038],[-102.045388,38.813392],[-102.045074,38.669617],[-102.045263,38.505395],[-102.044944,38.384419],[-102.044398,38.250015],[-102.043844,37.928102],[-102.042953,37.803535],[-102.041574,37.680436],[-102.042016,37.535261],[-102.041676,37.409898],[-102.042089,37.352819],[-102.042002,37.141744],[-102.04224,36.993083]]]}},{"type":"Feature","properties":{"NAME":"Maryland"},"geometry":{"type":"MultiPolygon","coordinates":[[[[-76.048373,38.12055],[-76.03962,38.11199],[-76.050156,38.107758],[-76.059304,38.095751],[-76.036676,38.076509],[-76.0233,38.07076],[-76.011544,38.072312],[-76.005904,38.07717],[-76.008168,38.095385],[-76.02137,38.107934],[-76.020496,38.117044],[-76.011916,38.122214],[-76.012487,38.131731],[-76.022515,38.133453],[-76.031868,38.148288],[-76.032816,38.169141],[-76.021941,38.171976],[-76.02217,38.177882],[-76.048786,38.203731],[-76.07147,38.203502],[-76.088639,38.192649],[-76.092334,38.151355],[-76.089017,38.141033],[-76.095548,38.125123],[-76.085311,38.118561],[-76.061,38.127002],[-76.048373,38.12055]]],[[[-75.993905,37.953489],[-75.988879,37.960337],[-75.99473,37.974694],[-75.984251,38.004006],[-75.97039,38.006327],[-75.970168,38.015683],[-75.975494,38.020834],[-75.991846,38.025497],[-76.004592,38.036805],[-76.020827,38.039124],[-76.041668,38.032148],[-76.048617,38.014843],[-76.049608,37.983628],[-76.04653,37.953586],[-75.993905,37.953489]]],[[[-77.1302,38.635017],[-77.12463,38.619778],[-77.129084,38.614364],[-77.148651,38.6056],[-77.169671,38.60687],[-77.183767,38.600699],[-77.221117,38.555217],[-77.237724,38.55187],[-77.263599,38.512344],[-77.27422,38.48177],[-77.259962,38.435821],[-77.264238,38.414282],[-77.250172,38.382781],[-77.216729,38.363159],[-77.207312,38.359867],[-77.18668,38.365636],[-77.136728,38.391799],[-77.127737,38.400833],[-77.123325,38.410646],[-77.106571,38.406237],[-77.091073,38.407546],[-77.075489,38.42471],[-77.040638,38.444618],[-77.016371,38.445572],[-77.001638,38.421952],[-76.998585,38.409294],[-76.98828,38.394975],[-76.983582,38.362999],[-76.975492,38.347327],[-76.953928,38.333282],[-76.942132,38.329601],[-76.929554,38.321088],[-76.922177,38.311339],[-76.920932,38.291568],[-76.908506,38.28843],[-76.886535,38.277004],[-76.864292,38.268945],[-76.847074,38.25616],[-76.837789,38.261609],[-76.834803,38.274012],[-76.840383,38.289184],[-76.846252,38.297718],[-76.821569,38.299829],[-76.802347,38.280743],[-76.805224,38.253648],[-76.811647,38.250129],[-76.797452,38.236918],[-76.778625,38.22847],[-76.752286,38.222121],[-76.740055,38.235227],[-76.716376,38.233231],[-76.673462,38.234401],[-76.643929,38.22508],[-76.632544,38.225657],[-76.590637,38.214212],[-76.566297,38.198492],[-76.552957,38.187209],[-76.547333,38.175673],[-76.54038,38.152991],[-76.529868,38.134083],[-76.522418,38.139391],[-76.508825,38.140713],[-76.499842,38.137189],[-76.481036,38.115873],[-76.476222,38.104709],[-76.46533,38.10583],[-76.469798,38.119264],[-76.459689,38.139484],[-76.439841,38.138933],[-76.429581,38.126165],[-76.430425,38.119383],[-76.421214,38.106039],[-76.405368,38.106974],[-76.392335,38.102896],[-76.37179,38.079565],[-76.361237,38.059542],[-76.35275,38.053182],[-76.341404,38.053697],[-76.319476,38.043315],[-76.329308,38.07166],[-76.330794,38.099331],[-76.337402,38.11082],[-76.338535,38.119472],[-76.320136,38.138339],[-76.329711,38.15519],[-76.353516,38.178135],[-76.361877,38.192048],[-76.385244,38.217751],[-76.39932,38.259284],[-76.394171,38.278233],[-76.374481,38.296348],[-76.381493,38.30313],[-76.402894,38.311402],[-76.409291,38.325891],[-76.40494,38.341089],[-76.387002,38.361267],[-76.386229,38.382013],[-76.388348,38.387781],[-76.40271,38.396003],[-76.415384,38.414682],[-76.436271,38.433429],[-76.450937,38.442422],[-76.455799,38.451233],[-76.492699,38.482849],[-76.506023,38.50461],[-76.515706,38.528988],[-76.517506,38.539149],[-76.515106,38.555763],[-76.51634,38.590229],[-76.511278,38.615745],[-76.515554,38.629361],[-76.52462,38.645956],[-76.532398,38.678363],[-76.532537,38.699669],[-76.526655,38.72443],[-76.529868,38.728435],[-76.544475,38.727705],[-76.557535,38.744687],[-76.559884,38.767361],[-76.535379,38.778116],[-76.526979,38.787016],[-76.524679,38.795016],[-76.510078,38.801216],[-76.498878,38.817516],[-76.489878,38.838715],[-76.496579,38.853115],[-76.509285,38.848388],[-76.516944,38.851157],[-76.519442,38.863135],[-76.49068,38.884814],[-76.49368,38.910013],[-76.475761,38.914469],[-76.46938,38.907613],[-76.459479,38.907113],[-76.46188,38.924013],[-76.45028,38.941113],[-76.471281,38.956512],[-76.474198,38.972647],[-76.454581,38.974512],[-76.448981,38.982811],[-76.422181,38.989011],[-76.39408,39.011311],[-76.39778,39.022611],[-76.405081,39.033211],[-76.438928,39.052788],[-76.423081,39.07421],[-76.42186,39.081442],[-76.432981,39.113209],[-76.432481,39.126709],[-76.428681,39.131709],[-76.452782,39.143509],[-76.471483,39.154709],[-76.484023,39.164407],[-76.500926,39.161286],[-76.508384,39.169408],[-76.525785,39.177908],[-76.534185,39.190608],[-76.534285,39.213208],[-76.520584,39.223508],[-76.488883,39.202208],[-76.480083,39.205108],[-76.463483,39.205908],[-76.442482,39.195408],[-76.425281,39.205708],[-76.417681,39.219808],[-76.38938,39.235408],[-76.386937,39.249216],[-76.402355,39.258315],[-76.395136,39.269293],[-76.384901,39.275928],[-76.380662,39.299161],[-76.36439,39.31184],[-76.355495,39.312155],[-76.341432,39.30291],[-76.327579,39.314108],[-76.33957,39.324681],[-76.333924,39.333935],[-76.341443,39.354217],[-76.323679,39.357208],[-76.311679,39.355808],[-76.295678,39.350008],[-76.298778,39.329208],[-76.291078,39.318108],[-76.297878,39.302408],[-76.281578,39.302108],[-76.276078,39.322908],[-76.263577,39.334308],[-76.253928,39.336768],[-76.266365,39.353352],[-76.250107,39.36132],[-76.239877,39.361408],[-76.233776,39.352008],[-76.226976,39.349908],[-76.180074,39.377609],[-76.171474,39.39221],[-76.158774,39.40631],[-76.146373,39.40531],[-76.121889,39.421226],[-76.11682,39.427614],[-76.102232,39.435659],[-76.081176,39.436712],[-76.060989,39.447722],[-76.060931,39.452208],[-76.071975,39.475047],[-76.083286,39.47786],[-76.098315,39.476116],[-76.113929,39.486701],[-76.117253,39.496068],[-76.096072,39.536912],[-76.063811,39.54661],[-76.006341,39.550352],[-75.999669,39.560488],[-75.992633,39.563098],[-75.970337,39.557637],[-75.966955,39.53865],[-75.976057,39.529968],[-75.986298,39.510398],[-75.994135,39.488743],[-75.99657,39.476658],[-76.012312,39.453115],[-76.002497,39.450231],[-75.998276,39.457182],[-75.990005,39.458646],[-75.976601,39.447808],[-75.982585,39.435287],[-75.997396,39.430314],[-76.00688,39.414527],[-76.016531,39.408465],[-76.035002,39.401994],[-76.040962,39.394237],[-76.035568,39.38618],[-76.002515,39.385024],[-76.002408,39.367501],[-76.02299,39.361896],[-76.032923,39.367414],[-76.049846,39.370644],[-76.110527,39.372257],[-76.116356,39.360925],[-76.13495,39.35107],[-76.133225,39.340491],[-76.145524,39.334399],[-76.159673,39.335909],[-76.170422,39.332094],[-76.185581,39.319334],[-76.186024,39.312462],[-76.176778,39.306447],[-76.177704,39.298701],[-76.185674,39.285367],[-76.203031,39.269871],[-76.211253,39.269812],[-76.219338,39.261997],[-76.232051,39.233341],[-76.255831,39.191595],[-76.266602,39.180523],[-76.274637,39.16549],[-76.278527,39.145764],[-76.260894,39.143402],[-76.252968,39.133626],[-76.233457,39.091385],[-76.231117,39.061017],[-76.240905,39.039798],[-76.242687,39.028926],[-76.231765,39.018518],[-76.209114,39.01001],[-76.200666,39.01452],[-76.208502,39.024818],[-76.212616,39.041158],[-76.210041,39.06441],[-76.203383,39.085626],[-76.183908,39.096344],[-76.145174,39.092824],[-76.15896,39.065486],[-76.175284,39.058805],[-76.184207,39.046264],[-76.178281,39.031663],[-76.163616,39.010057],[-76.163988,38.999542],[-76.20236,38.973079],[-76.218929,38.970538],[-76.229277,38.97758],[-76.258813,38.983664],[-76.277478,38.982492],[-76.293962,39.003948],[-76.302846,39.025828],[-76.301847,39.039651],[-76.311766,39.035257],[-76.320269,39.02302],[-76.323557,39.008961],[-76.322679,38.999602],[-76.353828,38.957234],[-76.361727,38.939175],[-76.365658,38.907477],[-76.364678,38.873831],[-76.376202,38.850461],[-76.375086,38.839474],[-76.368195,38.836125],[-76.361141,38.851992],[-76.35039,38.857399],[-76.340587,38.85574],[-76.33103,38.86432],[-76.338501,38.892474],[-76.336104,38.905977],[-76.317947,38.911312],[-76.308425,38.898404],[-76.293254,38.902568],[-76.299431,38.918542],[-76.295911,38.928663],[-76.273083,38.941927],[-76.264943,38.930297],[-76.262226,38.919976],[-76.249674,38.920907],[-76.250157,38.938667],[-76.232038,38.942518],[-76.213842,38.937366],[-76.203638,38.928382],[-76.205063,38.892726],[-76.200082,38.882885],[-76.202598,38.862616],[-76.197705,38.843712],[-76.19109,38.82966],[-76.198138,38.81444],[-76.219328,38.812371],[-76.245886,38.822232],[-76.250364,38.825438],[-76.265808,38.847512],[-76.271575,38.851771],[-76.278151,38.835494],[-76.288455,38.827347],[-76.300889,38.82619],[-76.308922,38.813346],[-76.310081,38.796846],[-76.323768,38.779287],[-76.334619,38.772911],[-76.341302,38.751901],[-76.340543,38.730338],[-76.347998,38.686234],[-76.340341,38.671245],[-76.322418,38.679304],[-76.321865,38.689512],[-76.334017,38.703127],[-76.331479,38.713266],[-76.316146,38.729586],[-76.299401,38.727395],[-76.298499,38.718005],[-76.275015,38.712714],[-76.270277,38.724385],[-76.255093,38.736476],[-76.238685,38.735434],[-76.238725,38.712845],[-76.212808,38.681892],[-76.200334,38.670774],[-76.196716,38.67286],[-76.175159,38.673236],[-76.155611,38.658083],[-76.147158,38.63684],[-76.160148,38.625452],[-76.174969,38.628791],[-76.190902,38.621092],[-76.212427,38.606738],[-76.231187,38.61401],[-76.23665,38.628598],[-76.24651,38.626282],[-76.264155,38.615109],[-76.271827,38.615661],[-76.279589,38.60952],[-76.268633,38.597753],[-76.273496,38.59139],[-76.305172,38.575293],[-76.290043,38.569158],[-76.27964,38.557231],[-76.275913,38.548809],[-76.281047,38.53613],[-76.274057,38.531207],[-76.253624,38.539393],[-76.244396,38.536966],[-76.2473,38.523818],[-76.263968,38.503452],[-76.281761,38.502165],[-76.289507,38.503906],[-76.318054,38.498199],[-76.327257,38.500121],[-76.33636,38.492235],[-76.331559,38.473548],[-76.320843,38.459862],[-76.301488,38.439767],[-76.28302,38.413512],[-76.280551,38.403143],[-76.282271,38.393118],[-76.273003,38.366483],[-76.256788,38.366712],[-76.249666,38.364214],[-76.238452,38.347986],[-76.266602,38.339502],[-76.258189,38.318373],[-76.243897,38.310313],[-76.226376,38.309988],[-76.211446,38.302656],[-76.190531,38.277139],[-76.188644,38.267434],[-76.17335,38.247037],[-76.151035,38.234215],[-76.140068,38.231305],[-76.131332,38.23288],[-76.126623,38.242949],[-76.146297,38.249678],[-76.163249,38.248913],[-76.175783,38.261551],[-76.180165,38.276956],[-76.173555,38.28523],[-76.160474,38.290983],[-76.138524,38.281385],[-76.111296,38.286946],[-76.102549,38.277153],[-76.107592,38.262525],[-76.09972,38.253647],[-76.074897,38.252181],[-76.069502,38.238455],[-76.05801,38.227079],[-76.032044,38.216684],[-76.035695,38.230556],[-76.044108,38.241682],[-76.027487,38.280108],[-76.030532,38.28796],[-76.05022,38.304101],[-76.045599,38.318246],[-76.016682,38.332429],[-76.010217,38.353211],[-76.011869,38.360582],[-76.002282,38.374477],[-75.973876,38.36585],[-75.961948,38.341431],[-75.964237,38.324285],[-75.981345,38.315147],[-76.008647,38.312261],[-76.007375,38.304318],[-75.985815,38.276466],[-75.984274,38.265155],[-75.963453,38.251793],[-75.964119,38.241085],[-75.946414,38.23889],[-75.940697,38.246902],[-75.954542,38.252894],[-75.954908,38.263998],[-75.938577,38.272329],[-75.917297,38.263126],[-75.911143,38.257951],[-75.90845,38.246648],[-75.90004,38.232133],[-75.885676,38.231006],[-75.889356,38.2395],[-75.883435,38.244445],[-75.870318,38.243432],[-75.851396,38.226432],[-75.846377,38.210477],[-75.864104,38.200858],[-75.877751,38.198292],[-75.888073,38.203813],[-75.942375,38.187066],[-75.951566,38.178093],[-75.94728,38.170792],[-75.959616,38.137141],[-75.949557,38.118127],[-75.936663,38.109956],[-75.937089,38.124209],[-75.900355,38.14115],[-75.868636,38.134381],[-75.85954,38.140542],[-75.843862,38.144599],[-75.827674,38.133438],[-75.837563,38.113753],[-75.842604,38.113111],[-75.86381,38.100968],[-75.880515,38.075011],[-75.874189,38.060288],[-75.858881,38.060135],[-75.858944,38.067323],[-75.844265,38.072272],[-75.819591,38.066814],[-75.812913,38.058932],[-75.829375,38.043152],[-75.847922,38.03437],[-75.857507,38.038778],[-75.87319,38.034375],[-75.875297,38.011965],[-75.882768,38.002995],[-75.898956,37.974514],[-75.890871,37.954847],[-75.894065,37.93079],[-75.898316,37.925114],[-75.885032,37.911717],[-75.860727,37.91831],[-75.832414,37.933313],[-75.829901,37.938556],[-75.783815,37.972594],[-75.759091,37.970663],[-75.737997,37.963526],[-75.71315,37.976623],[-75.685995,37.967607],[-75.671681,37.966576],[-75.663095,37.961195],[-75.669711,37.950796],[-75.624341,37.994211],[-75.398839,38.013277],[-75.242266,38.027209],[-75.216117,38.061786],[-75.193796,38.096013],[-75.177394,38.130014],[-75.15897,38.184242],[-75.143229,38.220475],[-75.116837,38.274229],[-75.102947,38.311525],[-75.093888,38.323432],[-75.085518,38.32427],[-75.072476,38.355278],[-75.06137,38.389466],[-75.054591,38.41483],[-75.048939,38.451263],[-75.185413,38.451013],[-75.371054,38.452107],[-75.428728,38.452671],[-75.559934,38.455579],[-75.662843,38.458759],[-75.693521,38.460128],[-75.698777,38.522001],[-75.707352,38.635359],[-75.725829,38.869296],[-75.745793,39.114935],[-75.747671,39.143345],[-75.766693,39.377537],[-75.77924,39.534737],[-75.78745,39.637455],[-75.788658,39.681911],[-75.788359,39.721811],[-76.013067,39.72192],[-76.239805,39.721305],[-76.418784,39.721204],[-76.715594,39.721103],[-76.8901,39.720401],[-77.047104,39.72],[-77.243307,39.719998],[-77.459427,39.720017],[-77.534758,39.720134],[-77.724115,39.720894],[-77.768534,39.721358],[-78.073736,39.722314],[-78.202895,39.722416],[-78.380599,39.722554],[-78.808387,39.722726],[-78.931176,39.722775],[-79.392458,39.72134],[-79.476662,39.721078],[-79.478866,39.531689],[-79.482648,39.521364],[-79.487651,39.279933],[-79.485874,39.264905],[-79.486873,39.205961],[-79.402911,39.250106],[-79.378687,39.27192],[-79.25688,39.356077],[-79.213192,39.367897],[-79.201676,39.379726],[-79.08445,39.471356],[-79.04244,39.479339],[-79.025681,39.465539],[-78.968996,39.441543],[-78.874744,39.522611],[-78.824788,39.590233],[-78.787461,39.627492],[-78.760497,39.609984],[-78.772048,39.593833],[-78.760196,39.582154],[-78.689455,39.54577],[-78.655984,39.534695],[-78.565929,39.519444],[-78.468639,39.516789],[-78.436939,39.538959],[-78.432033,39.561053],[-78.450207,39.570889],[-78.458456,39.581158],[-78.457187,39.587379],[-78.43025,39.62329],[-78.355218,39.640576],[-78.313033,39.631001],[-78.283039,39.62047],[-78.271122,39.619642],[-78.224337,39.66327],[-78.191107,39.690262],[-78.176625,39.695967],[-78.143478,39.690412],[-78.107834,39.682137],[-78.074595,39.666686],[-78.035992,39.63572],[-78.009985,39.602893],[-77.946442,39.58491],[-77.902649,39.587796],[-77.884536,39.568174],[-77.888945,39.55595],[-77.865423,39.516472],[-77.845105,39.498285],[-77.807821,39.490241],[-77.765442,39.428574],[-77.739204,39.38573],[-77.760435,39.344171],[-77.755789,39.333899],[-77.727379,39.321666],[-77.719029,39.321125],[-77.667749,39.318129],[-77.592739,39.30129],[-77.560854,39.286152],[-77.534461,39.262361],[-77.511222,39.2535],[-77.484605,39.245941],[-77.46021,39.228359],[-77.458884,39.219826],[-77.478596,39.189168],[-77.505162,39.18205],[-77.516426,39.170891],[-77.527282,39.146236],[-77.524559,39.127821],[-77.519929,39.120925],[-77.458202,39.073723],[-77.42318,39.066878],[-77.375079,39.061297],[-77.340287,39.062991],[-77.291605,39.045408],[-77.261403,39.031009],[-77.251803,39.011409],[-77.255703,39.002409],[-77.249803,38.985909],[-77.235403,38.97661],[-77.221502,38.97131],[-77.197502,38.96681],[-77.166901,38.96811],[-77.148179,38.965002],[-77.137701,38.95531],[-77.1199,38.934311],[-77.040999,38.99511],[-76.909395,38.892812],[-77.001397,38.821513],[-77.038598,38.791513],[-77.041398,38.763914],[-77.074599,38.711015],[-77.1059,38.696815],[-77.121101,38.686616],[-77.132501,38.673816],[-77.135901,38.649817],[-77.1302,38.635017]]]]}},{"type":"Feature","properties":{"NAME":"New Jersey"},"geometry":{"type":"Polygon","coordinates":[[[-74.694914,41.357423],[-74.76173,41.336398],[-74.795847,41.318951],[-74.830057,41.2872],[-74.838366,41.277286],[-74.861678,41.241575],[-74.867267,41.228861],[-74.864356,41.224854],[-74.867287,41.208754],[-74.882139,41.180836],[-74.923169,41.138146],[-74.974338,41.103912],[-74.966759,41.093425],[-74.968389,41.087797],[-75.036982,41.034702],[-75.069277,41.019348],[-75.091377,41.012283],[-75.109114,41.004102],[-75.130575,40.991093],[-75.135526,40.973807],[-75.120435,40.968302],[-75.117764,40.953023],[-75.052538,40.872051],[-75.053294,40.8599],[-75.108505,40.791094],[-75.1344,40.773765],[-75.171587,40.777745],[-75.196533,40.751631],[-75.20392,40.691498],[-75.200708,40.618356],[-75.190161,40.589321],[-75.147368,40.573152],[-75.135389,40.575624],[-75.117292,40.573211],[-75.100325,40.567811],[-75.068615,40.542223],[-75.06509,40.526148],[-75.070568,40.455165],[-75.061489,40.422848],[-75.058848,40.418065],[-75.035548,40.406309],[-75.024775,40.403455],[-74.860492,40.284584],[-74.770706,40.214908],[-74.722304,40.160609],[-74.724304,40.14701],[-74.740605,40.13521],[-74.838008,40.10091],[-74.974713,40.048711],[-75.072017,39.980612],[-75.13322,39.922512],[-75.184952,39.881615],[-75.210425,39.865913],[-75.235026,39.856613],[-75.271159,39.84944],[-75.3065,39.849812],[-75.374635,39.82577],[-75.415041,39.801786],[-75.416095,39.79583],[-75.437938,39.783413],[-75.448135,39.773969],[-75.466249,39.750769],[-75.475384,39.731057],[-75.504042,39.698313],[-75.509742,39.686113],[-75.526844,39.655713],[-75.559446,39.629812],[-75.55587,39.605824],[-75.545405,39.596784],[-75.525677,39.584048],[-75.512732,39.578],[-75.514756,39.562612],[-75.527141,39.500112],[-75.542693,39.496568],[-75.542894,39.470447],[-75.536431,39.460559],[-75.508383,39.459131],[-75.505672,39.452927],[-75.476279,39.438126],[-75.465212,39.43893],[-75.442393,39.402291],[-75.431803,39.391625],[-75.422099,39.386521],[-75.399304,39.37949],[-75.39003,39.358259],[-75.365016,39.341388],[-75.355558,39.347823],[-75.341969,39.348697],[-75.327463,39.33927],[-75.326754,39.332473],[-75.315201,39.310593],[-75.288898,39.289557],[-75.28262,39.299055],[-75.271629,39.304041],[-75.251806,39.299913],[-75.244357,39.2857],[-75.241639,39.274097],[-75.21251,39.262755],[-75.205857,39.262619],[-75.177506,39.242746],[-75.170444,39.234643],[-75.164798,39.216606],[-75.165979,39.201842],[-75.139136,39.180021],[-75.12707,39.189766],[-75.114748,39.207554],[-75.101019,39.211657],[-75.086395,39.208159],[-75.062506,39.213564],[-75.047797,39.211702],[-75.035672,39.215415],[-75.026376,39.20985],[-75.023586,39.202594],[-75.026179,39.193621],[-74.998002,39.191253],[-74.976266,39.192271],[-74.962382,39.190238],[-74.905181,39.174945],[-74.887167,39.158825],[-74.885914,39.143627],[-74.892547,39.113183],[-74.903664,39.087437],[-74.93832,39.035185],[-74.94947,39.015637],[-74.955363,39.001262],[-74.971995,38.94037],[-74.963463,38.931194],[-74.933571,38.928519],[-74.90705,38.931994],[-74.882309,38.941759],[-74.870497,38.943543],[-74.864458,38.94041],[-74.850748,38.954538],[-74.819354,38.979402],[-74.792723,38.991991],[-74.786356,39.000113],[-74.778777,39.023073],[-74.738316,39.074727],[-74.705876,39.102937],[-74.704409,39.107858],[-74.714135,39.114631],[-74.714341,39.119804],[-74.67143,39.179802],[-74.651443,39.198578],[-74.646595,39.212002],[-74.636306,39.220834],[-74.614481,39.244659],[-74.597921,39.258851],[-74.581008,39.270819],[-74.560957,39.278677],[-74.551151,39.293539],[-74.521797,39.313816],[-74.459894,39.345016],[-74.412692,39.360816],[-74.408237,39.365071],[-74.406692,39.377516],[-74.36699,39.402017],[-74.334804,39.432001],[-74.304343,39.471445],[-74.302184,39.478935],[-74.313689,39.493874],[-74.311037,39.506715],[-74.291585,39.507705],[-74.27737,39.514064],[-74.249043,39.547994],[-74.240506,39.554911],[-74.190974,39.625118],[-74.141733,39.689435],[-74.113655,39.740719],[-74.096906,39.76303],[-74.090945,39.799978],[-74.077247,39.910991],[-74.064135,39.979157],[-74.039421,40.081437],[-74.033546,40.099518],[-74.030181,40.122814],[-73.993292,40.237669],[-73.981681,40.279411],[-73.977442,40.299373],[-73.971381,40.34801],[-73.971381,40.371709],[-73.976982,40.408508],[-73.978282,40.440208],[-73.995683,40.468707],[-74.0071,40.475298],[-74.017783,40.472207],[-74.006077,40.464625],[-73.991682,40.442908],[-73.998505,40.410911],[-74.006383,40.411108],[-74.047884,40.418908],[-74.058984,40.422708],[-74.076185,40.433707],[-74.088085,40.438407],[-74.116863,40.446069],[-74.133727,40.454672],[-74.157787,40.446607],[-74.174787,40.455607],[-74.193908,40.440995],[-74.206188,40.440707],[-74.209788,40.447407],[-74.236689,40.457806],[-74.261889,40.464706],[-74.26759,40.471806],[-74.27269,40.488405],[-74.26829,40.499205],[-74.246237,40.520963],[-74.251441,40.542301],[-74.248641,40.549601],[-74.231589,40.559204],[-74.218189,40.557204],[-74.208988,40.576304],[-74.202223,40.631053],[-74.189106,40.643832],[-74.181083,40.646484],[-74.143387,40.641903],[-74.094086,40.649703],[-74.082786,40.673702],[-74.069885,40.684502],[-74.051185,40.695802],[-74.038538,40.710741],[-74.024543,40.709436],[-74.013784,40.756601],[-73.933406,40.882078],[-73.917905,40.917577],[-73.893979,40.997197],[-73.90268,40.997297],[-74.096786,41.083796],[-74.234473,41.142883],[-74.392098,41.215594],[-74.457584,41.248225],[-74.694914,41.357423]]]}},{"type":"Feature","properties":{"NAME":"North Carolina"},"geometry":{"type":"MultiPolygon","coordinates":[[[[-75.753765,35.199612],[-75.785729,35.194244],[-75.801444,35.183079],[-75.812902,35.178568],[-75.839531,35.172197],[-75.893942,35.150433],[-75.9547,35.1196],[-75.966489,35.117787],[-75.973499,35.121087],[-75.98395,35.120042],[-75.989175,35.115165],[-75.989175,35.100882],[-75.99188,35.092395],[-76.013561,35.068832],[-76.00151,35.06723],[-75.982812,35.081513],[-75.944725,35.105091],[-75.912985,35.1196],[-75.840438,35.15134],[-75.769705,35.180359],[-75.728897,35.190334],[-75.635493,35.22026],[-75.610101,35.227514],[-75.580176,35.231142],[-75.560225,35.232048],[-75.533627,35.225825],[-75.52592,35.233839],[-75.502188,35.320012],[-75.486771,35.391652],[-75.471355,35.479615],[-75.462491,35.553556],[-75.458659,35.596597],[-75.479128,35.678634],[-75.496086,35.728515],[-75.502427,35.742913],[-75.522232,35.774178],[-75.533512,35.773577],[-75.515397,35.73038],[-75.515745,35.721671],[-75.507385,35.680564],[-75.487678,35.648287],[-75.48133,35.622896],[-75.47861,35.599318],[-75.47861,35.553069],[-75.487528,35.525889],[-75.489618,35.508471],[-75.487678,35.485056],[-75.494933,35.454224],[-75.506722,35.387118],[-75.518511,35.336335],[-75.523952,35.318198],[-75.529393,35.288272],[-75.535741,35.272856],[-75.561033,35.266008],[-75.581935,35.263917],[-75.596915,35.269491],[-75.599005,35.256253],[-75.615378,35.248938],[-75.630358,35.238487],[-75.640934,35.233862],[-75.664512,35.227514],[-75.68749,35.231171],[-75.694437,35.22298],[-75.718015,35.209377],[-75.753765,35.199612]]],[[[-75.675245,35.929024],[-75.69115,35.936932],[-75.718266,35.939714],[-75.726807,35.935844],[-75.723782,35.925569],[-75.702165,35.915428],[-75.696871,35.909556],[-75.697672,35.901639],[-75.681415,35.88398],[-75.67283,35.882423],[-75.660598,35.862541],[-75.660086,35.83861],[-75.675054,35.830204],[-75.667891,35.82354],[-75.63898,35.818639],[-75.624235,35.809387],[-75.614361,35.815659],[-75.619772,35.847606],[-75.616833,35.856331],[-75.62767,35.883149],[-75.64512,35.905788],[-75.662019,35.906522],[-75.65954,35.919564],[-75.675245,35.929024]]],[[[-75.867044,36.550754],[-75.952847,36.550553],[-76.12236,36.550621],[-76.313196,36.550551],[-76.541687,36.550312],[-76.807078,36.550606],[-76.916048,36.543815],[-77.1645,36.54633],[-77.24969,36.544745],[-77.296875,36.544746],[-77.767117,36.544752],[-77.87528,36.544754],[-78.133323,36.543847],[-78.245462,36.544411],[-78.471022,36.542307],[-78.529722,36.540981],[-78.663317,36.542011],[-78.7963,36.541713],[-78.971814,36.542123],[-79.124736,36.541568],[-79.342696,36.541382],[-79.510647,36.540738],[-79.666827,36.541772],[-79.920239,36.542365],[-80.027269,36.542495],[-80.169535,36.54319],[-80.228263,36.543867],[-80.431605,36.550219],[-80.687539,36.561411],[-80.744101,36.561686],[-80.837641,36.559118],[-80.901726,36.561751],[-81.061866,36.56702],[-81.307511,36.575024],[-81.353322,36.574723],[-81.521032,36.58052],[-81.60697,36.587094],[-81.677535,36.588117],[-81.699962,36.539714],[-81.707963,36.536209],[-81.69729,36.504887],[-81.700238,36.500475],[-81.695907,36.49158],[-81.697287,36.484738],[-81.715082,36.453365],[-81.714277,36.450978],[-81.725938,36.340364],[-81.747842,36.337356],[-81.764927,36.338672],[-81.789712,36.348324],[-81.793688,36.360428],[-81.855005,36.337259],[-81.908137,36.302013],[-81.932994,36.264881],[-81.960101,36.228131],[-82.02664,36.130222],[-82.080143,36.10572],[-82.127146,36.104417],[-82.137974,36.119576],[-82.136547,36.128817],[-82.147948,36.149516],[-82.211251,36.159012],[-82.222052,36.156911],[-82.237737,36.139189],[-82.325169,36.119363],[-82.348422,36.115929],[-82.375558,36.105609],[-82.409458,36.083409],[-82.462958,36.007309],[-82.507068,35.977475],[-82.557529,35.954671],[-82.596774,35.964987],[-82.611262,35.973155],[-82.615062,36.000306],[-82.602877,36.039833],[-82.619205,36.056556],[-82.632265,36.065705],[-82.637165,36.065805],[-82.683565,36.046104],[-82.715365,36.024253],[-82.754465,36.004304],[-82.778625,35.974792],[-82.830112,35.932972],[-82.852554,35.949089],[-82.874159,35.952698],[-82.898505,35.945101],[-82.913338,35.924113],[-82.89798,35.881278],[-82.918356,35.845467],[-82.962842,35.795126],[-82.98397,35.77801],[-82.995803,35.773128],[-83.100225,35.774765],[-83.164909,35.759965],[-83.240669,35.72676],[-83.255489,35.714974],[-83.250695,35.709349],[-83.254231,35.695807],[-83.297154,35.65775],[-83.366941,35.638728],[-83.445802,35.611803],[-83.479082,35.583316],[-83.485527,35.568204],[-83.498335,35.562981],[-83.640498,35.566075],[-83.676268,35.570289],[-83.756917,35.563604],[-83.880074,35.518745],[-83.933876,35.472438],[-83.952882,35.460635],[-83.9614,35.459496],[-84.00225,35.422548],[-84.024756,35.353896],[-84.038081,35.348363],[-84.032479,35.325318],[-84.02141,35.301383],[-84.02351,35.295783],[-84.055712,35.268182],[-84.097508,35.247382],[-84.202879,35.255772],[-84.211818,35.266078],[-84.227818,35.267878],[-84.29024,35.225572],[-84.292321,35.206677],[-84.308437,35.093173],[-84.321869,34.988408],[-84.129555,34.987504],[-84.029954,34.987321],[-83.936413,34.987485],[-83.673621,34.987111],[-83.620185,34.992091],[-83.549381,34.992492],[-83.483064,34.993737],[-83.108535,35.000771],[-82.897499,35.056021],[-82.78113,35.084585],[-82.777407,35.076885],[-82.781973,35.066817],[-82.764464,35.068177],[-82.686738,35.11979],[-82.686496,35.121822],[-82.582264,35.142268],[-82.580127,35.141963],[-82.536527,35.159137],[-82.51691,35.163029],[-82.476136,35.175486],[-82.384029,35.210542],[-82.288453,35.198605],[-82.257515,35.198636],[-82.167676,35.193699],[-81.969325,35.187215],[-81.874433,35.184113],[-81.768073,35.180132],[-81.494265,35.169882],[-81.239358,35.159974],[-81.090215,35.152627],[-81.043407,35.14839],[-81.032547,35.109102],[-81.036163,35.103205],[-81.052078,35.096276],[-81.057236,35.086129],[-81.057465,35.061983],[-81.041489,35.044703],[-80.95787,35.092639],[-80.93495,35.107409],[-80.906553,35.076763],[-80.806784,34.963249],[-80.782042,34.935782],[-80.79675,34.825281],[-80.777712,34.819697],[-80.646601,34.818592],[-80.561657,34.817481],[-80.45166,34.816396],[-80.320413,34.813813],[-80.072912,34.809736],[-79.927618,34.806555],[-79.773607,34.805931],[-79.688088,34.804897],[-79.634216,34.771012],[-79.490201,34.653819],[-79.471599,34.6372],[-79.459766,34.629027],[-79.358317,34.545358],[-79.323249,34.514634],[-79.198982,34.406699],[-79.071169,34.29924],[-78.712206,33.996732],[-78.6505,33.944035],[-78.541087,33.851112],[-78.509042,33.865515],[-78.383964,33.901946],[-78.276147,33.912364],[-78.17772,33.914272],[-78.136952,33.912178],[-78.095429,33.906031],[-78.018689,33.888289],[-78.006765,33.858704],[-77.970606,33.844517],[-77.960172,33.853315],[-77.956881,33.87779],[-77.946568,33.912261],[-77.927926,33.945265],[-77.915536,33.971723],[-77.878161,34.067963],[-77.870327,34.079221],[-77.841785,34.140747],[-77.829209,34.162618],[-77.764022,34.245641],[-77.740136,34.272546],[-77.713322,34.294879],[-77.687226,34.320444],[-77.661673,34.341868],[-77.635034,34.359555],[-77.582323,34.400506],[-77.556943,34.417218],[-77.491796,34.456098],[-77.462922,34.471354],[-77.322524,34.535574],[-77.240991,34.587507],[-77.209161,34.605032],[-77.169701,34.622023],[-77.136843,34.632926],[-77.031105,34.661184],[-76.990262,34.669623],[-76.906257,34.68282],[-76.817453,34.693722],[-76.770044,34.696899],[-76.726969,34.69669],[-76.693751,34.692509],[-76.676312,34.693151],[-76.662645,34.685524],[-76.642939,34.677618],[-76.618719,34.67255],[-76.579467,34.660174],[-76.549343,34.645585],[-76.550423,34.630789],[-76.555196,34.615993],[-76.535946,34.588577],[-76.524199,34.615416],[-76.494068,34.66197],[-76.450454,34.71445],[-76.386804,34.784579],[-76.31021,34.852309],[-76.233088,34.905477],[-76.137269,34.987858],[-76.073,35.030509],[-76.035933,35.058987],[-76.043621,35.070017],[-76.064933,35.077121],[-76.069906,35.075701],[-76.093349,35.048705],[-76.11182,35.034497],[-76.160127,34.991163],[-76.194936,34.962747],[-76.233672,34.925926],[-76.273986,34.897298],[-76.322808,34.86116],[-76.341279,34.842689],[-76.362591,34.824219],[-76.383827,34.807906],[-76.403108,34.806153],[-76.415871,34.813563],[-76.415871,34.82564],[-76.411609,34.841268],[-76.400242,34.855476],[-76.379641,34.86258],[-76.368274,34.872881],[-76.347673,34.872171],[-76.33382,34.882116],[-76.319967,34.897745],[-76.311442,34.910177],[-76.284092,34.936817],[-76.277698,34.940014],[-76.275567,34.960971],[-76.290691,34.969059],[-76.296524,34.976245],[-76.296188,34.98669],[-76.288709,34.997201],[-76.288354,35.005726],[-76.293682,35.009633],[-76.318546,35.020645],[-76.35229,35.033077],[-76.364367,35.034853],[-76.360815,35.025973],[-76.350159,35.016737],[-76.329557,34.986901],[-76.326361,34.976245],[-76.332044,34.970917],[-76.395625,34.975179],[-76.406281,34.987256],[-76.425461,35.001464],[-76.431855,35.030945],[-76.432565,35.049061],[-76.435762,35.057941],[-76.463468,35.076411],[-76.474521,35.070116],[-76.480141,35.05213],[-76.490258,35.034144],[-76.491382,35.017283],[-76.502623,35.007166],[-76.539719,35.000421],[-76.566697,34.998173],[-76.588055,34.991428],[-76.628523,34.994801],[-76.642012,35.012786],[-76.646509,35.025151],[-76.646509,35.042013],[-76.639764,35.051006],[-76.622902,35.061123],[-76.61391,35.061123],[-76.60042,35.067867],[-76.593676,35.075736],[-76.586931,35.092598],[-76.57569,35.092598],[-76.568945,35.097094],[-76.557704,35.116204],[-76.546463,35.122948],[-76.536346,35.142058],[-76.539719,35.166788],[-76.536346,35.174657],[-76.521733,35.192643],[-76.504872,35.207256],[-76.494755,35.212877],[-76.490258,35.233111],[-76.477893,35.243228],[-76.467776,35.261213],[-76.467776,35.276951],[-76.472273,35.294936],[-76.482389,35.314046],[-76.500375,35.321915],[-76.548712,35.328659],[-76.554332,35.332032],[-76.588055,35.333156],[-76.602669,35.336528],[-76.61953,35.345521],[-76.628523,35.368003],[-76.620654,35.37812],[-76.606041,35.387113],[-76.580187,35.387113],[-76.521733,35.391609],[-76.499251,35.381492],[-76.485762,35.371375],[-76.472273,35.371375],[-76.462156,35.380368],[-76.448666,35.383741],[-76.436301,35.37812],[-76.431805,35.362383],[-76.420564,35.35901],[-76.399206,35.348893],[-76.387965,35.356762],[-76.374475,35.355638],[-76.365483,35.348893],[-76.349745,35.345521],[-76.340752,35.346645],[-76.335132,35.355638],[-76.304781,35.355638],[-76.282299,35.345521],[-76.265437,35.343273],[-76.253072,35.350017],[-76.235087,35.350017],[-76.20586,35.336528],[-76.182254,35.336528],[-76.165392,35.328659],[-76.149655,35.326411],[-76.14291,35.32866],[-76.14291,35.338776],[-76.132793,35.349455],[-76.123238,35.351142],[-76.092887,35.361259],[-76.069281,35.370813],[-76.059726,35.383741],[-76.063661,35.405099],[-76.050171,35.415778],[-76.037244,35.414091],[-76.025441,35.408471],[-76.01139,35.423084],[-76.009704,35.442194],[-75.997901,35.453435],[-75.994528,35.463552],[-75.995652,35.475355],[-75.987222,35.484348],[-75.963053,35.493903],[-75.964178,35.511326],[-75.954623,35.526502],[-75.94563,35.53437],[-75.916403,35.538305],[-75.908534,35.546174],[-75.906848,35.559101],[-75.895045,35.573152],[-75.859636,35.586641],[-75.851767,35.578773],[-75.837154,35.570904],[-75.797248,35.574276],[-75.775328,35.579335],[-75.778138,35.592262],[-75.762963,35.603503],[-75.747225,35.610248],[-75.729802,35.625985],[-75.737109,35.63835],[-75.742167,35.655212],[-75.741605,35.672073],[-75.713502,35.693993],[-75.715188,35.708045],[-75.719123,35.714227],[-75.724743,35.742892],[-75.735422,35.767622],[-75.739357,35.770994],[-75.726689,35.811361],[-75.727216,35.822703],[-75.734587,35.839266],[-75.748276,35.852428],[-75.753014,35.871382],[-75.751961,35.878227],[-75.768809,35.901393],[-75.778813,35.918241],[-75.782498,35.935615],[-75.800926,35.944566],[-75.80935,35.959308],[-75.84989,35.976156],[-75.879374,35.978789],[-75.899382,35.977209],[-75.938343,35.9651],[-75.947293,35.959835],[-75.92676,35.940354],[-75.927286,35.93193],[-75.94782,35.920347],[-75.962562,35.901393],[-75.97783,35.897181],[-76.004682,35.905078],[-76.011526,35.914029],[-76.01995,35.934036],[-76.014159,35.957202],[-76.024162,35.970891],[-76.062071,35.993004],[-76.083131,35.989845],[-76.093697,35.993001],[-76.176585,35.993267],[-76.213966,35.988002],[-76.272408,35.972734],[-76.317687,35.946935],[-76.340327,35.94325],[-76.362966,35.942197],[-76.381394,35.96273],[-76.38192,35.971681],[-76.398242,35.984317],[-76.460632,35.970365],[-76.473795,35.960888],[-76.496961,35.955096],[-76.507491,35.949831],[-76.528551,35.944039],[-76.586992,35.941933],[-76.60384,35.939827],[-76.608052,35.936668],[-76.673865,35.935089],[-76.691766,35.944566],[-76.697558,35.951937],[-76.70019,35.964573],[-76.695452,35.973524],[-76.684922,35.983001],[-76.679657,35.991951],[-76.684922,36.009852],[-76.671759,36.018276],[-76.653332,36.035124],[-76.631745,36.038283],[-76.615423,36.037757],[-76.60384,36.033018],[-76.589625,36.015644],[-76.575936,36.006167],[-76.5633,36.009852],[-76.547505,36.009852],[-76.514335,36.00564],[-76.491959,36.018013],[-76.459316,36.024331],[-76.451418,36.039073],[-76.442994,36.042758],[-76.420881,36.06066],[-76.410878,36.078034],[-76.355069,36.086458],[-76.323478,36.084879],[-76.303998,36.092776],[-76.298733,36.1012],[-76.28715,36.104886],[-76.265037,36.104886],[-76.238712,36.098568],[-76.216599,36.095409],[-76.191715,36.107197],[-76.19238,36.113448],[-76.178946,36.123424],[-76.092555,36.135794],[-76.071672,36.140183],[-76.05927,36.149285],[-76.06545,36.165224],[-76.063498,36.173518],[-76.051626,36.181325],[-76.031784,36.189131],[-76.016984,36.186367],[-75.995191,36.178072],[-75.939047,36.165518],[-75.924654,36.163591],[-75.904999,36.164188],[-75.875033,36.157448],[-75.867385,36.151182],[-75.867792,36.127262],[-75.847785,36.10199],[-75.836084,36.092616],[-75.799779,36.07264],[-75.791637,36.082267],[-75.800378,36.112728],[-75.813444,36.136871],[-75.822531,36.145957],[-75.823915,36.158332],[-75.839924,36.17711],[-75.841222,36.193812],[-75.838367,36.200129],[-75.848838,36.21657],[-75.858703,36.222628],[-75.864154,36.235522],[-75.867356,36.252483],[-75.861818,36.266415],[-75.86052,36.280607],[-75.882154,36.284674],[-75.888211,36.293414],[-75.895285,36.319615],[-75.915331,36.352335],[-75.923331,36.361863],[-75.923511,36.367796],[-75.916409,36.38901],[-75.923601,36.425788],[-75.932694,36.427627],[-75.940676,36.41885],[-75.962285,36.41724],[-75.98005,36.435464],[-76.003912,36.441864],[-76.012337,36.447462],[-76.020216,36.45862],[-76.031949,36.482496],[-76.029221,36.494365],[-76.019261,36.503506],[-76.003708,36.506235],[-75.972545,36.494671],[-75.960069,36.495025],[-75.935473,36.490601],[-75.927333,36.482815],[-75.907279,36.485809],[-75.899908,36.482124],[-75.891484,36.460537],[-75.888325,36.441583],[-75.880428,36.435792],[-75.864106,36.430527],[-75.85147,36.415785],[-75.852523,36.384721],[-75.847258,36.372085],[-75.836201,36.363135],[-75.831858,36.339047],[-75.841335,36.328517],[-75.845284,36.305614],[-75.837913,36.294558],[-75.822907,36.291662],[-75.814483,36.285344],[-75.808165,36.259545],[-75.811588,36.244014],[-75.783676,36.215949],[-75.775814,36.201097],[-75.75572,36.153922],[-75.750479,36.131208],[-75.75025,36.121076],[-75.73972,36.07527],[-75.741563,36.055526],[-75.737088,36.040784],[-75.726821,36.040521],[-75.722082,36.03236],[-75.726558,36.02104],[-75.727084,36.01051],[-75.723662,36.003139],[-75.678909,35.993925],[-75.668379,35.978394],[-75.648899,35.965758],[-75.620114,35.925288],[-75.617045,35.906],[-75.619151,35.889415],[-75.60125,35.867302],[-75.588878,35.844926],[-75.573083,35.828867],[-75.566238,35.813072],[-75.553934,35.799332],[-75.543259,35.779691],[-75.533012,35.787377],[-75.552299,35.822173],[-75.569794,35.863301],[-75.658537,36.02043],[-75.696742,36.077497],[-75.71831,36.113674],[-75.738431,36.154282],[-75.759637,36.204705],[-75.77251,36.22944],[-75.79641,36.290351],[-75.818735,36.357579],[-75.834975,36.42265],[-75.856901,36.500155],[-75.867044,36.550754]]]]}},{"type":"Feature","properties":{"NAME":"South Carolina"},"geometry":{"type":"Polygon","coordinates":[[[-78.541087,33.851112],[-78.6505,33.944035],[-78.712206,33.996732],[-79.071169,34.29924],[-79.198982,34.406699],[-79.323249,34.514634],[-79.358317,34.545358],[-79.459766,34.629027],[-79.471599,34.6372],[-79.490201,34.653819],[-79.634216,34.771012],[-79.688088,34.804897],[-79.773607,34.805931],[-79.927618,34.806555],[-80.072912,34.809736],[-80.320413,34.813813],[-80.45166,34.816396],[-80.561657,34.817481],[-80.646601,34.818592],[-80.777712,34.819697],[-80.79675,34.825281],[-80.782042,34.935782],[-80.806784,34.963249],[-80.906553,35.076763],[-80.93495,35.107409],[-80.95787,35.092639],[-81.041489,35.044703],[-81.057465,35.061983],[-81.057236,35.086129],[-81.052078,35.096276],[-81.036163,35.103205],[-81.032547,35.109102],[-81.043407,35.14839],[-81.090215,35.152627],[-81.239358,35.159974],[-81.494265,35.169882],[-81.768073,35.180132],[-81.874433,35.184113],[-81.969325,35.187215],[-82.167676,35.193699],[-82.257515,35.198636],[-82.288453,35.198605],[-82.384029,35.210542],[-82.476136,35.175486],[-82.51691,35.163029],[-82.536527,35.159137],[-82.580127,35.141963],[-82.582264,35.142268],[-82.686496,35.121822],[-82.686738,35.11979],[-82.764464,35.068177],[-82.781973,35.066817],[-82.777407,35.076885],[-82.78113,35.084585],[-82.897499,35.056021],[-83.108535,35.000771],[-83.143261,34.924756],[-83.242962,34.877749],[-83.267293,34.832748],[-83.283151,34.821328],[-83.32406,34.788691],[-83.339129,34.741266],[-83.352485,34.715993],[-83.351293,34.701703],[-83.338194,34.687924],[-83.291683,34.653396],[-83.240676,34.624307],[-83.167523,34.600424],[-83.170278,34.592398],[-83.087189,34.515939],[-83.072746,34.504349],[-83.034712,34.483495],[-83.006848,34.474376],[-82.995284,34.474549],[-82.992671,34.479072],[-82.979568,34.482702],[-82.939067,34.486202],[-82.902665,34.485902],[-82.882864,34.479003],[-82.874864,34.468891],[-82.848651,34.423844],[-82.755028,34.276067],[-82.74198,34.230196],[-82.744415,34.224913],[-82.74192,34.210063],[-82.731881,34.178363],[-82.717507,34.150504],[-82.70414,34.141007],[-82.67732,34.131657],[-82.668113,34.12016],[-82.659077,34.103544],[-82.640701,34.088341],[-82.564582,33.95581],[-82.429164,33.865844],[-82.422803,33.863754],[-82.403881,33.865477],[-82.32448,33.820033],[-82.301457,33.801864],[-82.247472,33.752591],[-82.218649,33.686299],[-82.196583,33.630582],[-82.179854,33.615945],[-82.135046,33.591044],[-82.124841,33.591274],[-82.098816,33.586358],[-82.069039,33.575382],[-82.046335,33.56383],[-81.967037,33.480636],[-81.912572,33.408811],[-81.902737,33.331242],[-81.852136,33.247544],[-81.696934,33.116551],[-81.620287,33.095408],[-81.541831,33.045654],[-81.51169,33.024506],[-81.496637,33.010224],[-81.491495,32.998572],[-81.494736,32.978998],[-81.49983,32.963816],[-81.423772,32.810514],[-81.404949,32.747027],[-81.414761,32.63744],[-81.41866,32.629392],[-81.411906,32.61841],[-81.389338,32.595436],[-81.348155,32.569294],[-81.328753,32.561228],[-81.318255,32.559722],[-81.275415,32.539457],[-81.199029,32.467286],[-81.168032,32.368391],[-81.140932,32.349393],[-81.134332,32.341693],[-81.122333,32.305395],[-81.120333,32.285796],[-81.128034,32.276297],[-81.122034,32.161803],[-81.117234,32.117605],[-81.113334,32.113205],[-81.06185,32.087935],[-81.042833,32.084508],[-80.885517,32.0346],[-80.892344,32.043764],[-80.905378,32.051943],[-80.858735,32.099581],[-80.844431,32.109709],[-80.828394,32.113222],[-80.82153,32.108589],[-80.812503,32.109746],[-80.789996,32.122494],[-80.749091,32.140137],[-80.721463,32.160427],[-80.688857,32.200971],[-80.669166,32.216783],[-80.658634,32.248638],[-80.638857,32.255618],[-80.618286,32.260183],[-80.596394,32.273549],[-80.571096,32.273278],[-80.545688,32.282076],[-80.517871,32.298796],[-80.466342,32.31917],[-80.455192,32.326458],[-80.456814,32.336884],[-80.445451,32.350335],[-80.434303,32.375193],[-80.429291,32.389667],[-80.43296,32.410659],[-80.446075,32.423721],[-80.467588,32.425259],[-80.480156,32.447048],[-80.484617,32.460976],[-80.48025,32.477407],[-80.472068,32.496964],[-80.452078,32.497286],[-80.439407,32.503472],[-80.423454,32.497989],[-80.418502,32.490894],[-80.417896,32.476076],[-80.413487,32.470672],[-80.392561,32.475332],[-80.380716,32.486359],[-80.363956,32.496098],[-80.343883,32.490795],[-80.338354,32.47873],[-80.332438,32.478104],[-80.277681,32.516161],[-80.246361,32.531114],[-80.20523,32.555547],[-80.188401,32.553604],[-80.171764,32.546118],[-80.167286,32.559885],[-80.148406,32.578479],[-80.121368,32.590523],[-80.077039,32.603319],[-80.037276,32.610236],[-80.010505,32.608852],[-79.99175,32.616389],[-79.986917,32.626388],[-79.975248,32.639537],[-79.968468,32.639732],[-79.915682,32.664915],[-79.884961,32.684402],[-79.888028,32.695177],[-79.870336,32.727777],[-79.868352,32.734849],[-79.873605,32.745657],[-79.866742,32.757422],[-79.848527,32.755248],[-79.84035,32.756816],[-79.818237,32.766352],[-79.811021,32.77696],[-79.726389,32.805996],[-79.716761,32.813627],[-79.719879,32.825796],[-79.702956,32.835781],[-79.695141,32.850398],[-79.655426,32.872705],[-79.631149,32.888606],[-79.576006,32.906235],[-79.569762,32.926692],[-79.572614,32.933885],[-79.585897,32.926461],[-79.606194,32.925953],[-79.617715,32.94487],[-79.617611,32.952726],[-79.60102,32.979282],[-79.58659,32.991334],[-79.580725,33.006447],[-79.55756,33.021269],[-79.522449,33.03535],[-79.506923,33.032813],[-79.488727,33.015832],[-79.483499,33.001265],[-79.461047,33.007639],[-79.423447,33.015085],[-79.416515,33.006815],[-79.403712,33.003903],[-79.359961,33.006672],[-79.339313,33.050336],[-79.335346,33.065362],[-79.337169,33.072302],[-79.329909,33.089986],[-79.291591,33.109773],[-79.24609,33.124865],[-79.238262,33.137055],[-79.215453,33.155569],[-79.195631,33.166016],[-79.18787,33.173712],[-79.172394,33.206577],[-79.180563,33.237955],[-79.180318,33.254141],[-79.162332,33.327246],[-79.152035,33.350925],[-79.147496,33.378243],[-79.135441,33.403867],[-79.10136,33.461016],[-79.084588,33.483669],[-79.041125,33.523773],[-79.028516,33.533365],[-79.007356,33.566565],[-78.938076,33.639826],[-78.862931,33.705654],[-78.812931,33.743472],[-78.772737,33.768511],[-78.714116,33.800138],[-78.67226,33.817587],[-78.584841,33.844282],[-78.553944,33.847831],[-78.541087,33.851112]]]}},{"type":"Feature","properties":{"NAME":"Washington"},"geometry":{"type":"MultiPolygon","coordinates":[[[[-122.397349,47.912401],[-122.39042,47.905696],[-122.380497,47.904023],[-122.37578,47.910252],[-122.376837,47.923703],[-122.358812,47.93742],[-122.350741,47.953235],[-122.350254,47.969355],[-122.353611,47.981433],[-122.373263,48.000791],[-122.376259,48.034457],[-122.400628,48.036563],[-122.431266,48.045001],[-122.448419,48.054323],[-122.461606,48.068501],[-122.491104,48.094242],[-122.513276,48.097538],[-122.525422,48.096537],[-122.511081,48.075301],[-122.513994,48.059077],[-122.538953,48.050232],[-122.54512,48.05255],[-122.554559,48.077392],[-122.571853,48.102143],[-122.558205,48.119579],[-122.567936,48.148624],[-122.574905,48.155593],[-122.585778,48.182352],[-122.606406,48.208262],[-122.628352,48.222467],[-122.63126,48.220686],[-122.668385,48.223967],[-122.66921,48.240614],[-122.65343,48.25934],[-122.652639,48.265081],[-122.623779,48.269431],[-122.620748,48.282961],[-122.626757,48.288991],[-122.618466,48.294159],[-122.599532,48.298303],[-122.574872,48.294903],[-122.558332,48.282061],[-122.530976,48.282445],[-122.522756,48.285504],[-122.505828,48.297677],[-122.506568,48.310041],[-122.515979,48.320419],[-122.551334,48.342138],[-122.585162,48.353304],[-122.588891,48.363005],[-122.585038,48.395166],[-122.595351,48.3972],[-122.596732,48.405626],[-122.609715,48.411565],[-122.627809,48.3972],[-122.634991,48.404244],[-122.644798,48.405488],[-122.664659,48.401508],[-122.664928,48.374823],[-122.673731,48.354683],[-122.707077,48.315286],[-122.72259,48.304268],[-122.732022,48.279425],[-122.752563,48.260061],[-122.769939,48.227548],[-122.763042,48.215342],[-122.744612,48.20965],[-122.73503,48.199964],[-122.711508,48.193573],[-122.693084,48.181509],[-122.686626,48.174653],[-122.679556,48.155113],[-122.65602,48.162513],[-122.633167,48.163281],[-122.617464,48.159055],[-122.609568,48.15186],[-122.602109,48.135249],[-122.598301,48.110616],[-122.614028,48.072788],[-122.594922,48.056318],[-122.596786,48.038834],[-122.607342,48.030992],[-122.58178,48.010386],[-122.560018,48.006502],[-122.542924,47.996404],[-122.543063,47.985983],[-122.552053,47.973644],[-122.546824,47.967215],[-122.521219,47.972997],[-122.514813,47.981152],[-122.487505,47.990729],[-122.47266,47.988449],[-122.446682,47.963155],[-122.44076,47.951845],[-122.445519,47.930226],[-122.431035,47.914732],[-122.419274,47.912125],[-122.397349,47.912401]]],[[[-122.649405,48.588457],[-122.652385,48.583432],[-122.650786,48.554019],[-122.654342,48.537956],[-122.649256,48.528769],[-122.640414,48.52586],[-122.619858,48.529246],[-122.599948,48.536904],[-122.590194,48.536259],[-122.572967,48.529028],[-122.578856,48.54813],[-122.610841,48.561146],[-122.629321,48.5722],[-122.642597,48.588339],[-122.649405,48.588457]]],[[[-122.714512,48.60878],[-122.72493,48.603263],[-122.739898,48.583949],[-122.73944,48.573893],[-122.73048,48.565602],[-122.717278,48.539739],[-122.68944,48.543903],[-122.670638,48.568812],[-122.691745,48.590612],[-122.694672,48.596602],[-122.714512,48.60878]]],[[[-122.699266,48.621115],[-122.686136,48.613267],[-122.666149,48.608088],[-122.657016,48.609891],[-122.674173,48.629944],[-122.699266,48.621115]]],[[[-122.800217,48.60169],[-122.809622,48.619035],[-122.792147,48.633502],[-122.783875,48.635419],[-122.755031,48.649512],[-122.743049,48.661991],[-122.800267,48.67962],[-122.802545,48.682682],[-122.833124,48.698173],[-122.875938,48.71212],[-122.894599,48.71503],[-122.918252,48.713505],[-122.942367,48.706723],[-122.949116,48.693398],[-122.984853,48.672686],[-122.988884,48.667246],[-123.009924,48.655064],[-123.015592,48.642567],[-123.023495,48.634001],[-123.048652,48.621002],[-123.041189,48.611947],[-123.023433,48.599477],[-123.034101,48.591767],[-123.016647,48.580244],[-122.995026,48.578162],[-122.98611,48.569984],[-122.987296,48.561895],[-123.015046,48.560821],[-123.033669,48.563409],[-123.048403,48.569216],[-123.06004,48.582105],[-123.074611,48.591816],[-123.101552,48.59782],[-123.098462,48.612834],[-123.107362,48.622451],[-123.135645,48.620171],[-123.151643,48.623686],[-123.178425,48.622115],[-123.195725,48.607055],[-123.203026,48.596178],[-123.197754,48.586216],[-123.184941,48.58697],[-123.173061,48.579086],[-123.176266,48.562131],[-123.16147,48.547618],[-123.163234,48.529544],[-123.141478,48.505291],[-123.119451,48.492576],[-123.067675,48.479497],[-123.039156,48.460003],[-122.962009,48.451161],[-122.937881,48.456221],[-122.926901,48.460874],[-122.91646,48.453263],[-122.913888,48.443231],[-122.903214,48.436979],[-122.889016,48.435947],[-122.893646,48.422655],[-122.874135,48.418196],[-122.825803,48.424131],[-122.812208,48.422326],[-122.802509,48.433098],[-122.8131,48.452856],[-122.81973,48.458843],[-122.816332,48.487841],[-122.800414,48.494467],[-122.779124,48.508911],[-122.777467,48.517799],[-122.787347,48.523012],[-122.788503,48.530393],[-122.782618,48.545191],[-122.772384,48.552143],[-122.771206,48.562426],[-122.786586,48.576666],[-122.801096,48.585425],[-122.804869,48.595932],[-122.800217,48.60169]]],[[[-123.197953,48.68466],[-123.212892,48.689713],[-123.236567,48.68895],[-123.237148,48.683466],[-123.215917,48.669352],[-123.134956,48.63724],[-123.119677,48.632972],[-123.106165,48.633473],[-123.130962,48.656789],[-123.14799,48.668001],[-123.186076,48.684917],[-123.197953,48.68466]]],[[[-123.025486,48.717966],[-123.040179,48.717296],[-123.070427,48.699971],[-123.047058,48.695772],[-123.03636,48.69008],[-123.042337,48.675663],[-123.021215,48.681416],[-123.005086,48.694342],[-123.007511,48.718863],[-123.025486,48.717966]]],[[[-122.321721,48.019977],[-122.334524,48.018916],[-122.326115,48.010295],[-122.306629,48.004397],[-122.321721,48.019977]]],[[[-123.035393,49.002154],[-123.090546,49.001976],[-123.084498,48.986535],[-123.083834,48.976139],[-123.060717,48.975388],[-123.040967,48.977305],[-123.028091,48.973943],[-123.021459,48.977299],[-123.035393,49.002154]]],[[[-122.695907,48.737273],[-122.715709,48.748672],[-122.722262,48.731624],[-122.718833,48.716818],[-122.702223,48.717004],[-122.691795,48.711498],[-122.673538,48.680809],[-122.635299,48.651846],[-122.609576,48.645018],[-122.618225,48.670721],[-122.644901,48.691389],[-122.663259,48.697077],[-122.668947,48.706644],[-122.695907,48.737273]]],[[[-117.032351,48.999188],[-117.268247,48.999818],[-117.429539,48.999957],[-118.196891,49.000094],[-118.836794,49.000209],[-119.132102,49.000262],[-119.428678,49.000253],[-119.702016,49.000269],[-120.851202,49.001191],[-121.12624,49.001412],[-121.751252,48.997399],[-122.098357,49.002146],[-122.407829,49.002193],[-122.75802,49.002357],[-122.756318,48.996881],[-122.774276,48.991038],[-122.796887,48.975026],[-122.817226,48.95597],[-122.822464,48.944911],[-122.818232,48.939062],[-122.787539,48.931702],[-122.770432,48.942528],[-122.755624,48.93866],[-122.746596,48.930731],[-122.745371,48.921227],[-122.751289,48.911239],[-122.783747,48.894639],[-122.785659,48.885066],[-122.722685,48.852855],[-122.717073,48.84719],[-122.709169,48.817829],[-122.7112,48.79146],[-122.699303,48.789063],[-122.698675,48.800522],[-122.693683,48.804475],[-122.680246,48.80275],[-122.659708,48.786523],[-122.646777,48.785011],[-122.647443,48.773998],[-122.666953,48.748445],[-122.673472,48.733082],[-122.646323,48.708001],[-122.630422,48.696625],[-122.615169,48.693839],[-122.605733,48.701066],[-122.612562,48.714932],[-122.626287,48.72093],[-122.638082,48.732486],[-122.627808,48.74466],[-122.606787,48.759143],[-122.596844,48.771492],[-122.567498,48.779185],[-122.535803,48.776128],[-122.528203,48.768428],[-122.510902,48.757728],[-122.490401,48.751128],[-122.495301,48.737328],[-122.505684,48.724524],[-122.515511,48.720992],[-122.519172,48.713095],[-122.506718,48.669692],[-122.500308,48.656163],[-122.486878,48.643122],[-122.46425,48.625717],[-122.448702,48.622624],[-122.425271,48.599522],[-122.433059,48.581609],[-122.44456,48.570115],[-122.478431,48.559303],[-122.488421,48.564665],[-122.495904,48.575927],[-122.512372,48.578067],[-122.534787,48.57596],[-122.531978,48.568644],[-122.504428,48.564775],[-122.498463,48.556206],[-122.485288,48.528106],[-122.483501,48.49243],[-122.471832,48.470724],[-122.500721,48.460887],[-122.526943,48.468004],[-122.537355,48.466749],[-122.556834,48.498812],[-122.568071,48.50821],[-122.598469,48.512169],[-122.599951,48.520946],[-122.615183,48.521427],[-122.671386,48.50398],[-122.684521,48.509123],[-122.701644,48.497622],[-122.712981,48.47879],[-122.712322,48.464143],[-122.700603,48.457632],[-122.689121,48.476849],[-122.664623,48.478128],[-122.657753,48.47294],[-122.654844,48.454087],[-122.667249,48.442503],[-122.678928,48.439466],[-122.674158,48.424726],[-122.665338,48.416453],[-122.649839,48.408526],[-122.61448,48.41488],[-122.581607,48.429244],[-122.575254,48.443333],[-122.557298,48.444438],[-122.551221,48.439465],[-122.558403,48.426758],[-122.554536,48.40604],[-122.539449,48.39719],[-122.533452,48.383409],[-122.507437,48.364666],[-122.475529,48.359912],[-122.442678,48.337934],[-122.424102,48.334346],[-122.408718,48.326413],[-122.38431,48.304123],[-122.371693,48.287839],[-122.392058,48.269628],[-122.395328,48.257187],[-122.406516,48.25183],[-122.463962,48.270541],[-122.474494,48.255227],[-122.493448,48.252043],[-122.503786,48.257045],[-122.530996,48.249821],[-122.535209,48.240213],[-122.534431,48.223005],[-122.538916,48.209683],[-122.53722,48.183745],[-122.522576,48.161712],[-122.512031,48.133931],[-122.489986,48.120617],[-122.477983,48.129048],[-122.4675,48.130353],[-122.44966,48.114041],[-122.423703,48.102941],[-122.393413,48.078472],[-122.38769,48.065189],[-122.377114,48.057568],[-122.363107,48.054546],[-122.360345,48.061527],[-122.379481,48.087384],[-122.411649,48.11321],[-122.442383,48.130841],[-122.475803,48.166792],[-122.478535,48.188087],[-122.47025,48.194007],[-122.45493,48.196639],[-122.442051,48.20935],[-122.449513,48.214736],[-122.45371,48.228859],[-122.433767,48.23655],[-122.425572,48.232887],[-122.396121,48.229233],[-122.385703,48.217811],[-122.382102,48.207106],[-122.372492,48.193022],[-122.362044,48.187568],[-122.363479,48.174438],[-122.370253,48.164809],[-122.364744,48.151304],[-122.365078,48.125822],[-122.343241,48.097631],[-122.326119,48.092877],[-122.321709,48.085507],[-122.305838,48.073415],[-122.281087,48.049793],[-122.231761,48.029876],[-122.224979,48.016626],[-122.23022,48.007154],[-122.232391,47.987713],[-122.226346,47.976417],[-122.230046,47.970917],[-122.249007,47.959507],[-122.278047,47.956517],[-122.307048,47.949117],[-122.311148,47.936717],[-122.310747,47.925117],[-122.321847,47.911817],[-122.328546,47.897917],[-122.333543,47.880246],[-122.329545,47.869418],[-122.339944,47.846718],[-122.353244,47.840618],[-122.392044,47.807718],[-122.394944,47.803318],[-122.397043,47.779719],[-122.394442,47.772219],[-122.380241,47.758519],[-122.382641,47.749119],[-122.37314,47.729219],[-122.38044,47.709119],[-122.393248,47.701602],[-122.403841,47.689419],[-122.407841,47.680119],[-122.429841,47.658919],[-122.414645,47.639766],[-122.40424,47.63392],[-122.386039,47.63172],[-122.367819,47.624213],[-122.344937,47.60912],[-122.339513,47.599113],[-122.342937,47.59122],[-122.358238,47.58482],[-122.370167,47.583087],[-122.387139,47.59572],[-122.401839,47.58392],[-122.421139,47.57602],[-122.409839,47.56892],[-122.398338,47.55012],[-122.393938,47.52482],[-122.396538,47.51522],[-122.386637,47.50222],[-122.365236,47.48842],[-122.361336,47.481421],[-122.368036,47.459221],[-122.383136,47.450521],[-122.367036,47.447621],[-122.355135,47.441921],[-122.348035,47.415921],[-122.335234,47.408421],[-122.325734,47.391521],[-122.324833,47.348521],[-122.336934,47.341421],[-122.364168,47.335953],[-122.423535,47.319121],[-122.443008,47.306333],[-122.444635,47.300421],[-122.432335,47.296021],[-122.424235,47.297521],[-122.409199,47.288556],[-122.429605,47.269707],[-122.4442,47.266723],[-122.471652,47.277321],[-122.533338,47.31662],[-122.571239,47.315619],[-122.57134,47.327219],[-122.55584,47.347519],[-122.551536,47.35954],[-122.52603,47.358908],[-122.528129,47.345542],[-122.51885,47.33332],[-122.493123,47.330253],[-122.491237,47.335172],[-122.469703,47.344623],[-122.453998,47.343337],[-122.448399,47.354987],[-122.437809,47.365607],[-122.401768,47.381325],[-122.378482,47.38533],[-122.373629,47.388718],[-122.395054,47.399277],[-122.427327,47.402129],[-122.437657,47.407424],[-122.440083,47.417647],[-122.43984,47.458083],[-122.433386,47.46643],[-122.460029,47.486861],[-122.460503,47.494773],[-122.452399,47.503471],[-122.467796,47.509956],[-122.500543,47.51528],[-122.52305,47.524],[-122.546611,47.52355],[-122.542355,47.53784],[-122.543118,47.556326],[-122.534664,47.566122],[-122.518367,47.57408],[-122.503672,47.575178],[-122.479089,47.583654],[-122.493933,47.588963],[-122.49824,47.598242],[-122.500357,47.617816],[-122.494518,47.623625],[-122.493205,47.635122],[-122.518277,47.65132],[-122.508709,47.670843],[-122.504452,47.685888],[-122.504604,47.699136],[-122.511196,47.708715],[-122.53094,47.704814],[-122.543161,47.710941],[-122.554454,47.745704],[-122.519325,47.74622],[-122.507638,47.74304],[-122.488491,47.743605],[-122.471844,47.749819],[-122.471402,47.765965],[-122.495458,47.786692],[-122.495346,47.79704],[-122.485214,47.804128],[-122.482529,47.815511],[-122.502224,47.826395],[-122.506122,47.831745],[-122.512778,47.863879],[-122.513986,47.880807],[-122.527593,47.905882],[-122.549072,47.919072],[-122.581846,47.920282],[-122.592184,47.922519],[-122.601507,47.931726],[-122.603861,47.940478],[-122.617022,47.938987],[-122.616701,47.925139],[-122.596228,47.92021],[-122.588235,47.912923],[-122.586339,47.902023],[-122.573098,47.874081],[-122.573672,47.857582],[-122.608105,47.856728],[-122.623192,47.836199],[-122.648108,47.825123],[-122.682015,47.800882],[-122.690562,47.778372],[-122.714801,47.768176],[-122.722686,47.748827],[-122.733012,47.737625],[-122.740159,47.736228],[-122.758498,47.746036],[-122.757885,47.757744],[-122.75054,47.773966],[-122.748061,47.800546],[-122.731956,47.809741],[-122.719609,47.813036],[-122.688596,47.831438],[-122.681602,47.850405],[-122.69376,47.868002],[-122.666417,47.867497],[-122.650083,47.86386],[-122.63636,47.866186],[-122.631857,47.874815],[-122.610341,47.887343],[-122.618873,47.890242],[-122.637425,47.889945],[-122.646494,47.894771],[-122.655085,47.905058],[-122.651063,47.920985],[-122.657722,47.931156],[-122.681924,47.936415],[-122.684688,47.944049],[-122.676215,47.958743],[-122.683223,47.972226],[-122.701294,47.972979],[-122.718082,47.987739],[-122.723374,48.008095],[-122.70184,48.016106],[-122.686898,48.008305],[-122.669868,48.017217],[-122.668942,48.032026],[-122.682264,48.042723],[-122.69222,48.087081],[-122.69164,48.096726],[-122.698465,48.103102],[-122.733257,48.091232],[-122.748345,48.072097],[-122.739271,48.069153],[-122.74229,48.049324],[-122.766648,48.04429],[-122.770559,48.053432],[-122.801399,48.087561],[-122.792902,48.09718],[-122.748911,48.117026],[-122.760448,48.14324],[-122.784076,48.142974],[-122.833173,48.134406],[-122.876282,48.110877],[-122.882013,48.100779],[-122.878255,48.076072],[-122.857727,48.065774],[-122.849273,48.053808],[-122.877641,48.047025],[-122.918602,48.058238],[-122.927975,48.06665],[-122.917942,48.091535],[-122.929095,48.096244],[-122.946119,48.098552],[-122.979413,48.09594],[-123.004128,48.090516],[-123.016651,48.08538],[-123.038727,48.081138],[-123.050446,48.102825],[-123.06621,48.120469],[-123.085154,48.127137],[-123.116479,48.150208],[-123.143229,48.156633],[-123.132417,48.174704],[-123.144783,48.175943],[-123.1644,48.165894],[-123.191521,48.143821],[-123.21719,48.127203],[-123.248615,48.115745],[-123.280178,48.117309],[-123.288265,48.121036],[-123.314578,48.113725],[-123.332699,48.11297],[-123.360923,48.115864],[-123.395048,48.114243],[-123.424668,48.118065],[-123.441972,48.124259],[-123.439127,48.141278],[-123.455458,48.140047],[-123.473379,48.134079],[-123.507235,48.131807],[-123.52232,48.135539],[-123.534879,48.14578],[-123.551131,48.151382],[-123.560591,48.150697],[-123.574214,48.140756],[-123.590839,48.134949],[-123.628819,48.139279],[-123.641108,48.146127],[-123.636967,48.150319],[-123.651408,48.156952],[-123.672445,48.162715],[-123.702743,48.166783],[-123.71835,48.158713],[-123.728736,48.1628],[-123.756395,48.161057],[-123.778122,48.155466],[-123.831571,48.157937],[-123.858821,48.154273],[-123.880068,48.160621],[-123.915589,48.159352],[-123.934921,48.16084],[-123.955347,48.165455],[-123.981032,48.164761],[-124.050734,48.177747],[-124.072124,48.189903],[-124.107215,48.200082],[-124.101773,48.216883],[-124.110974,48.220557],[-124.14129,48.227413],[-124.192692,48.246316],[-124.217873,48.253294],[-124.238582,48.262471],[-124.250882,48.264773],[-124.255109,48.258972],[-124.272017,48.25441],[-124.295693,48.259282],[-124.299146,48.268239],[-124.342412,48.277695],[-124.361351,48.287582],[-124.380874,48.284699],[-124.395593,48.288772],[-124.414007,48.300887],[-124.510582,48.343236],[-124.525453,48.349022],[-124.538821,48.349893],[-124.564841,48.367921],[-124.572864,48.366228],[-124.590733,48.373604],[-124.597331,48.381882],[-124.611782,48.378182],[-124.631108,48.376522],[-124.639389,48.385524],[-124.653243,48.390691],[-124.694511,48.389004],[-124.716947,48.389776],[-124.731828,48.381157],[-124.727022,48.371101],[-124.713817,48.366309],[-124.696703,48.349748],[-124.670072,48.341341],[-124.65894,48.331057],[-124.665908,48.299324],[-124.676319,48.295143],[-124.680877,48.26535],[-124.684677,48.255228],[-124.70592,48.239894],[-124.690389,48.219745],[-124.696111,48.198599],[-124.704153,48.184422],[-124.731746,48.169997],[-124.731703,48.160402],[-124.721725,48.153185],[-124.695088,48.114878],[-124.687101,48.098657],[-124.695114,48.087096],[-124.696542,48.069274],[-124.693676,48.058697],[-124.685393,48.049238],[-124.679024,48.015697],[-124.67083,47.982366],[-124.672427,47.964414],[-124.662334,47.951451],[-124.645442,47.935338],[-124.625512,47.887963],[-124.609538,47.879996],[-124.588172,47.877878],[-124.562363,47.866216],[-124.558254,47.855979],[-124.539927,47.836967],[-124.51278,47.822518],[-124.497987,47.822605],[-124.489737,47.816988],[-124.482154,47.797454],[-124.47657,47.769671],[-124.453927,47.765334],[-124.430546,47.746249],[-124.420219,47.725294],[-124.412106,47.691199],[-124.395983,47.665534],[-124.382215,47.632302],[-124.374927,47.603891],[-124.366221,47.582439],[-124.359028,47.547616],[-124.355955,47.545698],[-124.345155,47.48903],[-124.336724,47.415996],[-124.32665,47.388759],[-124.324091,47.367602],[-124.319379,47.355559],[-124.299943,47.34836],[-124.286369,47.325162],[-124.271193,47.305025],[-124.257452,47.304059],[-124.242234,47.295101],[-124.236349,47.287287],[-124.209017,47.218151],[-124.195893,47.174],[-124.189725,47.146827],[-124.182802,47.134041],[-124.183833,47.124807],[-124.176745,47.092999],[-124.173501,47.06637],[-124.169113,46.994508],[-124.171161,46.958443],[-124.180111,46.926357],[-124.158624,46.929439],[-124.141267,46.940266],[-124.124386,46.94387],[-124.138035,46.970959],[-124.139733,46.98837],[-124.151288,47.021112],[-124.149043,47.029294],[-124.141517,47.035142],[-124.122057,47.04165],[-124.106378,47.04264],[-124.065856,47.04114],[-124.026345,47.030187],[-124.017035,47.011717],[-124.005248,47.003915],[-124.019727,46.991189],[-124.012218,46.985176],[-123.991612,46.980215],[-123.959185,46.981759],[-123.947996,46.971818],[-123.939214,46.969739],[-123.921617,46.971864],[-123.898245,46.971927],[-123.876136,46.961054],[-123.86018,46.948556],[-123.882884,46.939946],[-123.915256,46.932964],[-123.957493,46.921261],[-123.985082,46.921916],[-124.009519,46.910325],[-124.01366,46.90363],[-124.03624,46.898473],[-124.049279,46.891253],[-124.055085,46.870429],[-124.073113,46.861493],[-124.089286,46.867716],[-124.090422,46.8955],[-124.093392,46.901168],[-124.110641,46.91252],[-124.138225,46.905534],[-124.122979,46.879809],[-124.108078,46.836388],[-124.101232,46.810656],[-124.096655,46.784374],[-124.095041,46.756812],[-124.096515,46.746202],[-124.080983,46.735003],[-124.063117,46.733664],[-124.046399,46.725686],[-124.042478,46.72004],[-124.022413,46.708973],[-124.003458,46.702337],[-123.994242,46.707929],[-123.973663,46.703353],[-123.979655,46.724658],[-123.968564,46.736106],[-123.948683,46.725369],[-123.916874,46.726739],[-123.91285,46.730647],[-123.916371,46.741322],[-123.910716,46.746715],[-123.893054,46.750204],[-123.87668,46.730657],[-123.862149,46.727749],[-123.84621,46.716795],[-123.851356,46.70256],[-123.864902,46.698685],[-123.895601,46.683672],[-123.915596,46.678649],[-123.923269,46.672708],[-123.921913,46.650262],[-123.940616,46.640862],[-123.960642,46.636364],[-123.959175,46.613581],[-123.955556,46.60357],[-123.939139,46.596326],[-123.928861,46.588875],[-123.916902,46.562633],[-123.903321,46.55191],[-123.894254,46.537028],[-123.896703,46.522665],[-123.921192,46.507731],[-123.943667,46.477197],[-123.968044,46.473497],[-123.979213,46.489949],[-123.99268,46.488617],[-123.994181,46.468868],[-124.001271,46.459992],[-124.026032,46.462978],[-124.031737,46.496375],[-124.026019,46.531589],[-124.023148,46.564113],[-124.023566,46.582559],[-124.028799,46.59104],[-124.050842,46.617421],[-124.052708,46.622796],[-124.035874,46.630822],[-124.048444,46.645827],[-124.062715,46.642582],[-124.069583,46.630651],[-124.06842,46.601397],[-124.061953,46.556165],[-124.057024,46.493338],[-124.057425,46.409315],[-124.058351,46.386503],[-124.064624,46.326899],[-124.076262,46.296498],[-124.081729,46.274714],[-124.080671,46.267239],[-124.060961,46.278761],[-124.044018,46.275925],[-124.038797,46.283675],[-124.029924,46.308312],[-124.020551,46.315737],[-123.985204,46.309039],[-123.970355,46.299352],[-123.969427,46.291398],[-123.954353,46.277001],[-123.919581,46.251217],[-123.909306,46.245491],[-123.875525,46.239787],[-123.806139,46.283588],[-123.795556,46.284501],[-123.775054,46.274599],[-123.75956,46.275073],[-123.741478,46.290274],[-123.728585,46.288725],[-123.724273,46.301161],[-123.700764,46.305278],[-123.680574,46.296025],[-123.679125,46.272502],[-123.669501,46.266832],[-123.613544,46.259988],[-123.581642,46.260502],[-123.547636,46.265595],[-123.547659,46.259109],[-123.484244,46.269531],[-123.474844,46.267831],[-123.447592,46.249832],[-123.427629,46.229348],[-123.430847,46.181827],[-123.371433,46.146372],[-123.280166,46.144843],[-123.213054,46.172541],[-123.166414,46.188973],[-123.115904,46.185268],[-122.904119,46.083734],[-122.884478,46.06028],[-122.813998,45.960984],[-122.785026,45.867699],[-122.785515,45.850536],[-122.795963,45.825024],[-122.795605,45.81],[-122.769532,45.780583],[-122.761451,45.759163],[-122.760108,45.734413],[-122.772511,45.699637],[-122.774511,45.680437],[-122.76381,45.657138],[-122.738109,45.644138],[-122.675008,45.618039],[-122.643907,45.609739],[-122.492259,45.583281],[-122.380302,45.575941],[-122.352802,45.569441],[-122.331502,45.548241],[-122.294901,45.543541],[-122.266701,45.543841],[-122.248993,45.547745],[-122.2017,45.564141],[-122.183695,45.577696],[-122.14075,45.584508],[-122.112356,45.581409],[-122.101675,45.583516],[-121.983038,45.622812],[-121.908267,45.654399],[-121.900858,45.662009],[-121.901855,45.670716],[-121.867167,45.693277],[-121.811304,45.706761],[-121.735104,45.694039],[-121.707358,45.694809],[-121.626185,45.705915],[-121.533106,45.726541],[-121.522392,45.724677],[-121.462849,45.701367],[-121.423592,45.69399],[-121.401739,45.692887],[-121.372574,45.703111],[-121.33777,45.704949],[-121.312198,45.699925],[-121.215779,45.671238],[-121.200367,45.649829],[-121.195233,45.629513],[-121.086675,45.646667],[-121.06437,45.652549],[-120.943977,45.656445],[-120.915876,45.641345],[-120.870042,45.661242],[-120.855674,45.671545],[-120.788872,45.686246],[-120.68937,45.715847],[-120.668869,45.730147],[-120.634968,45.745847],[-120.591166,45.746547],[-120.559465,45.738348],[-120.521964,45.709848],[-120.505863,45.700048],[-120.482362,45.694449],[-120.40396,45.699249],[-120.210754,45.725951],[-120.170453,45.761951],[-120.141352,45.773152],[-120.001148,45.811902],[-119.802655,45.84753],[-119.772927,45.845578],[-119.669877,45.856867],[-119.623393,45.905639],[-119.600549,45.919581],[-119.571584,45.925456],[-119.524632,45.908605],[-119.487829,45.906307],[-119.37613,45.920974],[-119.322509,45.933183],[-119.25715,45.939926],[-119.225745,45.932725],[-119.19553,45.92787],[-119.169496,45.927603],[-119.12612,45.932859],[-119.093221,45.942745],[-119.027056,45.969134],[-119.008558,45.97927],[-118.987129,45.999855],[-118.67787,46.000935],[-118.497027,46.00062],[-118.314982,46.000453],[-118.126197,46.000282],[-117.996911,46.000787],[-117.603163,45.998887],[-117.48013,45.99787],[-117.216731,45.998356],[-116.915989,45.995413],[-116.94353,46.062173],[-116.925621,46.158888],[-116.958801,46.24232],[-116.985333,46.294617],[-116.987939,46.298031],[-117.047469,46.342884],[-117.061045,46.367747],[-117.046915,46.379577],[-117.039813,46.425425],[-117.039783,46.541785],[-117.039828,46.815443],[-117.039657,46.825798],[-117.039821,47.127265],[-117.040019,47.259272],[-117.039945,47.477823],[-117.041174,47.55853],[-117.041678,47.72271],[-117.042485,47.766525],[-117.041874,47.977387],[-117.041401,48.0855],[-117.039599,48.184387],[-117.035178,48.370878],[-117.035285,48.430113],[-117.034358,48.628523],[-117.033177,48.846563],[-117.032351,48.999188]]]]}},{"type":"Feature","properties":{"NAME":"Vermont"},"geometry":{"type":"Polygon","coordinates":[[[-72.458519,42.726853],[-72.460195,42.732066],[-72.478453,42.762296],[-72.491122,42.772465],[-72.509506,42.781183],[-72.542784,42.808482],[-72.555693,42.85638],[-72.556214,42.86695],[-72.443762,43.006245],[-72.432661,43.114077],[-72.433097,43.120021],[-72.441904,43.136615],[-72.4521,43.161414],[-72.439407,43.211322],[-72.39715,43.316515],[-72.403949,43.358098],[-72.405253,43.389992],[-72.387852,43.471567],[-72.387642,43.502481],[-72.395825,43.52056],[-72.32962,43.600201],[-72.334745,43.614519],[-72.32966,43.634648],[-72.302867,43.702718],[-72.27118,43.734138],[-72.264245,43.734158],[-72.232713,43.748286],[-72.204792,43.771926],[-72.183743,43.806644],[-72.182203,43.834032],[-72.167224,43.886113],[-72.121002,43.918956],[-72.104421,43.950536],[-72.107042,43.969513],[-72.113078,43.97279],[-72.112813,43.98802],[-72.054675,44.112147],[-72.040082,44.155748],[-72.053021,44.167903],[-72.064285,44.187888],[-72.067774,44.270976],[-72.05888,44.28624],[-72.012173,44.321408],[-72.002314,44.324871],[-71.816065,44.366817],[-71.814388,44.381932],[-71.793924,44.399271],[-71.761966,44.407027],[-71.745011,44.401359],[-71.708934,44.411611],[-71.67995,44.427908],[-71.59948,44.486455],[-71.580263,44.506509],[-71.536251,44.587939],[-71.553156,44.626645],[-71.598656,44.698005],[-71.625323,44.729718],[-71.627358,44.747544],[-71.623924,44.755135],[-71.57252,44.810074],[-71.495844,44.90498],[-71.493985,44.911312],[-71.516814,44.947588],[-71.537784,44.984298],[-71.53698,44.994177],[-71.530091,44.999656],[-71.505,45.008151],[-71.502487,45.013367],[-71.767452,45.011437],[-71.897622,45.009172],[-72.103058,45.005598],[-72.342453,45.005354],[-72.554253,45.011794],[-72.67477,45.015459],[-72.845633,45.016659],[-73.014766,45.01498],[-73.085972,45.015494],[-73.343124,45.01084],[-73.350188,44.994304],[-73.369647,44.829136],[-73.339958,44.778893],[-73.365326,44.703294],[-73.390231,44.618353],[-73.374389,44.575455],[-73.356788,44.557918],[-73.33863,44.546844],[-73.306707,44.500334],[-73.299885,44.476652],[-73.293613,44.438903],[-73.296031,44.428339],[-73.315016,44.388513],[-73.324681,44.243614],[-73.350806,44.225943],[-73.390583,44.190886],[-73.429239,44.079414],[-73.437429,44.046861],[-73.43688,44.042578],[-73.410776,44.026944],[-73.405999,44.016229],[-73.405525,43.948813],[-73.407742,43.929887],[-73.397256,43.905668],[-73.388389,43.832404],[-73.379279,43.808391],[-73.357547,43.785933],[-73.350431,43.771438],[-73.370724,43.735571],[-73.403517,43.685032],[-73.421606,43.646577],[-73.431229,43.588285],[-73.428636,43.583994],[-73.400295,43.568889],[-73.375594,43.61335],[-73.366537,43.623462],[-73.306234,43.628018],[-73.302552,43.625708],[-73.242042,43.534925],[-73.247061,43.514919],[-73.253084,43.354714],[-73.259159,43.216848],[-73.269472,43.030686],[-73.274466,42.940361],[-73.278673,42.83341],[-73.285388,42.834093],[-73.290944,42.80192],[-73.276421,42.746019],[-73.264957,42.74594],[-73.022903,42.741133],[-72.86418,42.737117],[-72.458519,42.726853]]]}},{"type":"Feature","properties":{"NAME":"Utah"},"geometry":{"type":"Polygon","coordinates":[[[-111.046689,42.001567],[-111.415873,42.000748],[-111.507264,41.999518],[-111.876491,41.998528],[-111.915837,41.998519],[-112.163956,41.996708],[-112.239107,42.001217],[-112.38617,42.001126],[-112.648019,42.000307],[-112.709375,42.000309],[-112.880619,41.998921],[-113.000821,41.998223],[-113.396497,41.99425],[-113.76453,41.989459],[-113.893261,41.988057],[-114.041723,41.99372],[-114.041107,41.850573],[-114.039882,41.741991],[-114.042145,40.999926],[-114.043803,40.759205],[-114.043505,40.726292],[-114.045518,40.494474],[-114.046555,40.116931],[-114.047134,39.906037],[-114.047728,39.542742],[-114.049893,38.677365],[-114.050154,38.57292],[-114.049834,38.543784],[-114.05012,38.404536],[-114.049903,38.148601],[-114.050423,37.999961],[-114.048473,37.809861],[-114.051728,37.745997],[-114.052472,37.604776],[-114.052701,37.492014],[-114.051927,37.370734],[-114.051974,37.283848],[-114.051822,37.090976],[-114.0506,37.000396],[-113.965907,36.999976],[-112.966471,37.000219],[-112.899366,37.000319],[-112.609787,37.000753],[-112.534545,37.000684],[-112.35769,37.001025],[-111.412784,37.001478],[-111.189888,37.000959],[-110.75069,37.003197],[-110.495259,37.003875],[-110.33105,36.998216],[-110.000677,36.997968],[-109.381226,36.999148],[-109.181196,36.999271],[-109.045223,36.999084],[-109.045156,37.112064],[-109.04581,37.374993],[-109.041865,37.530726],[-109.042131,37.617662],[-109.04176,37.713182],[-109.041754,37.835826],[-109.043121,37.97426],[-109.042062,38.15549],[-109.060062,38.275489],[-109.059962,38.499987],[-109.059541,38.719888],[-109.053943,38.904414],[-109.053292,38.942878],[-109.051516,39.124982],[-109.051417,39.366677],[-109.051363,39.497674],[-109.051221,39.660472],[-109.050873,40.058915],[-109.050854,40.222662],[-109.049955,40.539901],[-109.048249,40.653601],[-109.050076,41.000659],[-109.207383,41.001459],[-109.676421,40.998395],[-109.855299,40.997614],[-110.048474,40.997103],[-110.500718,40.994746],[-111.046723,40.997959],[-111.046551,41.251716],[-111.046264,41.377731],[-111.046402,41.579845],[-111.046689,42.001567]]]}},{"type":"Feature","properties":{"NAME":"Iowa"},"geometry":{"type":"Polygon","coordinates":[[[-90.640927,42.508302],[-90.636727,42.518702],[-90.645627,42.5441],[-90.702671,42.630756],[-90.720209,42.640758],[-90.769495,42.651443],[-90.84391,42.663071],[-90.949213,42.685573],[-90.976314,42.695996],[-91.053733,42.738238],[-91.064896,42.757272],[-91.069549,42.769628],[-91.077643,42.803798],[-91.100565,42.883078],[-91.117411,42.895837],[-91.143375,42.90467],[-91.14556,42.90798],[-91.175167,43.041267],[-91.178087,43.062044],[-91.177222,43.080247],[-91.178251,43.124982],[-91.175253,43.134665],[-91.1562,43.142945],[-91.1462,43.152405],[-91.062562,43.243165],[-91.057918,43.255366],[-91.085652,43.29187],[-91.107237,43.313645],[-91.210233,43.372064],[-91.20555,43.422949],[-91.217706,43.50055],[-91.369325,43.500827],[-91.651396,43.500454],[-91.77929,43.500803],[-91.949879,43.500485],[-92.178863,43.500713],[-92.279084,43.500436],[-92.40613,43.500476],[-92.649194,43.500049],[-92.752088,43.500084],[-92.790317,43.499567],[-93.049192,43.499571],[-93.2718,43.499356],[-93.49735,43.499456],[-93.795793,43.49952],[-93.970762,43.499605],[-94.092894,43.500302],[-94.247965,43.500333],[-94.47042,43.50034],[-94.615916,43.500544],[-94.854555,43.500614],[-94.99446,43.500523],[-95.214938,43.500885],[-95.250969,43.500464],[-95.374737,43.500314],[-95.454706,43.500563],[-95.514774,43.499865],[-95.740813,43.499894],[-95.861152,43.499966],[-96.053163,43.500176],[-96.351059,43.500333],[-96.453049,43.500415],[-96.598928,43.500457],[-96.587151,43.484697],[-96.58407,43.468856],[-96.600039,43.45708],[-96.60286,43.450907],[-96.594254,43.434153],[-96.557586,43.406792],[-96.53746,43.395246],[-96.524044,43.394762],[-96.521264,43.374978],[-96.525564,43.312467],[-96.530392,43.300034],[-96.551929,43.292974],[-96.56911,43.295535],[-96.586317,43.274319],[-96.584124,43.268101],[-96.557126,43.224192],[-96.485264,43.224183],[-96.475571,43.221054],[-96.436589,43.120842],[-96.439335,43.113916],[-96.466017,43.062235],[-96.513111,43.02788],[-96.509479,42.971122],[-96.510749,42.944397],[-96.54146,42.857682],[-96.549513,42.839143],[-96.563058,42.831051],[-96.577813,42.828102],[-96.632142,42.770863],[-96.639704,42.737071],[-96.630617,42.70588],[-96.610975,42.694751],[-96.601989,42.697429],[-96.575299,42.682665],[-96.542366,42.660736],[-96.516338,42.630435],[-96.476952,42.556079],[-96.477709,42.535595],[-96.481308,42.516556],[-96.466253,42.497702],[-96.443408,42.489495],[-96.409408,42.487595],[-96.396107,42.484095],[-96.385407,42.473094],[-96.381307,42.461694],[-96.380707,42.446394],[-96.387608,42.432494],[-96.413609,42.407894],[-96.415509,42.400294],[-96.417786,42.351449],[-96.407998,42.337408],[-96.384169,42.325874],[-96.375307,42.318339],[-96.328905,42.254734],[-96.322868,42.233637],[-96.336323,42.218922],[-96.356591,42.215182],[-96.35987,42.210545],[-96.349688,42.172043],[-96.344121,42.162091],[-96.307421,42.130707],[-96.279079,42.074026],[-96.272877,42.047238],[-96.251714,42.040472],[-96.22173,42.026205],[-96.129505,41.971673],[-96.129186,41.965136],[-96.136743,41.920826],[-96.142265,41.915379],[-96.159098,41.910057],[-96.161756,41.90182],[-96.144483,41.871854],[-96.110907,41.830818],[-96.086407,41.81138],[-96.071007,41.804639],[-96.064537,41.793002],[-96.077088,41.715403],[-96.096795,41.698681],[-96.121726,41.68274],[-96.099837,41.66103],[-96.095415,41.652736],[-96.097728,41.639633],[-96.116233,41.621574],[-96.118105,41.613495],[-96.09409,41.539265],[-96.089714,41.531778],[-96.055096,41.509577],[-96.036603,41.509047],[-96.030593,41.527292],[-95.994784,41.526242],[-95.930705,41.433894],[-95.937346,41.394403],[-95.956791,41.349196],[-95.953091,41.339896],[-95.939291,41.328897],[-95.92569,41.322197],[-95.91379,41.320197],[-95.90249,41.273398],[-95.927491,41.202198],[-95.92319,41.190998],[-95.91459,41.185098],[-95.852788,41.165398],[-95.867246,41.043671],[-95.867286,41.001599],[-95.835434,40.984184],[-95.829074,40.975688],[-95.821193,40.876682],[-95.861695,40.762871],[-95.881529,40.750611],[-95.888907,40.731855],[-95.883178,40.717579],[-95.842801,40.677496],[-95.822913,40.66724],[-95.795489,40.662384],[-95.776251,40.647463],[-95.748626,40.603355],[-95.753148,40.59284],[-95.765645,40.585208],[-95.64184,40.584234],[-95.525392,40.58209],[-95.357802,40.5801],[-95.221525,40.578827],[-95.120829,40.577413],[-94.966491,40.575839],[-94.716665,40.572201],[-94.632035,40.571186],[-94.48928,40.570707],[-94.23224,40.571907],[-94.091085,40.572897],[-94.034134,40.573585],[-93.898327,40.576011],[-93.750223,40.57772],[-93.690333,40.577875],[-93.548284,40.580417],[-93.441767,40.579916],[-93.260612,40.580797],[-93.098507,40.583973],[-92.941595,40.587743],[-92.757407,40.588908],[-92.686693,40.589809],[-92.580278,40.592151],[-92.484588,40.594924],[-92.379691,40.596509],[-92.298754,40.598469],[-92.096387,40.60183],[-91.970988,40.605112],[-91.868401,40.608059],[-91.824826,40.610191],[-91.729115,40.61364],[-91.716769,40.59853],[-91.696359,40.588148],[-91.620071,40.540817],[-91.618028,40.53403],[-91.622362,40.514362],[-91.619486,40.507134],[-91.524612,40.410765],[-91.490977,40.393484],[-91.484507,40.3839],[-91.419422,40.378264],[-91.38836,40.384929],[-91.375746,40.391879],[-91.372554,40.4012],[-91.36391,40.490122],[-91.364211,40.500043],[-91.369059,40.512532],[-91.384531,40.530948],[-91.404125,40.539127],[-91.405241,40.554641],[-91.359873,40.601805],[-91.348733,40.609695],[-91.306524,40.626231],[-91.253074,40.637962],[-91.218437,40.638437],[-91.197906,40.636107],[-91.18698,40.637297],[-91.138055,40.660893],[-91.122421,40.670675],[-91.11194,40.697018],[-91.094728,40.797833],[-91.097553,40.808433],[-91.092993,40.821079],[-91.009536,40.900565],[-90.9985,40.90812],[-90.968995,40.919127],[-90.962916,40.924957],[-90.952233,40.954047],[-90.942253,41.034702],[-90.945549,41.06173],[-90.949383,41.072711],[-90.946627,41.096632],[-90.989663,41.155716],[-91.005503,41.165622],[-91.019036,41.16491],[-91.049808,41.178033],[-91.113648,41.241401],[-91.114186,41.250029],[-91.047819,41.4109],[-91.039872,41.418523],[-91.027787,41.423603],[-90.989976,41.431962],[-90.847458,41.455019],[-90.786282,41.452888],[-90.771672,41.450761],[-90.737537,41.450127],[-90.655839,41.462132],[-90.605937,41.494232],[-90.499475,41.518055],[-90.474332,41.519733],[-90.461432,41.523533],[-90.39793,41.572233],[-90.34165,41.621484],[-90.343162,41.648141],[-90.334525,41.679559],[-90.31522,41.734264],[-90.302782,41.750031],[-90.278633,41.767358],[-90.222263,41.793133],[-90.187969,41.803163],[-90.181973,41.80707],[-90.1516,41.931002],[-90.140613,41.995999],[-90.141167,42.008931],[-90.150916,42.02944],[-90.164537,42.045007],[-90.168358,42.075779],[-90.163405,42.087613],[-90.161119,42.104404],[-90.162225,42.11488],[-90.167533,42.122475],[-90.211328,42.15401],[-90.234919,42.165431],[-90.306531,42.190439],[-90.349162,42.204277],[-90.356964,42.205445],[-90.375129,42.214811],[-90.391108,42.225473],[-90.419326,42.254467],[-90.430884,42.27823],[-90.424326,42.293326],[-90.4162,42.321314],[-90.419027,42.328505],[-90.477279,42.383794],[-90.559451,42.430695],[-90.624328,42.458904],[-90.646727,42.471904],[-90.654027,42.478503],[-90.655927,42.491703],[-90.640927,42.508302]]]}},{"type":"Feature","properties":{"NAME":"Kentucky"},"geometry":{"type":"MultiPolygon","coordinates":[[[[-89.5391,36.498201],[-89.485106,36.497692],[-89.47246,36.513741],[-89.465888,36.529946],[-89.467761,36.546847],[-89.473341,36.559918],[-89.484836,36.571821],[-89.500076,36.576305],[-89.527583,36.581147],[-89.546113,36.579989],[-89.55264,36.577178],[-89.566817,36.564216],[-89.571509,36.552569],[-89.570071,36.544387],[-89.560344,36.525436],[-89.5391,36.498201]]],[[[-81.968297,37.537798],[-81.998177,37.543082],[-82.008274,37.533357],[-82.048521,37.531078],[-82.116584,37.559588],[-82.125892,37.574031],[-82.125601,37.579021],[-82.141814,37.595052],[-82.21967,37.643046],[-82.25028,37.657776],[-82.297011,37.687273],[-82.307235,37.707669],[-82.325739,37.735799],[-82.326404,37.740815],[-82.319023,37.758892],[-82.329867,37.775897],[-82.417679,37.870658],[-82.474666,37.910388],[-82.500386,37.936518],[-82.4973,37.945507],[-82.464987,37.976859],[-82.465473,37.98478],[-82.487732,37.99833],[-82.509812,38.001249],[-82.519665,38.008538],[-82.539139,38.039093],[-82.547284,38.061094],[-82.600127,38.117389],[-82.621164,38.123239],[-82.636466,38.13786],[-82.644739,38.165487],[-82.60423,38.247303],[-82.584001,38.246371],[-82.574656,38.263873],[-82.571877,38.315781],[-82.595369,38.382722],[-82.597113,38.412881],[-82.593673,38.421809],[-82.665548,38.505808],[-82.690509,38.536576],[-82.696621,38.542112],[-82.724846,38.5576],[-82.730958,38.559264],[-82.789776,38.559951],[-82.820161,38.572703],[-82.839538,38.586159],[-82.847186,38.595166],[-82.853554,38.610926],[-82.869592,38.678177],[-82.873492,38.710077],[-82.870392,38.722077],[-82.871292,38.739376],[-82.879492,38.751476],[-82.894193,38.756576],[-82.923694,38.750076],[-82.943147,38.74328],[-82.968695,38.728776],[-82.979395,38.725976],[-83.011816,38.730057],[-83.030702,38.72572],[-83.127652,38.642451],[-83.142836,38.625076],[-83.156926,38.620547],[-83.2821,38.602987],[-83.320531,38.622713],[-83.324157,38.633326],[-83.333347,38.641562],[-83.369077,38.659334],[-83.512571,38.701716],[-83.533339,38.702105],[-83.615736,38.684145],[-83.626922,38.679387],[-83.636208,38.670584],[-83.642994,38.643273],[-83.649737,38.632753],[-83.663911,38.62793],[-83.679484,38.630036],[-83.762445,38.652103],[-83.773682,38.661309],[-83.777823,38.674453],[-83.85333,38.752572],[-83.870443,38.761608],[-83.903971,38.76816],[-83.943978,38.783616],[-83.962123,38.787384],[-83.978814,38.787104],[-84.044486,38.770572],[-84.071491,38.770475],[-84.205592,38.802588],[-84.212904,38.805707],[-84.2253,38.817665],[-84.231306,38.830552],[-84.233727,38.853576],[-84.232132,38.880483],[-84.234453,38.893226],[-84.304698,39.006455],[-84.31368,39.016981],[-84.326539,39.027463],[-84.432841,39.094261],[-84.493743,39.10246],[-84.509743,39.09366],[-84.603444,39.073699],[-84.620112,39.073457],[-84.632446,39.07676],[-84.684847,39.100459],[-84.689747,39.104159],[-84.718548,39.137059],[-84.732048,39.144458],[-84.754449,39.146658],[-84.766749,39.138558],[-84.78768,39.115297],[-84.820157,39.10548],[-84.831197,39.10192],[-84.888873,39.066376],[-84.897364,39.057378],[-84.889065,39.04082],[-84.849445,39.000923],[-84.789521,38.884687],[-84.785111,38.879988],[-84.785799,38.869496],[-84.81335,38.79833],[-84.844412,38.787078],[-84.944296,38.775184],[-84.973432,38.778847],[-84.995939,38.776756],[-85.100963,38.7268],[-85.106902,38.720789],[-85.13868,38.699168],[-85.156158,38.692251],[-85.172528,38.688082],[-85.189362,38.687579],[-85.213257,38.695446],[-85.226062,38.705456],[-85.246505,38.731821],[-85.258846,38.737754],[-85.289226,38.74241],[-85.410925,38.73708],[-85.434065,38.729455],[-85.452114,38.709348],[-85.456978,38.689135],[-85.439351,38.610388],[-85.415821,38.563558],[-85.4156,38.546341],[-85.423077,38.531581],[-85.433136,38.523914],[-85.462518,38.512602],[-85.607629,38.439295],[-85.620521,38.423105],[-85.632937,38.395666],[-85.638041,38.380338],[-85.638777,38.361443],[-85.653641,38.327108],[-85.675017,38.301317],[-85.683561,38.295469],[-85.744862,38.26717],[-85.761062,38.27257],[-85.773363,38.286169],[-85.791563,38.288569],[-85.816164,38.282969],[-85.829364,38.276769],[-85.897664,38.184269],[-85.908764,38.161169],[-85.909464,38.14007],[-85.905164,38.11107],[-85.906163,38.08617],[-85.922395,38.028679],[-85.930235,38.018311],[-85.951467,38.005608],[-86.029509,37.99264],[-86.172186,38.00992],[-86.178983,38.011308],[-86.220371,38.027922],[-86.266891,38.057125],[-86.273584,38.067443],[-86.27872,38.089303],[-86.278034,38.102426],[-86.271223,38.130112],[-86.283964,38.143185],[-86.309727,38.144393],[-86.323453,38.139032],[-86.332567,38.130131],[-86.398661,38.106238],[-86.430091,38.078638],[-86.432789,38.067171],[-86.452192,38.05049],[-86.466876,38.046597],[-86.51176,38.044448],[-86.521825,38.038327],[-86.524969,38.027879],[-86.525174,37.968228],[-86.604624,37.858272],[-86.634271,37.843845],[-86.655296,37.842508],[-86.660293,37.865057],[-86.709164,37.89764],[-86.718462,37.893123],[-86.73146,37.89434],[-86.75099,37.912893],[-86.770179,37.940264],[-86.787695,37.971449],[-86.794985,37.988982],[-86.815267,37.998877],[-86.823491,37.998939],[-86.85595,37.987292],[-86.884961,37.964373],[-86.902413,37.946161],[-86.919329,37.936664],[-86.978957,37.9302],[-87.010315,37.919668],[-87.033444,37.906593],[-87.042249,37.898291],[-87.046237,37.889866],[-87.043854,37.870796],[-87.057836,37.827457],[-87.067836,37.806065],[-87.077404,37.796209],[-87.090636,37.787808],[-87.111133,37.782512],[-87.128749,37.785728],[-87.132621,37.791008],[-87.20224,37.843791],[-87.26293,37.872846],[-87.302324,37.898445],[-87.380247,37.935596],[-87.402632,37.942267],[-87.418585,37.944763],[-87.436859,37.944192],[-87.450458,37.941451],[-87.511499,37.906426],[-87.550333,37.92489],[-87.559342,37.931146],[-87.57203,37.947466],[-87.574715,37.967742],[-87.581115,37.973442],[-87.592916,37.975842],[-87.601416,37.972542],[-87.62896,37.926714],[-87.620272,37.906922],[-87.597118,37.892394],[-87.591582,37.887194],[-87.588729,37.860984],[-87.606599,37.838669],[-87.615399,37.831974],[-87.645858,37.825899],[-87.670889,37.828429],[-87.679188,37.836321],[-87.681633,37.855917],[-87.662865,37.885578],[-87.666481,37.895786],[-87.684018,37.903498],[-87.76226,37.890906],[-87.783643,37.877759],[-87.7909,37.875714],[-87.830578,37.876516],[-87.841193,37.882325],[-87.857243,37.900649],[-87.865558,37.915056],[-87.883321,37.926238],[-87.898062,37.927514],[-87.904789,37.924892],[-87.936784,37.892587],[-87.940069,37.88767],[-87.940005,37.875044],[-87.927303,37.858709],[-87.914892,37.849618],[-87.907773,37.837611],[-87.903804,37.817762],[-87.90681,37.807624],[-87.943756,37.776843],[-87.970869,37.783456],[-87.976389,37.788004],[-88.004706,37.800145],[-88.017314,37.801911],[-88.02803,37.799224],[-88.045008,37.762436],[-88.059588,37.742608],[-88.072538,37.733286],[-88.122412,37.709685],[-88.151646,37.675098],[-88.160187,37.657592],[-88.156827,37.632801],[-88.139973,37.586451],[-88.133393,37.574235],[-88.121517,37.568166],[-88.072242,37.528826],[-88.063311,37.515755],[-88.061292,37.505232],[-88.062562,37.489385],[-88.083395,37.473683],[-88.255193,37.456748],[-88.281667,37.452596],[-88.312585,37.440591],[-88.330622,37.429316],[-88.358436,37.40486],[-88.408808,37.425216],[-88.439333,37.416416],[-88.456,37.408482],[-88.470224,37.396255],[-88.476592,37.386875],[-88.514661,37.290948],[-88.515939,37.284043],[-88.509328,37.26213],[-88.471753,37.220155],[-88.458763,37.213536],[-88.447764,37.203527],[-88.424403,37.152428],[-88.444605,37.098601],[-88.458948,37.073796],[-88.482856,37.067114],[-88.514356,37.065231],[-88.545403,37.070003],[-88.560032,37.07601],[-88.576718,37.085852],[-88.589207,37.099655],[-88.625889,37.119458],[-88.809206,37.189235],[-88.916934,37.224291],[-88.933385,37.225005],[-88.966831,37.229891],[-88.98326,37.228685],[-89.000968,37.224401],[-89.041263,37.202881],[-89.086526,37.165602],[-89.168087,37.074218],[-89.175725,37.062069],[-89.182509,37.037275],[-89.178975,37.020928],[-89.166447,37.003337],[-89.132685,36.9822],[-89.100766,36.943973],[-89.147674,36.847148],[-89.177177,36.835779],[-89.179229,36.812915],[-89.12353,36.785309],[-89.130399,36.751702],[-89.142313,36.755369],[-89.169106,36.759473],[-89.184523,36.753638],[-89.197808,36.739412],[-89.201047,36.725772],[-89.19948,36.716045],[-89.171882,36.672526],[-89.174741,36.650416],[-89.187749,36.641115],[-89.197654,36.628936],[-89.202607,36.601576],[-89.213563,36.580119],[-89.227319,36.569375],[-89.236542,36.566824],[-89.259994,36.565149],[-89.27171,36.571387],[-89.294637,36.593729],[-89.313405,36.62012],[-89.326731,36.632186],[-89.343753,36.630991],[-89.365548,36.625059],[-89.376367,36.613868],[-89.38814,36.573416],[-89.400581,36.538337],[-89.417293,36.499033],[-89.380085,36.500416],[-89.346053,36.50321],[-89.282298,36.506782],[-89.117537,36.503603],[-88.964471,36.502191],[-88.834626,36.502914],[-88.747523,36.502834],[-88.661133,36.502243],[-88.545192,36.501814],[-88.48921,36.501068],[-88.330799,36.500531],[-88.053205,36.497129],[-88.037822,36.51385],[-88.032489,36.540662],[-88.035625,36.561736],[-88.045127,36.602939],[-88.055604,36.63571],[-88.068208,36.659747],[-88.070532,36.678118],[-88.011792,36.677025],[-87.849567,36.663701],[-87.853204,36.633247],[-87.64115,36.638036],[-87.414309,36.641047],[-87.23053,36.641895],[-87.114976,36.642414],[-86.906583,36.646255],[-86.813037,36.647647],[-86.605042,36.652125],[-86.564143,36.633472],[-86.473497,36.651671],[-86.333051,36.648778],[-86.197573,36.639363],[-86.081944,36.633848],[-86.03277,36.630367],[-85.788613,36.621845],[-85.552017,36.615782],[-85.508605,36.61502],[-85.471338,36.61638],[-85.276284,36.626511],[-85.096128,36.622483],[-84.859738,36.606495],[-84.778455,36.603222],[-84.261333,36.591981],[-83.987842,36.5896],[-83.690714,36.582581],[-83.675413,36.600814],[-83.649513,36.616683],[-83.527212,36.665984],[-83.498011,36.670485],[-83.460808,36.664885],[-83.354606,36.696153],[-83.342804,36.701286],[-83.199698,36.737487],[-83.167396,36.739187],[-83.136395,36.743088],[-83.127833,36.750828],[-83.125655,36.761407],[-83.131245,36.767105],[-83.131694,36.781488],[-83.099792,36.824889],[-83.07259,36.854589],[-82.973395,36.859097],[-82.91169,36.874248],[-82.861943,36.924236],[-82.858461,36.932717],[-82.861282,36.944848],[-82.856099,36.952471],[-82.87023,36.965498],[-82.868455,36.976481],[-82.852614,36.984963],[-82.840051,36.987113],[-82.830802,36.993445],[-82.830588,37.000945],[-82.815748,37.007196],[-82.79089,37.00676],[-82.771795,37.015716],[-82.722472,37.045101],[-82.720597,37.081833],[-82.721941,37.105689],[-82.624878,37.162932],[-82.565329,37.196118],[-82.510826,37.218091],[-82.350948,37.267077],[-82.291908,37.311642],[-81.968297,37.537798]]]]}},{"type":"Feature","properties":{"NAME":"Maine"},"geometry":{"type":"MultiPolygon","coordinates":[[[[-69.307908,43.773767],[-69.321141,43.765763],[-69.314325,43.756707],[-69.300818,43.768599],[-69.307908,43.773767]]],[[[-69.42792,43.928798],[-69.421072,43.938261],[-69.433762,43.949353],[-69.441894,43.916331],[-69.438066,43.909539],[-69.423324,43.915507],[-69.42792,43.928798]]],[[[-67.619761,44.519754],[-67.619211,44.506009],[-67.604919,44.502056],[-67.592755,44.458572],[-67.588346,44.449754],[-67.569189,44.455531],[-67.562651,44.472104],[-67.580288,44.488068],[-67.590627,44.49415],[-67.582113,44.513459],[-67.61541,44.521973],[-67.619761,44.519754]]],[[[-70.119671,43.748621],[-70.138711,43.727559],[-70.138128,43.718231],[-70.124136,43.70832],[-70.108978,43.722312],[-70.107812,43.734555],[-70.100233,43.742134],[-70.094986,43.753211],[-70.119671,43.748621]]],[[[-70.171245,43.663498],[-70.184659,43.674699],[-70.200116,43.662978],[-70.211062,43.641842],[-70.205934,43.633633],[-70.190323,43.642986],[-70.171245,43.663498]]],[[[-70.186213,43.682655],[-70.191041,43.689071],[-70.201893,43.685483],[-70.213948,43.666161],[-70.207341,43.662562],[-70.192574,43.673139],[-70.186213,43.682655]]],[[[-70.163884,43.692404],[-70.173571,43.683734],[-70.168227,43.675136],[-70.154503,43.680933],[-70.135563,43.700658],[-70.146115,43.701635],[-70.163884,43.692404]]],[[[-70.087621,43.699913],[-70.100683,43.705962],[-70.118174,43.686375],[-70.087621,43.699913]]],[[[-68.880242,43.863398],[-68.889367,43.87553],[-68.902618,43.868855],[-68.908222,43.849852],[-68.898045,43.849545],[-68.893537,43.831498],[-68.899108,43.821925],[-68.886725,43.822195],[-68.876224,43.836597],[-68.882554,43.848525],[-68.880242,43.863398]]],[[[-69.043981,44.005684],[-69.047583,44.013995],[-69.061966,44.015023],[-69.092994,43.979063],[-69.0782,43.974132],[-69.043981,44.005684]]],[[[-68.618212,44.012367],[-68.610703,44.013422],[-68.611473,44.025176],[-68.601099,44.058362],[-68.590792,44.058662],[-68.584074,44.070578],[-68.609722,44.094674],[-68.6181,44.096706],[-68.627893,44.088128],[-68.661594,44.075837],[-68.654783,44.059599],[-68.650767,44.039908],[-68.659972,44.016013],[-68.64736,44.0145],[-68.635315,44.018886],[-68.618212,44.012367]]],[[[-68.785601,44.053503],[-68.77029,44.069566],[-68.772639,44.078439],[-68.790525,44.09292],[-68.806832,44.116339],[-68.815562,44.115836],[-68.820515,44.130198],[-68.818039,44.136852],[-68.792065,44.136759],[-68.792221,44.145998],[-68.818423,44.160978],[-68.82284,44.173693],[-68.819156,44.180462],[-68.825067,44.186338],[-68.847249,44.183017],[-68.87868,44.166612],[-68.888597,44.15955],[-68.917286,44.148239],[-68.935327,44.13038],[-68.944597,44.11284],[-68.943105,44.10973],[-68.908984,44.110001],[-68.907812,44.105518],[-68.913406,44.08519],[-68.905098,44.077344],[-68.899997,44.06696],[-68.889717,44.032516],[-68.874139,44.025359],[-68.862845,44.025037],[-68.807315,44.035796],[-68.790595,44.053832],[-68.785601,44.053503]]],[[[-68.942826,44.281073],[-68.965264,44.259332],[-68.967074,44.251968],[-68.955332,44.243873],[-68.945976,44.220824],[-68.92648,44.233035],[-68.916872,44.242866],[-68.904255,44.279889],[-68.899445,44.283775],[-68.88746,44.303094],[-68.896587,44.321986],[-68.89285,44.334653],[-68.87169,44.344662],[-68.860649,44.364425],[-68.868444,44.38144],[-68.87894,44.386584],[-68.90353,44.378613],[-68.911634,44.365027],[-68.919325,44.335392],[-68.919301,44.309872],[-68.942826,44.281073]]],[[[-68.499465,44.12419],[-68.511266,44.125082],[-68.518703,44.113222],[-68.51706,44.10341],[-68.502942,44.099722],[-68.491521,44.109833],[-68.499465,44.12419]]],[[[-68.358388,44.125082],[-68.365514,44.124079],[-68.376593,44.112207],[-68.365176,44.101464],[-68.338012,44.101473],[-68.330716,44.110598],[-68.346724,44.127749],[-68.358388,44.125082]]],[[[-68.453236,44.189998],[-68.474365,44.181875],[-68.495511,44.162429],[-68.502096,44.152388],[-68.496639,44.146855],[-68.479934,44.1478],[-68.456813,44.145268],[-68.447505,44.133493],[-68.448646,44.125581],[-68.438518,44.11618],[-68.427534,44.119266],[-68.396634,44.14069],[-68.384903,44.154955],[-68.408207,44.176298],[-68.416434,44.187047],[-68.424441,44.190753],[-68.437789,44.188216],[-68.453236,44.189998]]],[[[-68.680773,44.279242],[-68.677577,44.275431],[-68.680458,44.262105],[-68.694144,44.248779],[-68.700627,44.234013],[-68.722956,44.223568],[-68.721156,44.212404],[-68.714313,44.20376],[-68.715033,44.191154],[-68.718995,44.183231],[-68.720435,44.169185],[-68.709631,44.158741],[-68.692343,44.153698],[-68.681899,44.138212],[-68.671454,44.138572],[-68.670014,44.151537],[-68.652366,44.153698],[-68.643002,44.15766],[-68.618872,44.18107],[-68.624994,44.197637],[-68.612749,44.207722],[-68.605906,44.230772],[-68.611669,44.244818],[-68.623554,44.255622],[-68.658849,44.268588],[-68.668213,44.276511],[-68.680773,44.279242]]],[[[-68.355279,44.199096],[-68.364469,44.197534],[-68.378872,44.184222],[-68.347416,44.169459],[-68.339029,44.171839],[-68.332639,44.192131],[-68.321178,44.199032],[-68.32423,44.205732],[-68.333227,44.207308],[-68.355279,44.199096]]],[[[-68.472831,44.219767],[-68.470323,44.22832],[-68.482726,44.227058],[-68.487227,44.209517],[-68.48452,44.202886],[-68.459182,44.197681],[-68.453843,44.201683],[-68.460205,44.212498],[-68.472831,44.219767]]],[[[-68.792139,44.237819],[-68.827627,44.242838],[-68.839422,44.236547],[-68.837849,44.227112],[-68.829593,44.21689],[-68.809149,44.212565],[-68.789884,44.203915],[-68.780055,44.203129],[-68.769047,44.213351],[-68.769833,44.222787],[-68.792139,44.237819]]],[[[-68.23638,44.266254],[-68.241142,44.260354],[-68.254153,44.257836],[-68.262128,44.260774],[-68.274719,44.258675],[-68.276857,44.240794],[-68.266669,44.234033],[-68.248913,44.235443],[-68.240806,44.239723],[-68.24031,44.251622],[-68.221383,44.257254],[-68.214641,44.263156],[-68.23638,44.266254]]],[[[-68.498637,44.369686],[-68.501364,44.382281],[-68.50766,44.385219],[-68.518573,44.381022],[-68.52193,44.367591],[-68.520671,44.358357],[-68.528635,44.344605],[-68.530394,44.333583],[-68.515173,44.324797],[-68.489641,44.313705],[-68.478785,44.319563],[-68.498637,44.369686]]],[[[-70.703936,43.059621],[-70.673114,43.070314],[-70.665958,43.076234],[-70.655322,43.098008],[-70.638355,43.114182],[-70.634455,43.127603],[-70.618973,43.163625],[-70.587814,43.199858],[-70.575787,43.221859],[-70.591022,43.237851],[-70.593907,43.249295],[-70.585184,43.270113],[-70.562779,43.310614],[-70.553854,43.321886],[-70.535244,43.336771],[-70.517695,43.344037],[-70.485312,43.346391],[-70.465975,43.340246],[-70.442438,43.356487],[-70.424986,43.375928],[-70.427672,43.389254],[-70.421282,43.395777],[-70.406416,43.400942],[-70.39089,43.402607],[-70.383981,43.41294],[-70.384949,43.418839],[-70.370514,43.434133],[-70.349684,43.442032],[-70.37223,43.45508],[-70.382928,43.469674],[-70.384885,43.49604],[-70.379123,43.507202],[-70.361214,43.52919],[-70.341793,43.540484],[-70.307764,43.544315],[-70.299184,43.550589],[-70.272497,43.562616],[-70.261917,43.553687],[-70.244331,43.551849],[-70.231963,43.561118],[-70.219784,43.562149],[-70.206123,43.557627],[-70.196911,43.565146],[-70.20112,43.586515],[-70.214369,43.590445],[-70.217087,43.596717],[-70.211204,43.625765],[-70.240987,43.659132],[-70.239512,43.665986],[-70.252961,43.67501],[-70.251812,43.683251],[-70.23199,43.704822],[-70.216832,43.704822],[-70.217998,43.71998],[-70.194678,43.742134],[-70.197593,43.753211],[-70.190014,43.771866],[-70.172525,43.773615],[-70.176023,43.76079],[-70.153869,43.774781],[-70.153869,43.781194],[-70.142792,43.791688],[-70.107229,43.809178],[-70.080995,43.819672],[-70.053011,43.821421],[-70.053594,43.828417],[-70.032023,43.849988],[-70.019197,43.858733],[-70.009869,43.859315],[-70.002874,43.852903],[-70.006954,43.844158],[-70.023278,43.834247],[-70.026193,43.822587],[-70.011035,43.810927],[-70.002874,43.812093],[-69.99821,43.798684],[-70.005205,43.787607],[-70.02561,43.769534],[-70.034355,43.759041],[-70.041351,43.738053],[-70.001708,43.744466],[-69.998793,43.740385],[-70.005205,43.727559],[-69.994479,43.728451],[-69.989131,43.743227],[-69.982574,43.750801],[-69.958056,43.767786],[-69.948539,43.765948],[-69.927011,43.780174],[-69.903164,43.77239],[-69.884066,43.778035],[-69.869732,43.775656],[-69.862155,43.758962],[-69.868673,43.742701],[-69.858947,43.740531],[-69.855595,43.73266],[-69.857927,43.723915],[-69.855081,43.704746],[-69.838689,43.70514],[-69.835323,43.721125],[-69.778348,43.744612],[-69.780097,43.755397],[-69.752801,43.75594],[-69.719723,43.786685],[-69.714873,43.810264],[-69.705838,43.823024],[-69.697239,43.825065],[-69.685473,43.816328],[-69.664922,43.791033],[-69.653337,43.79103],[-69.650818,43.803785],[-69.65315,43.817194],[-69.649798,43.836287],[-69.634932,43.845907],[-69.621086,43.826814],[-69.61511,43.831623],[-69.613215,43.845032],[-69.604616,43.858004],[-69.594705,43.858878],[-69.589167,43.851299],[-69.592373,43.830895],[-69.604616,43.825793],[-69.604179,43.813551],[-69.578527,43.823316],[-69.575466,43.841972],[-69.568325,43.844449],[-69.552606,43.841347],[-69.545028,43.861241],[-69.550616,43.872579],[-69.543912,43.881615],[-69.524673,43.875639],[-69.520301,43.868498],[-69.513267,43.84479],[-69.514889,43.831298],[-69.50329,43.837673],[-69.486243,43.869118],[-69.483498,43.88028],[-69.459637,43.903316],[-69.45107,43.941955],[-69.441596,43.964254],[-69.431686,43.964546],[-69.416165,43.977267],[-69.398455,43.971804],[-69.388059,43.96434],[-69.366702,43.964755],[-69.351961,43.974748],[-69.331411,43.974311],[-69.304301,43.962068],[-69.305176,43.956676],[-69.319751,43.94487],[-69.307776,43.943451],[-69.288513,43.957665],[-69.280498,43.95744],[-69.267515,43.943667],[-69.259838,43.921427],[-69.24271,43.925465],[-69.237368,43.931596],[-69.214205,43.935583],[-69.203668,43.941806],[-69.19633,43.950504],[-69.193805,43.959762],[-69.197803,43.967547],[-69.193805,43.975543],[-69.170345,43.995637],[-69.162559,43.999003],[-69.148883,43.998582],[-69.124475,44.007419],[-69.128052,44.017309],[-69.113113,44.028881],[-69.094177,44.038981],[-69.081131,44.041295],[-69.073767,44.046135],[-69.079805,44.055256],[-69.064299,44.069911],[-69.050622,44.068017],[-69.031878,44.079036],[-69.043403,44.092164],[-69.056303,44.095162],[-69.076452,44.090634],[-69.089078,44.085326],[-69.101107,44.093601],[-69.100863,44.104529],[-69.080331,44.117824],[-69.075667,44.129991],[-69.080978,44.156768],[-69.077776,44.165043],[-69.06124,44.165498],[-69.054546,44.171542],[-69.05181,44.19592],[-69.042807,44.215173],[-69.040193,44.233673],[-69.029434,44.248558],[-69.017051,44.257086],[-69.005071,44.274071],[-69.003682,44.294582],[-68.979005,44.296327],[-68.958889,44.314353],[-68.954465,44.32405],[-68.948164,44.355882],[-68.961111,44.375076],[-68.978815,44.38634],[-68.990767,44.415033],[-68.982449,44.426195],[-68.946582,44.429108],[-68.931934,44.43869],[-68.927452,44.448039],[-68.900934,44.452062],[-68.892073,44.445075],[-68.886491,44.430676],[-68.880271,44.428112],[-68.858993,44.444923],[-68.829153,44.462242],[-68.810059,44.468737],[-68.783679,44.473879],[-68.785898,44.462611],[-68.801634,44.434803],[-68.815325,44.42808],[-68.821767,44.40894],[-68.818703,44.375077],[-68.814811,44.362194],[-68.821311,44.349594],[-68.828377,44.316549],[-68.827197,44.31216],[-68.795063,44.30786],[-68.771489,44.320523],[-68.762021,44.329597],[-68.746164,44.331148],[-68.733004,44.328388],[-68.725657,44.321591],[-68.682979,44.299201],[-68.630036,44.286235],[-68.61563,44.275431],[-68.603385,44.27471],[-68.572772,44.252741],[-68.562687,44.248059],[-68.550802,44.236534],[-68.525302,44.227554],[-68.52348,44.235819],[-68.529802,44.249594],[-68.519516,44.265046],[-68.528611,44.276117],[-68.531532,44.290388],[-68.538595,44.299902],[-68.556236,44.300819],[-68.564005,44.308022],[-68.566936,44.317603],[-68.563209,44.333039],[-68.545434,44.355],[-68.550051,44.371788],[-68.559285,44.374307],[-68.56642,44.394453],[-68.555088,44.403687],[-68.534522,44.397811],[-68.529905,44.39907],[-68.51452,44.41334],[-68.499686,44.414179],[-68.494649,44.429709],[-68.480379,44.432647],[-68.472824,44.404106],[-68.480798,44.397391],[-68.483317,44.388157],[-68.47828,44.378084],[-68.461072,44.378504],[-68.464106,44.398078],[-68.458849,44.412141],[-68.46382,44.436592],[-68.455095,44.447498],[-68.439281,44.448043],[-68.429648,44.439136],[-68.432556,44.426594],[-68.433901,44.401534],[-68.427874,44.3968],[-68.416412,44.397973],[-68.392559,44.41807],[-68.387678,44.430936],[-68.372445,44.42369],[-68.359082,44.402847],[-68.3581,44.392337],[-68.367565,44.39071],[-68.398035,44.376191],[-68.396552,44.363941],[-68.409867,44.356259],[-68.421619,44.336113],[-68.409867,44.329397],[-68.411965,44.322262],[-68.430853,44.312609],[-68.430946,44.298624],[-68.426107,44.295102],[-68.41965,44.274612],[-68.401268,44.252244],[-68.389848,44.247066],[-68.377982,44.247563],[-68.365364,44.237871],[-68.343132,44.229505],[-68.339498,44.222893],[-68.317588,44.225101],[-68.290818,44.247673],[-68.298643,44.26665],[-68.298223,44.276303],[-68.289409,44.283858],[-68.275139,44.288895],[-68.233435,44.288578],[-68.191924,44.306675],[-68.173608,44.328397],[-68.174687,44.343604],[-68.184532,44.369145],[-68.20354,44.392365],[-68.21554,44.390466],[-68.249956,44.414809],[-68.24366,44.420685],[-68.247438,44.433276],[-68.268423,44.440411],[-68.294865,44.432857],[-68.299063,44.437893],[-68.298223,44.449225],[-68.281015,44.451324],[-68.270522,44.459718],[-68.261708,44.484062],[-68.252474,44.483222],[-68.2445,44.471051],[-68.22939,44.463496],[-68.224354,44.464335],[-68.227292,44.479865],[-68.223934,44.487],[-68.213861,44.492456],[-68.192036,44.487419],[-68.189517,44.478605],[-68.194554,44.47189],[-68.17105,44.470211],[-68.150904,44.482383],[-68.123203,44.478815],[-68.115228,44.467903],[-68.119425,44.459508],[-68.119845,44.445658],[-68.11271,44.421314],[-68.11229,44.401588],[-68.103818,44.385111],[-68.092983,44.370949],[-68.086268,44.376405],[-68.077873,44.373047],[-68.076066,44.347925],[-68.067047,44.335692],[-68.049334,44.33073],[-68.043037,44.343667],[-68.044296,44.357938],[-68.034223,44.360456],[-68.01399,44.390255],[-68.019533,44.396971],[-68.010719,44.407464],[-68.000646,44.406624],[-67.985668,44.386917],[-67.978876,44.387034],[-67.961613,44.39907],[-67.961613,44.4125],[-67.955737,44.416278],[-67.931453,44.411848],[-67.927616,44.421314],[-67.930554,44.428869],[-67.92132,44.433066],[-67.913346,44.430128],[-67.911667,44.419216],[-67.899571,44.394078],[-67.892033,44.409668],[-67.887323,44.433066],[-67.878509,44.435585],[-67.868856,44.424672],[-67.855108,44.419434],[-67.851764,44.428695],[-67.868875,44.456881],[-67.866801,44.471812],[-67.851648,44.484901],[-67.856684,44.523934],[-67.843254,44.542822],[-67.845772,44.551636],[-67.839896,44.558771],[-67.829823,44.557512],[-67.808837,44.544081],[-67.805479,44.52981],[-67.79726,44.520685],[-67.781556,44.520577],[-67.779457,44.543661],[-67.767285,44.548278],[-67.753854,44.543661],[-67.742942,44.526453],[-67.740076,44.508944],[-67.743353,44.497418],[-67.722876,44.498524],[-67.71419,44.495238],[-67.703489,44.504837],[-67.698872,44.51575],[-67.702649,44.527922],[-67.685861,44.537155],[-67.660678,44.537575],[-67.648506,44.525403],[-67.568159,44.531117],[-67.562321,44.539435],[-67.569836,44.556788],[-67.575056,44.560659],[-67.552392,44.619629],[-67.543368,44.626554],[-67.533925,44.621518],[-67.524061,44.626554],[-67.522802,44.63306],[-67.505804,44.636837],[-67.493632,44.628863],[-67.492373,44.61795],[-67.457747,44.598014],[-67.443686,44.605779],[-67.420602,44.607877],[-67.411815,44.596954],[-67.398987,44.602631],[-67.388704,44.626554],[-67.377554,44.619757],[-67.363158,44.631825],[-67.367298,44.652472],[-67.381149,44.66947],[-67.376742,44.681852],[-67.355966,44.69906],[-67.347782,44.69948],[-67.308538,44.707454],[-67.299176,44.705705],[-67.300144,44.696752],[-67.307909,44.691295],[-67.309627,44.659316],[-67.292462,44.648455],[-67.293665,44.634316],[-67.310745,44.613212],[-67.32297,44.609394],[-67.314938,44.598215],[-67.293403,44.599265],[-67.273076,44.610873],[-67.27706,44.61795],[-67.274122,44.626345],[-67.251247,44.640825],[-67.234275,44.637201],[-67.213025,44.63922],[-67.189427,44.645533],[-67.192068,44.655515],[-67.186612,44.66265],[-67.169857,44.662105],[-67.155119,44.66944],[-67.148061,44.684114],[-67.139209,44.693849],[-67.128792,44.695421],[-67.103957,44.717444],[-67.098931,44.741311],[-67.083477,44.739899],[-67.073439,44.741957],[-67.063308,44.758238],[-67.062239,44.769543],[-67.05516,44.771442],[-67.04335,44.765071],[-67.01995,44.771427],[-66.995154,44.791073],[-66.979708,44.80736],[-66.961068,44.807269],[-66.950569,44.814539],[-66.952112,44.82007],[-66.975009,44.815495],[-66.986318,44.820657],[-66.996523,44.844654],[-66.978142,44.856963],[-66.990351,44.882551],[-66.989235,44.89648],[-66.983558,44.903277],[-66.984466,44.912557],[-66.990937,44.917835],[-67.002118,44.918836],[-67.033474,44.939923],[-67.038299,44.945433],[-67.05461,44.986764],[-67.068274,45.001014],[-67.074914,45.019254],[-67.082074,45.029608],[-67.099749,45.04501],[-67.117688,45.05673],[-67.105899,45.065786],[-67.090786,45.068721],[-67.112414,45.112323],[-67.128935,45.132168],[-67.161247,45.162879],[-67.271076,45.191081],[-67.283619,45.192022],[-67.290603,45.187589],[-67.302568,45.161348],[-67.305472,45.144826],[-67.339869,45.125594],[-67.354306,45.129886],[-67.405208,45.165686],[-67.46357,45.244097],[-67.489333,45.281282],[-67.485683,45.291433],[-67.460101,45.301179],[-67.429161,45.344247],[-67.422153,45.379661],[-67.430001,45.392965],[-67.460281,45.419594],[-67.473366,45.425328],[-67.503771,45.488522],[-67.463481,45.508516],[-67.448729,45.510576],[-67.425674,45.502917],[-67.420875,45.55056],[-67.425452,45.579086],[-67.449674,45.60286],[-67.476704,45.604157],[-67.489793,45.60118],[-67.488452,45.594643],[-67.499444,45.587014],[-67.51858,45.587925],[-67.561359,45.594906],[-67.64581,45.613597],[-67.754245,45.667791],[-67.803313,45.677886],[-67.817892,45.693705],[-67.806598,45.794723],[-67.801989,45.803546],[-67.780443,45.816206],[-67.763767,45.820315],[-67.768709,45.901997],[-67.781095,45.943032],[-67.782114,46.279381],[-67.78938,46.765528],[-67.789461,47.062544],[-67.790515,47.067921],[-67.816345,47.081188],[-67.846865,47.092404],[-67.889155,47.118772],[-67.935868,47.164843],[-67.949369,47.182542],[-67.955669,47.199542],[-68.153509,47.314038],[-68.224005,47.348456],[-68.240168,47.354217],[-68.284101,47.360389],[-68.33368,47.36007],[-68.361559,47.355605],[-68.474851,47.297534],[-68.580398,47.286957],[-68.723168,47.239569],[-68.85343,47.193443],[-68.900985,47.178519],[-68.926421,47.19786],[-68.941948,47.206248],[-68.982002,47.220295],[-69.033456,47.240984],[-69.050334,47.256621],[-69.053819,47.375036],[-69.046448,47.383934],[-69.03928,47.385052],[-69.041733,47.397326],[-69.031127,47.403106],[-69.042702,47.426651],[-69.055465,47.432274],[-69.146439,47.44886],[-69.22442,47.459686],[-69.566383,47.125032],[-69.818552,46.87503],[-69.997086,46.69523],[-70.023016,46.573486],[-70.056433,46.41659],[-70.133367,46.368906],[-70.174709,46.358472],[-70.188046,46.350015],[-70.207415,46.331316],[-70.292736,46.191599],[-70.290896,46.185838],[-70.278034,46.175001],[-70.237947,46.147378],[-70.252411,46.106221],[-70.284554,46.098713],[-70.28978,46.094325],[-70.310609,46.064544],[-70.313364,46.016383],[-70.312055,45.971544],[-70.26541,45.962692],[-70.252242,45.954777],[-70.240177,45.943729],[-70.253704,45.902981],[-70.262655,45.887853],[-70.284204,45.872034],[-70.307798,45.85894],[-70.34244,45.852192],[-70.387916,45.819043],[-70.397208,45.807572],[-70.396362,45.802703],[-70.417674,45.79457],[-70.40775,45.773654],[-70.39721,45.756872],[-70.451503,45.704432],[-70.469869,45.701639],[-70.564789,45.65515],[-70.659286,45.58688],[-70.688214,45.563981],[-70.686531,45.54999],[-70.700776,45.532777],[-70.721611,45.515058],[-70.723167,45.507606],[-70.716332,45.486909],[-70.67591,45.452582],[-70.650161,45.443685],[-70.635498,45.427817],[-70.626527,45.407011],[-70.634661,45.383608],[-70.651986,45.377146],[-70.660029,45.377901],[-70.712286,45.390611],[-70.729972,45.399359],[-70.743775,45.411925],[-70.744077,45.421091],[-70.753977,45.427789],[-70.781471,45.431159],[-70.798483,45.42474],[-70.825612,45.400305],[-70.824053,45.391094],[-70.807664,45.378118],[-70.808322,45.325824],[-70.839482,45.237829],[-70.857042,45.22916],[-70.885029,45.234873],[-70.896898,45.242031],[-70.907978,45.269316],[-70.917904,45.311924],[-70.950824,45.33453],[-70.990233,45.336277],[-71.002401,45.327956],[-71.00905,45.319022],[-71.030565,45.312652],[-71.084334,45.305293],[-71.07564,45.224093],[-71.060101,45.019661],[-71.037518,44.755607],[-71.029101,44.610331],[-71.01349,44.340882],[-71.008764,44.258443],[-71.001367,44.092931],[-70.992986,43.914232],[-70.989067,43.79244],[-70.982083,43.715043],[-70.981946,43.70096],[-70.972716,43.570255],[-70.953322,43.552718],[-70.955337,43.54098],[-70.962556,43.53431],[-70.954755,43.509802],[-70.964433,43.473276],[-70.986812,43.414264],[-70.987733,43.391513],[-70.984335,43.376128],[-70.967229,43.343777],[-70.952356,43.333983],[-70.930783,43.329569],[-70.916751,43.317731],[-70.909805,43.306682],[-70.86323,43.265109],[-70.839213,43.251224],[-70.83365,43.242868],[-70.816232,43.234997],[-70.828301,43.186685],[-70.8338,43.146886],[-70.8281,43.129086],[-70.756397,43.079988],[-70.703936,43.059621]]]]}},{"type":"Feature","properties":{"NAME":"Massachusetts"},"geometry":{"type":"MultiPolygon","coordinates":[[[[-70.821001,41.587268],[-70.823735,41.598569],[-70.832044,41.606504],[-70.838452,41.59646],[-70.830087,41.585385],[-70.821001,41.587268]]],[[[-70.59628,41.471905],[-70.603555,41.482384],[-70.64933,41.461068],[-70.686881,41.441334],[-70.701378,41.430925],[-70.711493,41.41546],[-70.712432,41.40885],[-70.729225,41.397728],[-70.768901,41.353246],[-70.783291,41.347829],[-70.812309,41.355745],[-70.833802,41.353386],[-70.838777,41.347209],[-70.819415,41.327212],[-70.802083,41.314207],[-70.775665,41.300982],[-70.768687,41.303702],[-70.764188,41.318706],[-70.747541,41.329952],[-70.733253,41.336226],[-70.709826,41.341723],[-70.599157,41.349272],[-70.538294,41.348958],[-70.496162,41.346452],[-70.451084,41.348161],[-70.448262,41.353651],[-70.449268,41.380422],[-70.446233,41.39648],[-70.450431,41.420703],[-70.463833,41.419145],[-70.473035,41.408757],[-70.472604,41.399128],[-70.484503,41.38629],[-70.501306,41.385391],[-70.506984,41.400242],[-70.528581,41.4051],[-70.547567,41.415831],[-70.555588,41.430882],[-70.553277,41.452955],[-70.56328,41.469127],[-70.57485,41.468259],[-70.59628,41.471905]]],[[[-70.092142,41.297741],[-70.12446,41.293851],[-70.196304,41.294612],[-70.20869,41.290171],[-70.229541,41.290171],[-70.240153,41.295384],[-70.244435,41.303203],[-70.260632,41.310092],[-70.275526,41.310464],[-70.273478,41.301528],[-70.256164,41.288123],[-70.237175,41.282724],[-70.170681,41.255881],[-70.118669,41.242351],[-70.096967,41.24085],[-70.083239,41.2444],[-70.052807,41.242685],[-70.015225,41.237964],[-70.001586,41.239353],[-69.975,41.247392],[-69.965725,41.252466],[-69.960181,41.264546],[-69.960277,41.278731],[-70.018446,41.36863],[-70.033514,41.385816],[-70.049564,41.3879],[-70.030924,41.367453],[-70.028805,41.359919],[-70.031332,41.339332],[-70.046088,41.321651],[-70.062565,41.308726],[-70.082072,41.299093],[-70.092142,41.297741]]],[[[-73.487314,42.049638],[-73.29442,42.046984],[-73.229798,42.044877],[-73.053254,42.039861],[-72.863619,42.037709],[-72.813541,42.036494],[-72.816741,41.997595],[-72.766739,42.002995],[-72.757467,42.020947],[-72.755838,42.036195],[-72.695927,42.036788],[-72.397428,42.033302],[-72.135687,42.030245],[-72.059752,42.027339],[-71.80065,42.023569],[-71.799242,42.008065],[-71.591104,42.013713],[-71.527606,42.014998],[-71.499905,42.017198],[-71.381401,42.018798],[-71.3816,41.922899],[-71.3766,41.893999],[-71.352699,41.896699],[-71.339298,41.893599],[-71.337597,41.8337],[-71.339597,41.832],[-71.339297,41.8065],[-71.327896,41.780501],[-71.261392,41.752301],[-71.224798,41.710498],[-71.19564,41.67509],[-71.17599,41.671402],[-71.17609,41.668102],[-71.134688,41.660502],[-71.134484,41.641198],[-71.12057,41.497448],[-71.085663,41.509292],[-71.058418,41.505967],[-71.035514,41.499047],[-71.019354,41.508857],[-71.003275,41.511912],[-70.983354,41.520616],[-70.979225,41.530427],[-70.941785,41.540121],[-70.931545,41.540169],[-70.93783,41.565239],[-70.948797,41.579038],[-70.931338,41.5842],[-70.927393,41.594064],[-70.929722,41.609479],[-70.920074,41.61081],[-70.910814,41.595506],[-70.899981,41.593504],[-70.904522,41.610361],[-70.913202,41.619266],[-70.889209,41.632904],[-70.872665,41.627816],[-70.868904,41.614664],[-70.857239,41.587705],[-70.850181,41.593529],[-70.855162,41.624145],[-70.844165,41.628983],[-70.835296,41.624532],[-70.810279,41.624873],[-70.800215,41.631753],[-70.804664,41.641157],[-70.816351,41.645995],[-70.809118,41.656437],[-70.776709,41.650756],[-70.765463,41.641575],[-70.757622,41.654265],[-70.76236,41.667735],[-70.755347,41.694326],[-70.744396,41.696967],[-70.719575,41.685002],[-70.717451,41.69398],[-70.721302,41.712968],[-70.728933,41.723433],[-70.726331,41.732731],[-70.718739,41.73574],[-70.708193,41.730959],[-70.670453,41.721912],[-70.656596,41.715401],[-70.644641,41.71898],[-70.626529,41.712995],[-70.62544,41.698691],[-70.645962,41.693794],[-70.661475,41.681756],[-70.646308,41.678433],[-70.637632,41.654573],[-70.638695,41.649427],[-70.650419,41.644202],[-70.652614,41.637829],[-70.640003,41.624616],[-70.651986,41.610184],[-70.652449,41.60521],[-70.64204,41.583066],[-70.642748,41.572385],[-70.653899,41.56516],[-70.654302,41.549926],[-70.658659,41.543385],[-70.745053,41.500966],[-70.753905,41.492256],[-70.775268,41.477465],[-70.787769,41.474609],[-70.802186,41.460864],[-70.828546,41.456448],[-70.855265,41.448892],[-70.883247,41.432239],[-70.91164,41.424484],[-70.928165,41.431265],[-70.949861,41.415323],[-70.948431,41.409193],[-70.928197,41.415781],[-70.902763,41.421061],[-70.866946,41.422378],[-70.857528,41.425767],[-70.835867,41.441877],[-70.817478,41.445562],[-70.79027,41.446339],[-70.760863,41.460947],[-70.757171,41.469917],[-70.734306,41.486335],[-70.705181,41.496677],[-70.675379,41.512623],[-70.663856,41.514031],[-70.654104,41.519025],[-70.643627,41.532357],[-70.633607,41.538254],[-70.611081,41.542989],[-70.559689,41.54833],[-70.522327,41.548965],[-70.493244,41.552044],[-70.476231,41.558524],[-70.461278,41.57182],[-70.445289,41.591815],[-70.437246,41.605329],[-70.408535,41.607345],[-70.400581,41.606382],[-70.379151,41.611361],[-70.369854,41.615888],[-70.360352,41.631069],[-70.338067,41.636338],[-70.321588,41.630508],[-70.29062,41.635196],[-70.274522,41.632927],[-70.26913,41.625742],[-70.267587,41.610912],[-70.259601,41.610863],[-70.25621,41.620698],[-70.245867,41.628479],[-70.191061,41.645259],[-70.158621,41.650438],[-70.140877,41.650423],[-70.089238,41.662813],[-70.055523,41.664843],[-70.029346,41.667744],[-70.014211,41.671971],[-69.996359,41.667184],[-69.975719,41.653738],[-69.973035,41.641046],[-69.987192,41.608579],[-69.994357,41.576846],[-70.00153,41.561953],[-70.010644,41.552692],[-70.011504,41.542924],[-69.998071,41.54365],[-69.988215,41.554704],[-69.982768,41.581812],[-69.967869,41.627503],[-69.958272,41.639429],[-69.951169,41.640799],[-69.933114,41.670014],[-69.928261,41.6917],[-69.928652,41.74125],[-69.935952,41.809422],[-69.945314,41.845222],[-69.968598,41.9117],[-69.986085,41.949597],[-70.011898,41.98972],[-70.033501,42.017736],[-70.058531,42.040363],[-70.082624,42.054657],[-70.115968,42.067638],[-70.160166,42.078628],[-70.189305,42.082337],[-70.206899,42.0819],[-70.225626,42.078601],[-70.238087,42.072878],[-70.245385,42.063733],[-70.233256,42.057714],[-70.218701,42.045848],[-70.208016,42.03073],[-70.193074,42.027576],[-70.194456,42.03947],[-70.186816,42.05045],[-70.169781,42.059736],[-70.148294,42.06195],[-70.123043,42.051668],[-70.10806,42.043601],[-70.095595,42.032832],[-70.083775,42.012041],[-70.077421,41.985497],[-70.074006,41.93865],[-70.073039,41.899783],[-70.054464,41.927366],[-70.044995,41.930049],[-70.030537,41.929154],[-70.025553,41.911699],[-70.024335,41.89882],[-70.000188,41.886938],[-70.009013,41.876625],[-70.004486,41.838826],[-70.003842,41.80852],[-70.008462,41.800786],[-70.024734,41.787364],[-70.064314,41.772845],[-70.096061,41.766549],[-70.121978,41.758841],[-70.141533,41.760072],[-70.182076,41.750885],[-70.189254,41.751982],[-70.216073,41.742981],[-70.23485,41.733733],[-70.259205,41.713954],[-70.263654,41.714115],[-70.275203,41.726143],[-70.290957,41.734312],[-70.375341,41.738779],[-70.412476,41.744397],[-70.471552,41.761563],[-70.494048,41.773883],[-70.517411,41.790953],[-70.532656,41.804796],[-70.54103,41.815754],[-70.542065,41.831263],[-70.535487,41.839381],[-70.525567,41.85873],[-70.532084,41.889568],[-70.545949,41.907158],[-70.546386,41.916751],[-70.552941,41.929641],[-70.583572,41.950007],[-70.598078,41.947772],[-70.608166,41.940701],[-70.616491,41.940204],[-70.648365,41.961672],[-70.662476,41.960592],[-70.698981,41.987103],[-70.710034,41.999544],[-70.712204,42.007586],[-70.695809,42.013346],[-70.686798,42.012764],[-70.678798,42.00551],[-70.667512,42.01232],[-70.671666,42.02139],[-70.66936,42.037116],[-70.643208,42.050821],[-70.64819,42.068441],[-70.647349,42.076331],[-70.63848,42.081579],[-70.640169,42.088633],[-70.663931,42.108336],[-70.685315,42.133025],[-70.706264,42.163137],[-70.714301,42.168783],[-70.718707,42.184853],[-70.722269,42.207959],[-70.73056,42.21094],[-70.754488,42.228673],[-70.764757,42.244062],[-70.770964,42.249197],[-70.788724,42.25392],[-70.811742,42.262935],[-70.831075,42.267424],[-70.851093,42.26827],[-70.870873,42.285668],[-70.881242,42.300663],[-70.882764,42.30886],[-70.907556,42.307889],[-70.915588,42.302463],[-70.897123,42.29586],[-70.896267,42.2851],[-70.910941,42.265412],[-70.935886,42.264189],[-70.948971,42.272505],[-70.967351,42.268168],[-70.98909,42.267449],[-70.996097,42.271222],[-71.006158,42.28811],[-71.000948,42.302483],[-71.013165,42.315419],[-71.01568,42.326019],[-71.006877,42.347039],[-70.998253,42.352788],[-70.974897,42.355843],[-70.963578,42.34686],[-70.953292,42.349698],[-70.972223,42.377316],[-70.972706,42.389968],[-70.980336,42.391513],[-70.990595,42.407098],[-70.982994,42.423996],[-70.960835,42.441272],[-70.96047,42.446166],[-70.94702,42.456236],[-70.943612,42.452092],[-70.943295,42.436248],[-70.936393,42.418097],[-70.905692,42.416197],[-70.901992,42.420297],[-70.913192,42.427697],[-70.928226,42.430986],[-70.933155,42.437833],[-70.934993,42.457896],[-70.921993,42.466696],[-70.908092,42.466896],[-70.894292,42.460896],[-70.887292,42.464896],[-70.879692,42.478796],[-70.857791,42.490296],[-70.835991,42.490496],[-70.831091,42.503596],[-70.842091,42.519495],[-70.866279,42.522617],[-70.871382,42.546404],[-70.848492,42.550195],[-70.823291,42.551495],[-70.804091,42.561595],[-70.757283,42.570455],[-70.737044,42.576863],[-70.729688,42.57151],[-70.698574,42.577393],[-70.678819,42.594389],[-70.668488,42.589643],[-70.668022,42.581732],[-70.654727,42.582234],[-70.635635,42.600243],[-70.61842,42.62864],[-70.605611,42.634898],[-70.594014,42.63503],[-70.591742,42.648508],[-70.595474,42.660336],[-70.61482,42.65765],[-70.622791,42.660873],[-70.622864,42.67599],[-70.620031,42.688006],[-70.630077,42.692699],[-70.645101,42.689423],[-70.663548,42.677603],[-70.681594,42.662342],[-70.689402,42.653319],[-70.728845,42.663877],[-70.72982,42.669602],[-70.744427,42.682092],[-70.764421,42.68565],[-70.778671,42.693622],[-70.770453,42.704824],[-70.772267,42.711064],[-70.792867,42.747118],[-70.80522,42.781798],[-70.817731,42.850613],[-70.817296,42.87229],[-70.848625,42.860939],[-70.886136,42.88261],[-70.902768,42.88653],[-70.931699,42.884189],[-70.996901,42.864589],[-71.037901,42.854089],[-71.149703,42.815489],[-71.165603,42.808689],[-71.186104,42.790689],[-71.181803,42.73759],[-71.208302,42.743314],[-71.245504,42.742589],[-71.294205,42.69699],[-71.54252,42.702726],[-71.636214,42.704888],[-71.928811,42.712234],[-72.111068,42.717264],[-72.282968,42.722008],[-72.458519,42.726853],[-72.86418,42.737117],[-73.022903,42.741133],[-73.264957,42.74594],[-73.307004,42.632653],[-73.352527,42.510002],[-73.410647,42.351738],[-73.508142,42.086257],[-73.496879,42.049675],[-73.487314,42.049638]]]]}},{"type":"Feature","properties":{"NAME":"Michigan"},"geometry":{"type":"MultiPolygon","coordinates":[[[[-85.566441,45.760222],[-85.565132,45.730719],[-85.572309,45.711449],[-85.590769,45.698051],[-85.604881,45.681932],[-85.609295,45.658067],[-85.604521,45.639256],[-85.608653,45.632008],[-85.61985,45.624547],[-85.630016,45.598166],[-85.618049,45.582647],[-85.561634,45.572213],[-85.534064,45.578198],[-85.530273,45.589253],[-85.509276,45.596475],[-85.491347,45.609665],[-85.487026,45.621211],[-85.490252,45.652122],[-85.500451,45.664298],[-85.506104,45.681148],[-85.5028,45.690998],[-85.494016,45.698476],[-85.498777,45.726291],[-85.510895,45.734414],[-85.520803,45.737247],[-85.497656,45.746246],[-85.501267,45.754415],[-85.525237,45.750462],[-85.54375,45.751413],[-85.54956,45.757266],[-85.566441,45.760222]]],[[[-88.684434,48.115785],[-88.695353,48.110549],[-88.705586,48.111013],[-88.728198,48.101914],[-88.744458,48.092769],[-88.764256,48.085189],[-88.77183,48.079457],[-88.772077,48.070502],[-88.787556,48.063035],[-88.810461,48.055247],[-88.835714,48.056752],[-88.893701,48.03477],[-88.895069,48.029059],[-88.915032,48.020681],[-88.940886,48.01959],[-88.994163,48.00229],[-89.018303,47.992525],[-89.095207,47.967922],[-89.179154,47.93503],[-89.214499,47.913895],[-89.221332,47.908069],[-89.226327,47.895438],[-89.247127,47.888503],[-89.255202,47.876102],[-89.228507,47.858039],[-89.234533,47.851718],[-89.201812,47.850243],[-89.192207,47.84106],[-89.19017,47.831603],[-89.157738,47.824015],[-89.124134,47.828616],[-89.107991,47.835705],[-89.056412,47.852598],[-89.022736,47.858532],[-88.998939,47.86749],[-88.911665,47.891344],[-88.899698,47.902445],[-88.942387,47.895436],[-88.957985,47.895436],[-88.968903,47.901675],[-88.968903,47.909474],[-88.962664,47.923512],[-88.923573,47.937976],[-88.918029,47.945605],[-88.899184,47.9533],[-88.852923,47.965322],[-88.832063,47.965213],[-88.791959,47.978938],[-88.772357,47.981126],[-88.718555,47.995134],[-88.670073,48.011446],[-88.579784,48.058669],[-88.573924,48.068861],[-88.578053,48.084373],[-88.566938,48.093719],[-88.511902,48.121699],[-88.4857,48.137683],[-88.469573,48.152879],[-88.449502,48.163312],[-88.427373,48.166764],[-88.419875,48.170731],[-88.418244,48.18037],[-88.422601,48.190975],[-88.447236,48.182916],[-88.459735,48.183807],[-88.482039,48.179915],[-88.501088,48.168181],[-88.524753,48.165291],[-88.547033,48.174891],[-88.578413,48.16237],[-88.614026,48.154797],[-88.656915,48.139225],[-88.674192,48.127165],[-88.675628,48.120444],[-88.684434,48.115785]]],[[[-84.593232,45.817389],[-84.58195,45.802633],[-84.561562,45.796213],[-84.549902,45.789859],[-84.52506,45.764168],[-84.509301,45.754336],[-84.507476,45.744644],[-84.500892,45.737259],[-84.484128,45.73071],[-84.469183,45.732246],[-84.45104,45.727952],[-84.430026,45.726307],[-84.418902,45.721712],[-84.405852,45.722417],[-84.394038,45.727623],[-84.394292,45.735301],[-84.372248,45.745784],[-84.370241,45.75619],[-84.35602,45.771895],[-84.403208,45.784394],[-84.419335,45.806747],[-84.421267,45.792694],[-84.432472,45.786732],[-84.492951,45.805343],[-84.514441,45.81012],[-84.538395,45.807843],[-84.578328,45.820092],[-84.589272,45.825795],[-84.6082,45.861631],[-84.629437,45.882578],[-84.646876,45.884642],[-84.650783,45.85921],[-84.623863,45.846579],[-84.61184,45.833429],[-84.593232,45.817389]]],[[[-86.093536,45.007838],[-86.101894,45.022811],[-86.093451,45.03166],[-86.093166,45.041492],[-86.117908,45.048478],[-86.141644,45.040251],[-86.154557,45.018102],[-86.154824,45.002394],[-86.133655,44.996874],[-86.115699,44.999093],[-86.093536,45.007838]]],[[[-86.033174,45.15842],[-86.050473,45.158418],[-86.059393,45.152291],[-86.065016,45.140266],[-86.060396,45.104617],[-86.052424,45.095311],[-86.037129,45.086576],[-86.013073,45.063774],[-85.99736,45.055929],[-85.976883,45.06266],[-85.977082,45.072993],[-85.984095,45.087073],[-85.980433,45.113046],[-85.976434,45.120706],[-85.976803,45.138363],[-85.989412,45.151069],[-86.005946,45.155751],[-86.033174,45.15842]]],[[[-83.453832,41.732647],[-83.424076,41.740738],[-83.437516,41.769694],[-83.443364,41.789118],[-83.441668,41.808646],[-83.434204,41.818562],[-83.422316,41.822278],[-83.409596,41.830325],[-83.39622,41.852965],[-83.381955,41.870877],[-83.372445,41.874477],[-83.366187,41.865505],[-83.341557,41.879956],[-83.335961,41.889721],[-83.333642,41.907261],[-83.326029,41.924948],[-83.315859,41.935893],[-83.302904,41.943073],[-83.28713,41.944397],[-83.269521,41.939042],[-83.257292,41.950745],[-83.257009,41.959686],[-83.249204,41.972402],[-83.228502,41.987291],[-83.216897,41.988561],[-83.209379,41.995736],[-83.208647,42.00504],[-83.187246,42.007573],[-83.181475,42.019301],[-83.18824,42.031329],[-83.185526,42.052243],[-83.188598,42.066431],[-83.168759,42.073601],[-83.157624,42.085542],[-83.133511,42.088143],[-83.124522,42.137641],[-83.133923,42.17474],[-83.128022,42.238839],[-83.096521,42.290138],[-83.079721,42.308638],[-83.064121,42.317738],[-83.01832,42.329739],[-82.988619,42.332439],[-82.959416,42.339638],[-82.92397,42.352068],[-82.928815,42.359437],[-82.915114,42.378137],[-82.898413,42.385437],[-82.888413,42.398237],[-82.886113,42.408137],[-82.870347,42.450888],[-82.883915,42.471836],[-82.882316,42.501035],[-82.874416,42.523535],[-82.859316,42.541935],[-82.851016,42.548935],[-82.845916,42.560634],[-82.834216,42.567849],[-82.821016,42.570734],[-82.796715,42.571034],[-82.782414,42.564834],[-82.781514,42.571634],[-82.788116,42.582835],[-82.789017,42.603434],[-82.811017,42.610933],[-82.819017,42.616333],[-82.820118,42.626333],[-82.813518,42.640833],[-82.797318,42.654032],[-82.780817,42.652232],[-82.765583,42.655725],[-82.753317,42.669732],[-82.726366,42.682768],[-82.706135,42.683578],[-82.700964,42.689548],[-82.6855,42.690036],[-82.674287,42.687049],[-82.659781,42.678618],[-82.635262,42.675552],[-82.623797,42.665395],[-82.623043,42.655951],[-82.630922,42.64211],[-82.645715,42.631145],[-82.669103,42.637225],[-82.689836,42.627148],[-82.681593,42.618672],[-82.683482,42.609433],[-82.700818,42.606687],[-82.713042,42.597904],[-82.711151,42.590884],[-82.701152,42.585991],[-82.688061,42.588417],[-82.681036,42.574695],[-82.680758,42.557909],[-82.664335,42.546244],[-82.670956,42.537989],[-82.685397,42.528659],[-82.679059,42.52221],[-82.624907,42.557229],[-82.607068,42.548843],[-82.589779,42.550678],[-82.583996,42.554041],[-82.523337,42.607486],[-82.518782,42.613888],[-82.509935,42.637294],[-82.483697,42.733212],[-82.469912,42.887459],[-82.455027,42.926866],[-82.447778,42.937066],[-82.415937,43.005555],[-82.422768,43.007956],[-82.457221,43.061285],[-82.471053,43.087581],[-82.486042,43.102486],[-82.490614,43.118172],[-82.494194,43.143736],[-82.501656,43.161656],[-82.508881,43.196748],[-82.519123,43.212737],[-82.523086,43.225361],[-82.532396,43.30577],[-82.529416,43.316243],[-82.530128,43.333805],[-82.536794,43.34851],[-82.535627,43.368062],[-82.53993,43.422378],[-82.539517,43.437539],[-82.55354,43.464111],[-82.565505,43.497063],[-82.565691,43.502904],[-82.585654,43.543969],[-82.593785,43.581467],[-82.6005,43.602935],[-82.605783,43.669489],[-82.60483,43.678884],[-82.612224,43.739771],[-82.619079,43.756088],[-82.617955,43.768596],[-82.633641,43.831224],[-82.647784,43.842684],[-82.643166,43.852468],[-82.65545,43.867883],[-82.678642,43.88373],[-82.693505,43.91798],[-82.709839,43.948226],[-82.728528,43.972615],[-82.738992,43.989506],[-82.746255,43.996037],[-82.765018,44.006845],[-82.783198,44.009366],[-82.793205,44.023247],[-82.833103,44.036851],[-82.875889,44.045046],[-82.889831,44.050952],[-82.915976,44.070503],[-82.928884,44.069389],[-82.947368,44.062187],[-82.967439,44.066138],[-82.990728,44.048846],[-82.999283,44.04651],[-83.024604,44.045174],[-83.029868,44.041175],[-83.046577,44.01571],[-83.058741,44.006224],[-83.079297,44.001079],[-83.10782,44.003245],[-83.120659,44.00095],[-83.145407,43.989441],[-83.180618,43.982109],[-83.195688,43.983137],[-83.227093,43.981003],[-83.26153,43.973525],[-83.26898,43.956132],[-83.28231,43.938031],[-83.30569,43.922489],[-83.318656,43.91762],[-83.338067,43.915687],[-83.347365,43.91216],[-83.331788,43.893901],[-83.33227,43.880522],[-83.358869,43.857395],[-83.389424,43.844229],[-83.390344,43.839132],[-83.407647,43.831998],[-83.412456,43.817569],[-83.410663,43.80773],[-83.416378,43.801034],[-83.426068,43.799915],[-83.438311,43.786846],[-83.446752,43.77186],[-83.440171,43.761694],[-83.459628,43.740931],[-83.470053,43.723418],[-83.48007,43.714636],[-83.506657,43.710907],[-83.515853,43.718157],[-83.524837,43.716948],[-83.55147,43.699901],[-83.549044,43.693798],[-83.553707,43.685432],[-83.563157,43.684564],[-83.595579,43.650249],[-83.618602,43.628891],[-83.654192,43.59929],[-83.669795,43.59079],[-83.703446,43.597646],[-83.725793,43.618691],[-83.769886,43.634924],[-83.778919,43.630056],[-83.814674,43.643022],[-83.852076,43.644922],[-83.897078,43.664022],[-83.909479,43.672622],[-83.939297,43.715369],[-83.954347,43.750647],[-83.956021,43.759286],[-83.945426,43.759946],[-83.929375,43.777091],[-83.926345,43.787398],[-83.917875,43.856509],[-83.916815,43.89905],[-83.907388,43.918062],[-83.890912,43.923314],[-83.890145,43.934672],[-83.877694,43.959235],[-83.869406,43.960719],[-83.848276,43.981594],[-83.829077,43.989095],[-83.787863,43.985279],[-83.763774,43.985158],[-83.743806,43.991529],[-83.680108,43.994196],[-83.687892,44.020709],[-83.679654,44.036365],[-83.650116,44.052404],[-83.621078,44.056186],[-83.601173,44.054686],[-83.58409,44.056748],[-83.590437,44.069569],[-83.588004,44.086758],[-83.573071,44.101298],[-83.567714,44.119652],[-83.567744,44.155899],[-83.553834,44.197956],[-83.549096,44.227282],[-83.53771,44.248171],[-83.524817,44.261558],[-83.508839,44.273711],[-83.479531,44.28009],[-83.463049,44.278838],[-83.445805,44.273378],[-83.442731,44.265361],[-83.425762,44.272487],[-83.414301,44.294543],[-83.401822,44.301831],[-83.373607,44.327784],[-83.364312,44.33259],[-83.343738,44.329763],[-83.332533,44.340464],[-83.335248,44.357995],[-83.333757,44.372486],[-83.321648,44.404502],[-83.327171,44.429234],[-83.326824,44.444411],[-83.31761,44.486058],[-83.318279,44.514416],[-83.308471,44.539902],[-83.313649,44.564588],[-83.315603,44.595079],[-83.314517,44.608725],[-83.307504,44.629816],[-83.289442,44.652968],[-83.276836,44.689354],[-83.273393,44.713901],[-83.290665,44.729265],[-83.2973,44.746134],[-83.295518,44.793397],[-83.300648,44.829831],[-83.314429,44.84222],[-83.321241,44.852962],[-83.320503,44.880571],[-83.352815,44.886164],[-83.39396,44.903056],[-83.404596,44.918761],[-83.425311,44.926741],[-83.438856,44.940843],[-83.443718,44.952247],[-83.450013,44.990219],[-83.431254,45.007998],[-83.446342,45.016655],[-83.454168,45.03188],[-83.442052,45.051056],[-83.433798,45.057616],[-83.399255,45.070364],[-83.36747,45.062268],[-83.357609,45.050613],[-83.340257,45.041545],[-83.302153,45.032315],[-83.287974,45.026462],[-83.271506,45.023417],[-83.265896,45.026844],[-83.271464,45.038114],[-83.280272,45.045962],[-83.291346,45.062597],[-83.290827,45.069157],[-83.298275,45.090483],[-83.30788,45.099093],[-83.318442,45.12893],[-83.316118,45.141958],[-83.337822,45.14712],[-83.348684,45.161516],[-83.359895,45.16302],[-83.368046,45.172478],[-83.368896,45.182168],[-83.384265,45.203472],[-83.405914,45.227157],[-83.412569,45.245807],[-83.388034,45.254976],[-83.381743,45.268983],[-83.388274,45.276916],[-83.401091,45.279572],[-83.422389,45.290775],[-83.43304,45.303688],[-83.445672,45.310612],[-83.477794,45.341891],[-83.488826,45.355872],[-83.496704,45.357536],[-83.514717,45.34646],[-83.538306,45.358167],[-83.550268,45.350832],[-83.570361,45.347198],[-83.599273,45.352561],[-83.64379,45.37171],[-83.667934,45.384675],[-83.697316,45.396239],[-83.721815,45.413304],[-83.755569,45.411034],[-83.773171,45.417302],[-83.788777,45.416415],[-83.806622,45.419159],[-83.841543,45.435287],[-83.85856,45.446865],[-83.881813,45.467907],[-83.909472,45.485784],[-83.939261,45.493189],[-83.978017,45.494138],[-83.99835,45.491158],[-84.009582,45.495069],[-84.028813,45.497225],[-84.056138,45.489349],[-84.075792,45.490537],[-84.095905,45.497298],[-84.109238,45.505171],[-84.122309,45.523788],[-84.126971,45.542428],[-84.126532,45.556616],[-84.139462,45.573714],[-84.157121,45.585305],[-84.180514,45.604639],[-84.196043,45.621456],[-84.215268,45.634767],[-84.270238,45.64479],[-84.289685,45.653296],[-84.329537,45.66438],[-84.376403,45.655565],[-84.413642,45.669427],[-84.427495,45.669201],[-84.442348,45.654771],[-84.46168,45.652404],[-84.538998,45.690383],[-84.555496,45.702268],[-84.573631,45.710381],[-84.604712,45.721668],[-84.644822,45.73999],[-84.679546,45.749095],[-84.681967,45.756197],[-84.715996,45.766174],[-84.718904,45.777599],[-84.726192,45.786905],[-84.734065,45.788205],[-84.751571,45.782733],[-84.772765,45.789301],[-84.793153,45.780463],[-84.7798,45.76965],[-84.781373,45.76108],[-84.788821,45.752283],[-84.799558,45.74713],[-84.840981,45.744751],[-84.866976,45.752066],[-84.910398,45.75001],[-84.924664,45.756897],[-84.938312,45.759892],[-84.995105,45.759855],[-85.002914,45.75394],[-84.982328,45.75196],[-84.95084,45.736893],[-84.942125,45.72846],[-84.943756,45.71029],[-84.97095,45.686334],[-84.996336,45.669685],[-85.001154,45.661225],[-85.015341,45.651564],[-85.061488,45.639505],[-85.07491,45.629242],[-85.079528,45.617083],[-85.093525,45.600121],[-85.111909,45.585829],[-85.119737,45.569026],[-85.115479,45.539406],[-85.109252,45.521626],[-85.088386,45.476928],[-85.069573,45.459239],[-85.040936,45.436701],[-84.983836,45.420764],[-84.980953,45.429382],[-84.922006,45.421914],[-84.916165,45.417639],[-84.912537,45.402828],[-84.91585,45.393115],[-84.959119,45.375973],[-85.022234,45.366701],[-85.032813,45.361251],[-85.054805,45.364091],[-85.143651,45.370369],[-85.182471,45.360824],[-85.196704,45.360641],[-85.209673,45.356937],[-85.235629,45.339374],[-85.252193,45.330863],[-85.262996,45.319507],[-85.273789,45.315443],[-85.307646,45.31314],[-85.335016,45.294027],[-85.355478,45.282774],[-85.371593,45.270834],[-85.388593,45.23524],[-85.386726,45.189497],[-85.380464,45.180876],[-85.376948,45.142881],[-85.372571,45.126241],[-85.366908,45.116938],[-85.366412,45.069023],[-85.377586,45.055713],[-85.380659,45.046319],[-85.381654,45.018407],[-85.378286,44.998587],[-85.3958,44.931018],[-85.406173,44.911773],[-85.423003,44.895019],[-85.425804,44.881646],[-85.460445,44.835667],[-85.462916,44.825067],[-85.474796,44.814959],[-85.499591,44.803838],[-85.509251,44.787334],[-85.505244,44.781594],[-85.504775,44.768082],[-85.527216,44.748235],[-85.554326,44.748744],[-85.571301,44.755293],[-85.576566,44.760208],[-85.560488,44.789679],[-85.560231,44.810072],[-85.555894,44.818256],[-85.539924,44.834166],[-85.519096,44.845339],[-85.508617,44.847872],[-85.498007,44.865451],[-85.488624,44.901707],[-85.49249,44.90822],[-85.491286,44.927585],[-85.48574,44.953626],[-85.464944,44.961062],[-85.475204,44.991053],[-85.4926,44.989834],[-85.520034,44.973996],[-85.520205,44.960347],[-85.533553,44.925762],[-85.539703,44.916779],[-85.564509,44.895246],[-85.553509,44.890924],[-85.530649,44.889763],[-85.532931,44.87319],[-85.545891,44.864024],[-85.581717,44.807784],[-85.590985,44.783914],[-85.593571,44.768783],[-85.610776,44.76516],[-85.627982,44.767508],[-85.640781,44.775561],[-85.637,44.790078],[-85.641652,44.810816],[-85.651435,44.831624],[-85.652355,44.849092],[-85.648932,44.87401],[-85.639842,44.890255],[-85.625497,44.921107],[-85.602034,44.926743],[-85.602356,44.974272],[-85.606588,44.990662],[-85.621878,45.004529],[-85.599652,45.021749],[-85.597181,45.040547],[-85.56613,45.043633],[-85.566066,45.059201],[-85.573353,45.068382],[-85.583198,45.071304],[-85.609266,45.11351],[-85.614319,45.127562],[-85.599801,45.149286],[-85.590434,45.153175],[-85.5639,45.154361],[-85.552179,45.167352],[-85.531461,45.177247],[-85.526734,45.189316],[-85.540497,45.210169],[-85.551072,45.210742],[-85.561809,45.200524],[-85.564654,45.192546],[-85.585986,45.180381],[-85.606963,45.178477],[-85.618639,45.186771],[-85.656024,45.145788],[-85.674861,45.116216],[-85.675671,45.10554],[-85.681096,45.092693],[-85.695715,45.076461],[-85.712262,45.065622],[-85.740836,45.055575],[-85.746444,45.051229],[-85.761943,45.023454],[-85.771395,45.015181],[-85.776207,45.000574],[-85.780439,44.977932],[-85.807403,44.949814],[-85.83615,44.940256],[-85.854304,44.938147],[-85.869852,44.939031],[-85.879934,44.943305],[-85.891543,44.957783],[-85.915851,44.968307],[-85.9316,44.968788],[-85.938589,44.964559],[-85.942099,44.954317],[-85.952721,44.940758],[-85.967169,44.929484],[-85.972824,44.914781],[-85.980219,44.906136],[-85.992535,44.900026],[-86.009355,44.899454],[-86.031194,44.907349],[-86.038332,44.915696],[-86.058862,44.911012],[-86.066745,44.905685],[-86.072468,44.884788],[-86.071112,44.86542],[-86.066031,44.834852],[-86.065966,44.821522],[-86.071746,44.804717],[-86.073506,44.769803],[-86.077933,44.758234],[-86.089186,44.741496],[-86.106182,44.731088],[-86.121125,44.727972],[-86.160268,44.728189],[-86.172201,44.720623],[-86.232482,44.70605],[-86.248474,44.699046],[-86.256796,44.686769],[-86.259029,44.663654],[-86.25395,44.64808],[-86.231828,44.609107],[-86.22545,44.59459],[-86.220697,44.566742],[-86.223788,44.549043],[-86.238743,44.501682],[-86.248914,44.483004],[-86.251843,44.451632],[-86.24832,44.434758],[-86.248083,44.420946],[-86.251926,44.400984],[-86.26871,44.345324],[-86.300264,44.308197],[-86.316025,44.28421],[-86.327287,44.263057],[-86.343793,44.249608],[-86.351638,44.229429],[-86.362847,44.208113],[-86.380062,44.189472],[-86.400645,44.156848],[-86.429871,44.119782],[-86.446883,44.10597],[-86.500453,44.075607],[-86.514702,44.058119],[-86.514742,44.04792],[-86.501738,44.021912],[-86.483331,44.001179],[-86.463136,43.970976],[-86.447915,43.918089],[-86.445455,43.889726],[-86.433915,43.855608],[-86.431198,43.84072],[-86.431043,43.815975],[-86.437391,43.789334],[-86.445123,43.771564],[-86.461554,43.746685],[-86.481854,43.725135],[-86.510319,43.698625],[-86.529179,43.677889],[-86.538482,43.658795],[-86.540916,43.633158],[-86.538497,43.617501],[-86.529507,43.593462],[-86.520205,43.576718],[-86.479276,43.515335],[-86.468747,43.491963],[-86.448743,43.432013],[-86.435124,43.396702],[-86.407832,43.338436],[-86.39575,43.316225],[-86.316259,43.195114],[-86.280756,43.136015],[-86.254646,43.083409],[-86.250069,43.057489],[-86.244277,43.049681],[-86.232707,43.015762],[-86.226305,42.988284],[-86.216209,42.919007],[-86.214138,42.883555],[-86.210737,42.859128],[-86.211815,42.833236],[-86.210863,42.783832],[-86.208309,42.762789],[-86.206834,42.719424],[-86.208654,42.69209],[-86.21602,42.664413],[-86.22905,42.637693],[-86.225613,42.594765],[-86.23528,42.564958],[-86.240642,42.54],[-86.24971,42.480212],[-86.261573,42.443894],[-86.276878,42.413317],[-86.284969,42.401814],[-86.284448,42.394563],[-86.297168,42.358207],[-86.321803,42.310743],[-86.356218,42.254166],[-86.385179,42.217279],[-86.404146,42.196379],[-86.466262,42.134406],[-86.485223,42.118239],[-86.490122,42.105139],[-86.501322,42.08454],[-86.556421,42.000042],[-86.582197,41.942241],[-86.597899,41.918291],[-86.619442,41.893827],[-86.679355,41.844793],[-86.717037,41.819349],[-86.777227,41.78474],[-86.824828,41.76024],[-86.640044,41.759671],[-86.519318,41.759447],[-86.265496,41.760207],[-86.21759,41.760016],[-86.127844,41.760592],[-85.974901,41.759849],[-85.791363,41.759051],[-85.607548,41.759079],[-85.515959,41.759352],[-85.30814,41.760097],[-85.17223,41.759618],[-85.039436,41.759985],[-84.972803,41.759366],[-84.818873,41.760059],[-84.806134,41.743115],[-84.806082,41.696089],[-84.438067,41.704903],[-84.360419,41.706925],[-83.880539,41.720081],[-83.595235,41.729148],[-83.453832,41.732647]]],[[[-90.418136,46.566094],[-90.414464,46.55732],[-90.400429,46.544384],[-90.374461,46.539212],[-90.357676,46.540271],[-90.313894,46.516199],[-90.307716,46.518392],[-90.284545,46.518714],[-90.204572,46.478998],[-90.17786,46.440548],[-90.166909,46.439311],[-90.134656,46.374979],[-90.119757,46.359748],[-90.120489,46.336852],[-89.908196,46.296037],[-89.276883,46.174116],[-89.125136,46.144531],[-89.058745,46.124952],[-88.85027,46.040274],[-88.840584,46.031112],[-88.815629,46.02232],[-88.769712,46.018968],[-88.739994,46.027308],[-88.730675,46.026535],[-88.679132,46.013538],[-88.674606,46.010567],[-88.666056,45.988191],[-88.6375,45.98496],[-88.616405,45.9877],[-88.613063,45.990627],[-88.532414,46.021212],[-88.507188,46.0183],[-88.497417,45.995149],[-88.489608,45.991381],[-88.423437,45.98193],[-88.376447,45.989458],[-88.295559,45.951459],[-88.250133,45.963147],[-88.239672,45.948982],[-88.211158,45.944531],[-88.202247,45.949584],[-88.175532,45.944897],[-88.139372,45.929932],[-88.102603,45.909888],[-88.073944,45.875593],[-88.073134,45.871952],[-88.088825,45.85586],[-88.106622,45.841072],[-88.114267,45.837891],[-88.13364,45.823128],[-88.130434,45.81002],[-88.094047,45.785658],[-88.072091,45.780261],[-88.050634,45.780972],[-88.039729,45.789626],[-87.991447,45.795393],[-87.868111,45.749477],[-87.807144,45.708014],[-87.780808,45.680349],[-87.781623,45.67328],[-87.823672,45.659817],[-87.824102,45.647138],[-87.79588,45.618846],[-87.792016,45.616756],[-87.788798,45.565947],[-87.792769,45.499967],[-87.79896,45.485147],[-87.812976,45.464159],[-87.820348,45.460284],[-87.860432,45.423504],[-87.888052,45.354697],[-87.88517,45.351736],[-87.850133,45.340435],[-87.838141,45.345101],[-87.832612,45.352249],[-87.790324,45.353444],[-87.771384,45.35121],[-87.751452,45.351755],[-87.718891,45.377462],[-87.693956,45.389893],[-87.675017,45.382454],[-87.657349,45.368752],[-87.647729,45.350721],[-87.648126,45.339396],[-87.709137,45.260341],[-87.711722,45.243481],[-87.73171,45.206792],[-87.741732,45.198201],[-87.735282,45.176565],[-87.731389,45.170989],[-87.659952,45.107512],[-87.590208,45.095264],[-87.610073,45.114141],[-87.612019,45.123377],[-87.600796,45.146842],[-87.585651,45.166394],[-87.563417,45.18407],[-87.548964,45.191591],[-87.512336,45.224252],[-87.465201,45.273351],[-87.438908,45.293405],[-87.437257,45.3055],[-87.431684,45.316383],[-87.399973,45.349322],[-87.3925,45.369028],[-87.364368,45.388532],[-87.359512,45.399829],[-87.350852,45.407743],[-87.336152,45.41536],[-87.325834,45.43004],[-87.33324,45.436897],[-87.333147,45.447208],[-87.319703,45.464929],[-87.306122,45.475513],[-87.288726,45.501606],[-87.263488,45.552032],[-87.234612,45.588817],[-87.223647,45.599338],[-87.196852,45.636275],[-87.172241,45.661788],[-87.129412,45.68171],[-87.111638,45.685905],[-87.095455,45.701039],[-87.059533,45.708497],[-87.070442,45.718779],[-87.057444,45.736822],[-87.052908,45.747983],[-87.062406,45.753296],[-87.063975,45.76651],[-87.058127,45.779152],[-87.057439,45.812483],[-87.052043,45.821879],[-87.039842,45.834245],[-87.018902,45.838886],[-87.00508,45.831718],[-86.988438,45.810621],[-86.981624,45.792221],[-86.981341,45.76616],[-86.975224,45.75313],[-86.977655,45.728768],[-86.982413,45.719873],[-86.984588,45.705812],[-86.981349,45.696463],[-86.969765,45.691895],[-86.964275,45.672761],[-86.944158,45.695833],[-86.92106,45.697868],[-86.904089,45.709546],[-86.876904,45.711891],[-86.870392,45.710087],[-86.838746,45.722307],[-86.841818,45.729051],[-86.838658,45.741831],[-86.821814,45.757164],[-86.821523,45.770356],[-86.801476,45.780027],[-86.785722,45.794517],[-86.773279,45.811385],[-86.774612,45.821696],[-86.782259,45.82995],[-86.784177,45.854641],[-86.78208,45.860195],[-86.758449,45.867274],[-86.742466,45.864719],[-86.72852,45.848759],[-86.721113,45.845431],[-86.645998,45.833888],[-86.632478,45.843309],[-86.633168,45.860068],[-86.613536,45.875982],[-86.603293,45.876626],[-86.593184,45.88511],[-86.583304,45.898784],[-86.567719,45.9005],[-86.541464,45.890234],[-86.529573,45.874974],[-86.529208,45.853043],[-86.538831,45.840083],[-86.555186,45.831696],[-86.559044,45.822323],[-86.555547,45.813499],[-86.563392,45.804469],[-86.571172,45.805452],[-86.581759,45.794797],[-86.576869,45.788502],[-86.583391,45.778242],[-86.597661,45.775385],[-86.617336,45.783538],[-86.631018,45.782019],[-86.634902,45.763536],[-86.633138,45.747654],[-86.647319,45.732618],[-86.662762,45.728964],[-86.67148,45.72053],[-86.665677,45.702217],[-86.676184,45.691862],[-86.689102,45.687862],[-86.705184,45.690901],[-86.715781,45.683949],[-86.717828,45.668106],[-86.708038,45.649202],[-86.695275,45.648175],[-86.687208,45.634253],[-86.666127,45.621689],[-86.648439,45.615992],[-86.633224,45.618249],[-86.62387,45.613262],[-86.616972,45.620581],[-86.627938,45.659293],[-86.62043,45.667098],[-86.611306,45.669733],[-86.587528,45.666456],[-86.584771,45.682007],[-86.585847,45.704922],[-86.580936,45.71192],[-86.570627,45.716412],[-86.54143,45.70811],[-86.53328,45.710849],[-86.525166,45.720797],[-86.523197,45.736498],[-86.51457,45.752337],[-86.504216,45.75423],[-86.486028,45.746608],[-86.47905,45.757416],[-86.466039,45.759741],[-86.455534,45.75685],[-86.439661,45.760669],[-86.431921,45.767756],[-86.428423,45.785587],[-86.415971,45.793793],[-86.401656,45.795412],[-86.395809,45.78974],[-86.363808,45.790057],[-86.351658,45.798132],[-86.355062,45.805355],[-86.349134,45.83416],[-86.332625,45.851813],[-86.324232,45.90608],[-86.315981,45.915247],[-86.278007,45.942057],[-86.254768,45.94864],[-86.248008,45.944849],[-86.233613,45.945802],[-86.220546,45.958883],[-86.196618,45.963185],[-86.159415,45.953765],[-86.123567,45.964748],[-86.094753,45.966704],[-86.050956,45.962205],[-85.998868,45.950968],[-85.954063,45.936629],[-85.920581,45.920994],[-85.926017,45.932104],[-85.922737,45.948287],[-85.9091,45.959074],[-85.893196,45.967253],[-85.861157,45.968167],[-85.842404,45.965247],[-85.832603,45.967742],[-85.825819,45.976292],[-85.810442,45.980087],[-85.790639,45.977594],[-85.770938,45.971349],[-85.743618,45.965173],[-85.724246,45.965409],[-85.697203,45.960158],[-85.663966,45.967013],[-85.654686,45.973686],[-85.648581,45.983695],[-85.617709,46.008458],[-85.603785,46.030363],[-85.540858,46.079581],[-85.52157,46.091257],[-85.5001,46.09694],[-85.480603,46.096379],[-85.44699,46.085164],[-85.441932,46.095793],[-85.426916,46.101964],[-85.412064,46.101437],[-85.393832,46.095465],[-85.381394,46.082044],[-85.356214,46.092086],[-85.335911,46.092595],[-85.316264,46.086608],[-85.287693,46.072276],[-85.266385,46.065779],[-85.222511,46.060689],[-85.197523,46.044878],[-85.19063,46.047622],[-85.152027,46.050725],[-85.130433,46.046076],[-85.102899,46.032488],[-85.088818,46.028378],[-85.055581,46.023148],[-85.01399,46.010774],[-85.003597,46.00613],[-84.973556,45.986134],[-84.937134,45.955949],[-84.917484,45.93067],[-84.902913,45.923673],[-84.879835,45.915847],[-84.873254,45.909815],[-84.852916,45.900111],[-84.842243,45.898194],[-84.838472,45.881512],[-84.831396,45.872038],[-84.792763,45.858691],[-84.746985,45.835597],[-84.725734,45.837045],[-84.720836,45.848107],[-84.706383,45.848658],[-84.701183,45.853092],[-84.721276,45.873908],[-84.734002,45.907026],[-84.713251,45.916047],[-84.718955,45.927449],[-84.733041,45.932837],[-84.73937,45.941816],[-84.730179,45.961198],[-84.723039,45.967279],[-84.703948,45.970901],[-84.687712,45.97126],[-84.686269,45.979144],[-84.6927,46.016963],[-84.692735,46.027019],[-84.675835,46.046009],[-84.656567,46.052654],[-84.647609,46.049704],[-84.609063,46.026418],[-84.586592,46.026584],[-84.581081,46.031041],[-84.563891,46.032459],[-84.544405,46.02286],[-84.533426,46.00572],[-84.530444,45.991385],[-84.534648,45.978132],[-84.532392,45.969448],[-84.514071,45.971292],[-84.514123,45.987242],[-84.507201,45.991169],[-84.484009,45.98825],[-84.480436,45.977764],[-84.463128,45.968925],[-84.443138,45.977863],[-84.437633,45.97375],[-84.428689,45.958371],[-84.376429,45.931962],[-84.353272,45.941663],[-84.330021,45.956247],[-84.254952,45.956068],[-84.238174,45.967595],[-84.17806,45.969175],[-84.17225,45.966072],[-84.140816,45.975308],[-84.111174,45.978675],[-84.10537,45.972948],[-84.090391,45.967256],[-84.080071,45.970822],[-84.017565,45.959046],[-83.996471,45.961461],[-83.985141,45.967133],[-83.952183,45.965498],[-83.921257,45.958075],[-83.910838,45.965613],[-83.881055,45.968185],[-83.864859,45.959465],[-83.840869,45.952726],[-83.835505,45.941843],[-83.808147,45.945693],[-83.80104,45.937582],[-83.78611,45.933375],[-83.742778,45.938002],[-83.719433,45.934078],[-83.687695,45.935389],[-83.65766,45.945463],[-83.632214,45.932287],[-83.583052,45.915919],[-83.561838,45.912562],[-83.526347,45.918636],[-83.510623,45.929324],[-83.488809,45.96874],[-83.481765,45.971873],[-83.473221,45.984422],[-83.480639,45.996164],[-83.532913,46.011328],[-83.540845,46.021247],[-83.543366,46.037196],[-83.554059,46.058882],[-83.565351,46.061898],[-83.572574,46.069895],[-83.57609,46.083513],[-83.581315,46.089613],[-83.598612,46.090085],[-83.63498,46.103953],[-83.661161,46.100258],[-83.703861,46.103366],[-83.719791,46.101031],[-83.728165,46.090957],[-83.755991,46.092159],[-83.771821,46.090999],[-83.792867,46.101971],[-83.81241,46.108598],[-83.824036,46.103638],[-83.81252,46.073469],[-83.796555,46.056688],[-83.773785,46.051471],[-83.765233,46.031935],[-83.765277,46.018363],[-83.776436,46.004202],[-83.794055,45.995801],[-83.818202,46.002425],[-83.830146,46.022324],[-83.845399,46.025679],[-83.868233,45.995075],[-83.873147,45.993426],[-83.900535,45.998918],[-83.908583,46.011471],[-83.931175,46.017871],[-83.943933,46.031465],[-83.963808,46.027833],[-83.989526,46.032823],[-84.006082,46.044586],[-84.027861,46.054784],[-84.051712,46.079189],[-84.071741,46.092441],[-84.069147,46.103978],[-84.061329,46.113482],[-84.026536,46.131648],[-84.060383,46.146138],[-84.089309,46.146432],[-84.100126,46.15077],[-84.114941,46.174114],[-84.125022,46.180209],[-84.17164,46.181731],[-84.177298,46.183993],[-84.196669,46.16615],[-84.221001,46.163062],[-84.251424,46.175888],[-84.245233,46.192571],[-84.249164,46.206461],[-84.233117,46.224037],[-84.219494,46.231992],[-84.182732,46.23545],[-84.159485,46.233233],[-84.14715,46.224184],[-84.134652,46.23214],[-84.118175,46.233968],[-84.108089,46.241238],[-84.115563,46.268225],[-84.138906,46.372221],[-84.146172,46.41852],[-84.111225,46.504119],[-84.117925,46.517619],[-84.128925,46.530119],[-84.193729,46.53992],[-84.226131,46.53392],[-84.264266,46.495055],[-84.325371,46.500021],[-84.37504,46.508669],[-84.394725,46.499242],[-84.420274,46.501077],[-84.445149,46.489016],[-84.463322,46.467435],[-84.455256,46.462785],[-84.455527,46.453897],[-84.462597,46.44094],[-84.479513,46.432573],[-84.493401,46.440313],[-84.503719,46.43919],[-84.551496,46.418522],[-84.573522,46.427895],[-84.584167,46.43941],[-84.607945,46.456747],[-84.616489,46.47187],[-84.63102,46.484868],[-84.65388,46.48225],[-84.678423,46.487694],[-84.689672,46.483923],[-84.723338,46.468266],[-84.769151,46.453523],[-84.800101,46.446219],[-84.829491,46.444071],[-84.843907,46.448661],[-84.849767,46.460245],[-84.861448,46.46993],[-84.893423,46.465406],[-84.915184,46.467515],[-84.934432,46.480315],[-84.937145,46.489252],[-84.947269,46.487399],[-84.955307,46.480269],[-84.969464,46.47629],[-85.015211,46.479712],[-85.033766,46.48767],[-85.049847,46.503963],[-85.054943,46.51475],[-85.056133,46.52652],[-85.045534,46.537694],[-85.027083,46.543038],[-85.035476,46.581547],[-85.037056,46.600995],[-85.035504,46.625021],[-85.028291,46.675125],[-85.030078,46.684769],[-85.027513,46.697451],[-85.020159,46.712463],[-85.007616,46.728339],[-84.987539,46.745483],[-84.95158,46.769488],[-84.964652,46.772845],[-84.989497,46.772403],[-85.00924,46.769224],[-85.036286,46.760435],[-85.063556,46.757856],[-85.173042,46.763634],[-85.25686,46.75338],[-85.289846,46.744644],[-85.369805,46.713754],[-85.482096,46.680432],[-85.50951,46.675786],[-85.542517,46.674263],[-85.587345,46.674627],[-85.624573,46.678862],[-85.668753,46.680404],[-85.714415,46.677156],[-85.750606,46.677368],[-85.794923,46.681083],[-85.841057,46.688896],[-85.877908,46.690914],[-85.924047,46.684733],[-85.95367,46.676869],[-85.995044,46.673676],[-86.036969,46.667627],[-86.074219,46.657799],[-86.099843,46.654615],[-86.119862,46.657256],[-86.138295,46.672935],[-86.161681,46.669475],[-86.188024,46.654008],[-86.34989,46.578035],[-86.390409,46.563194],[-86.437167,46.54896],[-86.469306,46.551422],[-86.481956,46.542709],[-86.484003,46.535965],[-86.495054,46.524874],[-86.524959,46.505381],[-86.557731,46.487434],[-86.586168,46.463324],[-86.609039,46.470239],[-86.606932,46.478531],[-86.609393,46.492976],[-86.618061,46.489452],[-86.627441,46.47754],[-86.636671,46.478298],[-86.646393,46.485776],[-86.641088,46.500438],[-86.63453,46.504523],[-86.629086,46.518144],[-86.62738,46.53371],[-86.652865,46.560555],[-86.670927,46.556489],[-86.678182,46.561039],[-86.695645,46.555026],[-86.709325,46.543914],[-86.701929,46.511571],[-86.696001,46.50316],[-86.683819,46.498079],[-86.686468,46.471655],[-86.686412,46.454965],[-86.698139,46.438624],[-86.710573,46.444908],[-86.735929,46.475231],[-86.750157,46.479109],[-86.787905,46.477729],[-86.808817,46.460611],[-86.816026,46.437892],[-86.837448,46.434186],[-86.875151,46.43728],[-86.883919,46.441514],[-86.883976,46.450976],[-86.889094,46.458499],[-86.903742,46.466138],[-86.927725,46.464566],[-86.947077,46.472064],[-86.94698,46.484567],[-86.962842,46.509646],[-86.964534,46.516549],[-86.976958,46.526581],[-87.017136,46.53355],[-87.029892,46.525599],[-87.046022,46.519956],[-87.077279,46.515339],[-87.09876,46.503609],[-87.107559,46.496124],[-87.12744,46.494014],[-87.175065,46.497548],[-87.202404,46.490827],[-87.258732,46.488255],[-87.310755,46.492017],[-87.351071,46.500749],[-87.366767,46.507303],[-87.38929,46.524472],[-87.393985,46.533183],[-87.3903,46.542577],[-87.375613,46.54714],[-87.382206,46.553681],[-87.392974,46.572523],[-87.381649,46.580059],[-87.383961,46.59307],[-87.403275,46.595215],[-87.411167,46.601669],[-87.442612,46.602776],[-87.464108,46.614811],[-87.467965,46.635623],[-87.49286,46.642561],[-87.503025,46.647497],[-87.524444,46.677586],[-87.523308,46.688488],[-87.573203,46.720471],[-87.582745,46.730527],[-87.590767,46.753009],[-87.595307,46.78295],[-87.607988,46.788408],[-87.628081,46.805157],[-87.6333,46.812107],[-87.65151,46.812411],[-87.672015,46.820415],[-87.674541,46.836964],[-87.69459,46.827182],[-87.713737,46.825534],[-87.727358,46.827656],[-87.734325,46.836955],[-87.73487,46.85012],[-87.741014,46.865247],[-87.755868,46.860453],[-87.776804,46.866823],[-87.77693,46.876726],[-87.813226,46.888023],[-87.827162,46.889713],[-87.846195,46.883905],[-87.874538,46.892578],[-87.900339,46.909686],[-87.956,46.909051],[-87.986113,46.905957],[-88.032408,46.90889],[-88.065192,46.918563],[-88.08187,46.920458],[-88.101315,46.917207],[-88.126927,46.90984],[-88.161913,46.904941],[-88.175197,46.90458],[-88.187522,46.918999],[-88.150114,46.94363],[-88.132876,46.962204],[-88.143688,46.966665],[-88.155374,46.965069],[-88.167227,46.958855],[-88.244437,46.929612],[-88.261593,46.915516],[-88.281244,46.906632],[-88.31029,46.889748],[-88.35194,46.857028],[-88.372501,46.858192],[-88.38019,46.852481],[-88.38141,46.838466],[-88.415225,46.811715],[-88.438427,46.786714],[-88.462349,46.786711],[-88.473342,46.806226],[-88.483748,46.831727],[-88.477935,46.85056],[-88.475859,46.886042],[-88.455404,46.923321],[-88.44857,46.946769],[-88.443901,46.972251],[-88.411145,46.977984],[-88.385606,47.004522],[-88.367624,47.019213],[-88.359054,47.039739],[-88.353191,47.069063],[-88.346709,47.079372],[-88.340052,47.080494],[-88.297625,47.098505],[-88.288347,47.114547],[-88.28904,47.129689],[-88.272017,47.143511],[-88.255303,47.14364],[-88.247628,47.135981],[-88.232164,47.145975],[-88.24266,47.158426],[-88.242006,47.174767],[-88.236892,47.189236],[-88.228987,47.199042],[-88.212361,47.209423],[-88.194218,47.209242],[-88.163059,47.216278],[-88.131943,47.239554],[-88.117456,47.255174],[-88.096851,47.261351],[-88.071476,47.286768],[-88.054849,47.29824],[-88.016478,47.306275],[-87.989133,47.322633],[-87.968604,47.332582],[-87.946352,47.334254],[-87.93825,47.342299],[-87.947397,47.355461],[-87.962567,47.362543],[-87.965063,47.37443],[-87.957058,47.38726],[-87.941613,47.390073],[-87.882245,47.395588],[-87.848252,47.394864],[-87.827115,47.38616],[-87.815371,47.38479],[-87.800294,47.392148],[-87.765019,47.398652],[-87.759057,47.403013],[-87.742417,47.405823],[-87.721274,47.401032],[-87.710471,47.4062],[-87.715942,47.439816],[-87.730804,47.449112],[-87.756739,47.460717],[-87.801184,47.473301],[-87.816958,47.471998],[-87.898036,47.474872],[-87.902416,47.477045],[-87.929269,47.478737],[-87.978934,47.47942],[-88.040291,47.475999],[-88.048226,47.470008],[-88.076388,47.467752],[-88.085252,47.468961],[-88.139651,47.462693],[-88.150571,47.460093],[-88.18182,47.457657],[-88.217822,47.448738],[-88.218424,47.441585],[-88.239161,47.429969],[-88.285195,47.422392],[-88.303447,47.412204],[-88.324083,47.403542],[-88.389459,47.384431],[-88.418673,47.371188],[-88.459262,47.339903],[-88.470484,47.327653],[-88.477733,47.31346],[-88.50078,47.293503],[-88.573997,47.245989],[-88.584912,47.242361],[-88.60983,47.238894],[-88.640323,47.226784],[-88.656359,47.225624],[-88.672395,47.219137],[-88.69966,47.204831],[-88.729688,47.185834],[-88.764351,47.155762],[-88.778022,47.150465],[-88.789813,47.150925],[-88.814834,47.141399],[-88.848176,47.115065],[-88.855372,47.114263],[-88.88914,47.100575],[-88.903706,47.086161],[-88.914189,47.059246],[-88.924492,47.042156],[-88.944045,47.020129],[-88.959409,47.008496],[-88.972802,47.002096],[-88.998417,46.995314],[-89.022994,46.99512],[-89.02893,47.00114],[-89.03949,46.999419],[-89.063103,46.988522],[-89.086742,46.985298],[-89.106277,46.98648],[-89.118339,46.99422],[-89.128698,46.992599],[-89.142595,46.984859],[-89.168244,46.965536],[-89.201511,46.931149],[-89.227914,46.912954],[-89.249143,46.903326],[-89.372032,46.857386],[-89.415154,46.843983],[-89.437047,46.839512],[-89.47154,46.837359],[-89.513938,46.841835],[-89.535683,46.835878],[-89.569808,46.831859],[-89.619329,46.81889],[-89.634938,46.819488],[-89.642255,46.82534],[-89.673375,46.833229],[-89.720277,46.830413],[-89.790663,46.818469],[-89.831956,46.804053],[-89.848652,46.795711],[-89.892355,46.763088],[-89.918466,46.740324],[-89.957101,46.716929],[-89.985817,46.70319],[-89.996034,46.693225],[-90.028392,46.67439],[-90.04542,46.668272],[-90.100695,46.655132],[-90.164026,46.645515],[-90.237609,46.624485],[-90.265291,46.618517],[-90.306609,46.602741],[-90.327626,46.607744],[-90.348407,46.600635],[-90.418136,46.566094]]]]}},{"type":"Feature","properties":{"NAME":"Missouri"},"geometry":{"type":"Polygon","coordinates":[[[-89.733095,36.000608],[-89.706932,36.000981],[-89.690306,36.024835],[-89.684439,36.051719],[-89.624235,36.108626],[-89.601936,36.11947],[-89.594,36.12719],[-89.591605,36.144096],[-89.594397,36.155457],[-89.607004,36.171179],[-89.629452,36.185382],[-89.699817,36.248384],[-89.691308,36.252079],[-89.678046,36.248284],[-89.602374,36.238106],[-89.589561,36.239116],[-89.541621,36.247891],[-89.534745,36.252576],[-89.535529,36.270541],[-89.544797,36.280458],[-89.554289,36.277751],[-89.578492,36.288317],[-89.611819,36.309088],[-89.620255,36.323006],[-89.615841,36.336085],[-89.605668,36.342234],[-89.581636,36.342357],[-89.560439,36.337746],[-89.545006,36.336809],[-89.531822,36.339246],[-89.519,36.3486],[-89.513178,36.359897],[-89.509558,36.375065],[-89.519501,36.475419],[-89.522674,36.481305],[-89.5391,36.498201],[-89.560344,36.525436],[-89.570071,36.544387],[-89.571509,36.552569],[-89.566817,36.564216],[-89.55264,36.577178],[-89.546113,36.579989],[-89.527583,36.581147],[-89.500076,36.576305],[-89.484836,36.571821],[-89.473341,36.559918],[-89.467761,36.546847],[-89.465888,36.529946],[-89.47246,36.513741],[-89.485106,36.497692],[-89.493495,36.4787],[-89.493198,36.470124],[-89.486215,36.46162],[-89.471718,36.457001],[-89.460436,36.45814],[-89.448468,36.46442],[-89.429311,36.481875],[-89.417293,36.499033],[-89.400581,36.538337],[-89.38814,36.573416],[-89.376367,36.613868],[-89.365548,36.625059],[-89.343753,36.630991],[-89.326731,36.632186],[-89.313405,36.62012],[-89.294637,36.593729],[-89.27171,36.571387],[-89.259994,36.565149],[-89.236542,36.566824],[-89.227319,36.569375],[-89.213563,36.580119],[-89.202607,36.601576],[-89.197654,36.628936],[-89.187749,36.641115],[-89.174741,36.650416],[-89.171882,36.672526],[-89.19948,36.716045],[-89.201047,36.725772],[-89.197808,36.739412],[-89.184523,36.753638],[-89.169106,36.759473],[-89.142313,36.755369],[-89.130399,36.751702],[-89.12353,36.785309],[-89.179229,36.812915],[-89.177177,36.835779],[-89.147674,36.847148],[-89.100766,36.943973],[-89.132685,36.9822],[-89.170008,36.970298],[-89.185491,36.973518],[-89.207013,36.982437],[-89.226247,36.985287],[-89.261154,36.982437],[-89.29213,36.992189],[-89.378277,37.039605],[-89.385434,37.05513],[-89.414471,37.12505],[-89.467631,37.2182],[-89.517032,37.28192],[-89.518393,37.289354],[-89.511842,37.310825],[-89.489005,37.333368],[-89.474569,37.338165],[-89.447556,37.340475],[-89.43604,37.344441],[-89.428185,37.356158],[-89.421054,37.387668],[-89.42594,37.407471],[-89.439769,37.4372],[-89.450969,37.450069],[-89.475525,37.471388],[-89.492051,37.494008],[-89.517051,37.537278],[-89.521697,37.557325],[-89.521274,37.578971],[-89.511936,37.584564],[-89.506563,37.62505],[-89.515436,37.67137],[-89.671255,37.801144],[-89.739873,37.84693],[-89.844786,37.905572],[-89.862949,37.896906],[-89.881475,37.879591],[-89.901832,37.869822],[-89.923185,37.870672],[-89.937383,37.874693],[-89.950594,37.881526],[-89.973642,37.917661],[-89.974918,37.926719],[-89.997103,37.963225],[-90.072283,38.017001],[-90.126532,38.041666],[-90.243116,38.112669],[-90.334258,38.189932],[-90.353902,38.213855],[-90.363926,38.236355],[-90.373929,38.281853],[-90.372519,38.323354],[-90.370819,38.333554],[-90.350918,38.375053],[-90.346118,38.381853],[-90.295316,38.426753],[-90.285215,38.443453],[-90.279215,38.472453],[-90.260314,38.528352],[-90.248913,38.544752],[-90.224512,38.574651],[-90.196011,38.594451],[-90.18451,38.611551],[-90.17801,38.63375],[-90.18111,38.65955],[-90.18641,38.67475],[-90.19521,38.68755],[-90.20921,38.70275],[-90.21201,38.71175],[-90.20991,38.72605],[-90.171309,38.766549],[-90.123107,38.798048],[-90.117707,38.805748],[-90.109107,38.837448],[-90.113327,38.849306],[-90.22585,38.908923],[-90.250248,38.919344],[-90.406367,38.962554],[-90.450792,38.967764],[-90.472122,38.958838],[-90.482419,38.94446],[-90.486974,38.925982],[-90.507451,38.902767],[-90.54403,38.87505],[-90.566557,38.868847],[-90.583388,38.86903],[-90.625122,38.888654],[-90.657254,38.92027],[-90.663372,38.928042],[-90.71158,39.046798],[-90.712541,39.057064],[-90.682744,39.088348],[-90.681086,39.10059],[-90.726981,39.251173],[-90.72996,39.255894],[-90.799346,39.313087],[-90.842175,39.341932],[-90.882706,39.362254],[-90.993789,39.422959],[-91.042351,39.452062],[-91.158606,39.553048],[-91.168419,39.564928],[-91.178012,39.598196],[-91.229317,39.620853],[-91.349039,39.712316],[-91.367753,39.729029],[-91.369953,39.745042],[-91.365396,39.777266],[-91.432919,39.840554],[-91.446385,39.870394],[-91.460287,39.980333],[-91.494865,40.037421],[-91.510322,40.127994],[-91.512974,40.181062],[-91.505968,40.234305],[-91.489868,40.286048],[-91.46214,40.342414],[-91.444833,40.36317],[-91.419422,40.378264],[-91.484507,40.3839],[-91.490977,40.393484],[-91.524612,40.410765],[-91.619486,40.507134],[-91.622362,40.514362],[-91.618028,40.53403],[-91.620071,40.540817],[-91.696359,40.588148],[-91.716769,40.59853],[-91.729115,40.61364],[-91.824826,40.610191],[-91.868401,40.608059],[-91.970988,40.605112],[-92.096387,40.60183],[-92.298754,40.598469],[-92.379691,40.596509],[-92.484588,40.594924],[-92.580278,40.592151],[-92.686693,40.589809],[-92.757407,40.588908],[-92.941595,40.587743],[-93.098507,40.583973],[-93.260612,40.580797],[-93.441767,40.579916],[-93.548284,40.580417],[-93.690333,40.577875],[-93.750223,40.57772],[-93.898327,40.576011],[-94.034134,40.573585],[-94.091085,40.572897],[-94.23224,40.571907],[-94.48928,40.570707],[-94.632035,40.571186],[-94.716665,40.572201],[-94.966491,40.575839],[-95.120829,40.577413],[-95.221525,40.578827],[-95.357802,40.5801],[-95.525392,40.58209],[-95.64184,40.584234],[-95.765645,40.585208],[-95.774704,40.573574],[-95.769281,40.536656],[-95.76692,40.531563],[-95.74868,40.524275],[-95.709974,40.523798],[-95.697281,40.536985],[-95.696673,40.545137],[-95.659281,40.519808],[-95.681409,40.49082],[-95.692665,40.483022],[-95.68728,40.465059],[-95.622684,40.342323],[-95.553292,40.291158],[-95.550966,40.285947],[-95.552473,40.261904],[-95.521925,40.24947],[-95.312211,40.009395],[-95.30829,39.999998],[-95.30778,39.990618],[-95.301549,39.983603],[-95.181222,39.899996],[-95.132695,39.875925],[-95.085003,39.861883],[-95.042142,39.864805],[-95.027931,39.871522],[-95.02524,39.8897],[-95.01632,39.898766],[-95.00844,39.900596],[-94.954155,39.901138],[-94.935963,39.894355],[-94.927897,39.886112],[-94.895268,39.76321],[-94.916932,39.728186],[-94.937924,39.725471],[-95.01531,39.674262],[-95.107454,39.573843],[-95.113557,39.553941],[-95.102888,39.533347],[-94.946662,39.399717],[-94.909954,39.367459],[-94.910641,39.348335],[-94.907569,39.320623],[-94.901009,39.30168],[-94.832399,39.227218],[-94.752338,39.173203],[-94.736537,39.169203],[-94.714137,39.170403],[-94.706723,39.173801],[-94.601733,39.159603],[-94.591933,39.155003],[-94.589933,39.140403],[-94.607354,39.113444],[-94.607234,39.065704],[-94.608134,38.942006],[-94.608041,38.811064],[-94.611858,38.620485],[-94.613365,38.403422],[-94.612673,38.314832],[-94.612658,38.217649],[-94.613856,38.149769],[-94.613981,38.036949],[-94.614612,37.944362],[-94.616862,37.819456],[-94.617885,37.682214],[-94.616789,37.52151],[-94.617511,37.410909],[-94.617648,37.323589],[-94.618319,37.188774],[-94.617875,37.056798],[-94.61808,36.998135],[-94.61838,36.84732],[-94.618307,36.76656],[-94.617815,36.612604],[-94.617919,36.499414],[-94.519478,36.499214],[-94.111473,36.498597],[-93.866758,36.498789],[-93.718893,36.499178],[-93.584282,36.498896],[-93.426989,36.498585],[-93.296117,36.498389],[-93.088988,36.498184],[-92.894336,36.497867],[-92.772333,36.497772],[-92.529145,36.497739],[-92.318415,36.497711],[-92.120306,36.498864],[-91.985802,36.498431],[-91.865995,36.498783],[-91.672343,36.499463],[-91.53687,36.499156],[-91.433298,36.497262],[-91.404915,36.49712],[-91.126529,36.497712],[-90.960648,36.498426],[-90.693005,36.49851],[-90.494575,36.498368],[-90.339892,36.498213],[-90.228943,36.497771],[-90.152481,36.497952],[-90.156369,36.487748],[-90.133993,36.437906],[-90.072897,36.393007],[-90.064514,36.382085],[-90.06398,36.303038],[-90.076301,36.280708],[-90.083731,36.272332],[-90.114922,36.265595],[-90.220425,36.184764],[-90.319168,36.089976],[-90.36443,36.013625],[-90.368718,35.995812],[-90.12635,35.997596],[-89.901183,35.999365],[-89.733095,36.000608]]]}},{"type":"Feature","properties":{"NAME":"Nebraska"},"geometry":{"type":"Polygon","coordinates":[[[-104.053127,43.000585],[-104.052863,42.754569],[-104.052775,42.610813],[-104.052776,42.25822],[-104.0526,42.124963],[-104.052699,41.998673],[-104.053026,41.885464],[-104.052774,41.733401],[-104.052975,41.622931],[-104.05254,41.564274],[-104.052287,41.393307],[-104.052666,41.275251],[-104.053142,41.114457],[-104.053249,41.001406],[-103.858449,41.001681],[-103.574522,41.001721],[-103.362979,41.001844],[-103.077804,41.002298],[-103.002026,41.002486],[-102.865784,41.001988],[-102.773546,41.002414],[-102.556789,41.002219],[-102.487955,41.002445],[-102.291354,41.002207],[-102.051614,41.002377],[-102.051292,40.749591],[-102.051725,40.537839],[-102.051572,40.39308],[-102.051922,40.235344],[-102.052001,40.148359],[-102.051744,40.003078],[-101.904176,40.003162],[-101.841025,40.002784],[-101.627071,40.00262],[-101.409953,40.002354],[-101.324036,40.002696],[-101.168704,40.002547],[-100.937427,40.002145],[-100.683435,40.002234],[-100.645445,40.001883],[-100.468773,40.001724],[-100.177795,40.001593],[-99.990926,40.001503],[-99.813401,40.0014],[-99.746628,40.00182],[-99.625324,40.001866],[-99.403389,40.001969],[-99.169816,40.001925],[-98.934792,40.002205],[-98.710404,40.00218],[-98.690287,40.002548],[-98.560578,40.002274],[-98.274017,40.002516],[-98.099659,40.002227],[-97.931826,40.00205],[-97.767746,40.001994],[-97.515308,40.001901],[-97.369103,40.00206],[-97.245169,40.001513],[-97.049663,40.001323],[-96.805768,40.001371],[-96.622401,40.001158],[-96.46364,40.000967],[-96.304555,40.000629],[-96.154365,40.000495],[-95.958139,40.000521],[-95.784575,40.000463],[-95.375257,40],[-95.30829,39.999998],[-95.312211,40.009395],[-95.521925,40.24947],[-95.552473,40.261904],[-95.550966,40.285947],[-95.553292,40.291158],[-95.622684,40.342323],[-95.68728,40.465059],[-95.692665,40.483022],[-95.681409,40.49082],[-95.659281,40.519808],[-95.696673,40.545137],[-95.697281,40.536985],[-95.709974,40.523798],[-95.74868,40.524275],[-95.76692,40.531563],[-95.769281,40.536656],[-95.774704,40.573574],[-95.765645,40.585208],[-95.753148,40.59284],[-95.748626,40.603355],[-95.776251,40.647463],[-95.795489,40.662384],[-95.822913,40.66724],[-95.842801,40.677496],[-95.883178,40.717579],[-95.888907,40.731855],[-95.881529,40.750611],[-95.861695,40.762871],[-95.821193,40.876682],[-95.829074,40.975688],[-95.835434,40.984184],[-95.867286,41.001599],[-95.867246,41.043671],[-95.852788,41.165398],[-95.91459,41.185098],[-95.92319,41.190998],[-95.927491,41.202198],[-95.90249,41.273398],[-95.91379,41.320197],[-95.92569,41.322197],[-95.939291,41.328897],[-95.953091,41.339896],[-95.956791,41.349196],[-95.937346,41.394403],[-95.930705,41.433894],[-95.994784,41.526242],[-96.030593,41.527292],[-96.036603,41.509047],[-96.055096,41.509577],[-96.089714,41.531778],[-96.09409,41.539265],[-96.118105,41.613495],[-96.116233,41.621574],[-96.097728,41.639633],[-96.095415,41.652736],[-96.099837,41.66103],[-96.121726,41.68274],[-96.096795,41.698681],[-96.077088,41.715403],[-96.064537,41.793002],[-96.071007,41.804639],[-96.086407,41.81138],[-96.110907,41.830818],[-96.144483,41.871854],[-96.161756,41.90182],[-96.159098,41.910057],[-96.142265,41.915379],[-96.136743,41.920826],[-96.129186,41.965136],[-96.129505,41.971673],[-96.22173,42.026205],[-96.251714,42.040472],[-96.272877,42.047238],[-96.279079,42.074026],[-96.307421,42.130707],[-96.344121,42.162091],[-96.349688,42.172043],[-96.35987,42.210545],[-96.356591,42.215182],[-96.336323,42.218922],[-96.322868,42.233637],[-96.328905,42.254734],[-96.375307,42.318339],[-96.384169,42.325874],[-96.407998,42.337408],[-96.417786,42.351449],[-96.415509,42.400294],[-96.413609,42.407894],[-96.387608,42.432494],[-96.380707,42.446394],[-96.381307,42.461694],[-96.385407,42.473094],[-96.396107,42.484095],[-96.409408,42.487595],[-96.443408,42.489495],[-96.475565,42.480036],[-96.48749,42.479846],[-96.611489,42.506088],[-96.625958,42.513576],[-96.708049,42.601594],[-96.711332,42.610399],[-96.707245,42.631258],[-96.712871,42.648136],[-96.724033,42.665971],[-96.813148,42.706397],[-96.906797,42.7338],[-96.920494,42.731432],[-96.961021,42.738075],[-97.026103,42.762625],[-97.05218,42.770187],[-97.13746,42.782313],[-97.190135,42.805076],[-97.218269,42.829561],[-97.257089,42.853854],[-97.328511,42.859501],[-97.42319,42.861168],[-97.531867,42.850105],[-97.686506,42.842435],[-97.774456,42.849774],[-97.814382,42.861119],[-97.828496,42.868797],[-97.84527,42.867734],[-97.875345,42.858724],[-97.879878,42.835395],[-97.888562,42.817251],[-97.908983,42.794909],[-97.936716,42.775754],[-97.950147,42.769619],[-98.000348,42.763256],[-98.017228,42.762411],[-98.035034,42.764205],[-98.056625,42.770781],[-98.165835,42.837011],[-98.204506,42.846845],[-98.325864,42.8865],[-98.447047,42.935117],[-98.467356,42.947556],[-98.490483,42.977948],[-98.49855,42.99856],[-98.665613,42.998536],[-98.899944,42.998122],[-99.135961,42.998301],[-99.195199,42.998107],[-99.471353,42.997967],[-99.699234,42.99788],[-99.918401,42.998057],[-100.126896,42.998711],[-100.198412,42.998542],[-100.349548,42.99874],[-100.472742,42.999288],[-100.553131,42.998721],[-100.887898,42.997881],[-100.96419,42.997886],[-101.230325,42.997899],[-101.625424,42.996238],[-101.875424,42.999298],[-102.082546,42.999356],[-102.487329,42.999559],[-102.792111,42.99998],[-103.000897,43.000474],[-103.132955,43.000784],[-103.404579,43.000737],[-103.576966,43.000746],[-103.813939,43.001378],[-104.053127,43.000585]]]}},{"type":"Feature","properties":{"NAME":"Nevada"},"geometry":{"type":"Polygon","coordinates":[[[-114.0506,37.000396],[-114.051822,37.090976],[-114.051974,37.283848],[-114.051927,37.370734],[-114.052701,37.492014],[-114.052472,37.604776],[-114.051728,37.745997],[-114.048473,37.809861],[-114.050423,37.999961],[-114.049903,38.148601],[-114.05012,38.404536],[-114.049834,38.543784],[-114.050154,38.57292],[-114.049893,38.677365],[-114.047728,39.542742],[-114.047134,39.906037],[-114.046555,40.116931],[-114.045518,40.494474],[-114.043505,40.726292],[-114.043803,40.759205],[-114.042145,40.999926],[-114.039882,41.741991],[-114.041107,41.850573],[-114.041723,41.99372],[-114.281854,41.994264],[-114.498243,41.994636],[-114.598267,41.994511],[-114.763825,41.999909],[-114.914187,41.999909],[-115.038256,41.996025],[-115.98688,41.998534],[-116.038602,41.99746],[-116.163931,41.997555],[-116.463528,41.996547],[-116.62677,41.99775],[-117.018294,41.999358],[-117.026222,42.000252],[-118.197189,41.996995],[-118.777228,41.992671],[-119.324182,41.994278],[-119.360177,41.994384],[-119.790087,41.997544],[-119.986678,41.995842],[-119.999168,41.99454],[-119.999866,41.183974],[-119.999358,40.873101],[-119.995926,40.499901],[-119.996183,40.262461],[-119.997291,40.071803],[-120.000607,39.780779],[-120.001319,39.722416],[-120.003116,39.445113],[-120.005414,39.313345],[-120.005746,39.22521],[-120.001014,38.999574],[-119.904315,38.933324],[-119.587679,38.714734],[-119.450623,38.619965],[-119.328498,38.534648],[-119.125982,38.39317],[-118.746598,38.124926],[-118.428581,37.895613],[-118.039798,37.615273],[-117.832726,37.464929],[-117.500909,37.220282],[-117.166187,36.970862],[-117.000895,36.847694],[-116.488233,36.459097],[-116.097216,36.158346],[-116.093601,36.155805],[-115.912858,36.015359],[-115.84608,35.963596],[-115.689302,35.842003],[-115.647202,35.808995],[-115.406079,35.618613],[-115.271342,35.51266],[-115.160599,35.424313],[-115.145813,35.413182],[-114.92548,35.237054],[-114.804249,35.139689],[-114.633013,35.002085],[-114.635469,35.028266],[-114.621956,35.094678],[-114.59912,35.12105],[-114.578524,35.12875],[-114.572747,35.138725],[-114.569569,35.163053],[-114.569238,35.18348],[-114.595931,35.325234],[-114.604314,35.353584],[-114.627137,35.409504],[-114.652005,35.429165],[-114.662125,35.444241],[-114.677643,35.489742],[-114.674981,35.510564],[-114.671147,35.520641],[-114.653806,35.59949],[-114.653406,35.610789],[-114.657506,35.618289],[-114.676707,35.640989],[-114.689407,35.651412],[-114.700308,35.700387],[-114.70771,35.811885],[-114.705611,35.848884],[-114.704211,35.851984],[-114.70613,35.878712],[-114.731296,35.945157],[-114.743576,35.983721],[-114.755618,36.087166],[-114.744857,36.098693],[-114.736165,36.104367],[-114.631716,36.142306],[-114.572031,36.15161],[-114.513256,36.151217],[-114.381446,36.141665],[-114.365835,36.133722],[-114.328777,36.105501],[-114.310857,36.083787],[-114.303614,36.066456],[-114.292663,36.051118],[-114.263146,36.025937],[-114.238799,36.014561],[-114.21369,36.015613],[-114.15413,36.023862],[-114.138202,36.041284],[-114.125796,36.077531],[-114.120193,36.102228],[-114.063021,36.186942],[-114.046838,36.194069],[-114.047106,36.250591],[-114.048515,36.289598],[-114.046403,36.371873],[-114.046488,36.473449],[-114.050562,36.656259],[-114.050583,36.843141],[-114.0506,37.000396]]]}},{"type":"Feature","properties":{"NAME":"New Hampshire"},"geometry":{"type":"Polygon","coordinates":[[[-70.703936,43.059621],[-70.756397,43.079988],[-70.8281,43.129086],[-70.8338,43.146886],[-70.828301,43.186685],[-70.816232,43.234997],[-70.83365,43.242868],[-70.839213,43.251224],[-70.86323,43.265109],[-70.909805,43.306682],[-70.916751,43.317731],[-70.930783,43.329569],[-70.952356,43.333983],[-70.967229,43.343777],[-70.984335,43.376128],[-70.987733,43.391513],[-70.986812,43.414264],[-70.964433,43.473276],[-70.954755,43.509802],[-70.962556,43.53431],[-70.955337,43.54098],[-70.953322,43.552718],[-70.972716,43.570255],[-70.981946,43.70096],[-70.982083,43.715043],[-70.989067,43.79244],[-70.992986,43.914232],[-71.001367,44.092931],[-71.008764,44.258443],[-71.01349,44.340882],[-71.029101,44.610331],[-71.037518,44.755607],[-71.060101,45.019661],[-71.07564,45.224093],[-71.084334,45.305293],[-71.097772,45.301906],[-71.105151,45.294635],[-71.131953,45.245423],[-71.13943,45.242958],[-71.183785,45.244932],[-71.232998,45.256625],[-71.259614,45.27324],[-71.266754,45.29123],[-71.284396,45.302434],[-71.297092,45.298985],[-71.342961,45.271281],[-71.401182,45.242544],[-71.44288,45.234799],[-71.403267,45.215348],[-71.39781,45.203553],[-71.428828,45.123881],[-71.489145,45.072308],[-71.496098,45.069235],[-71.502487,45.013367],[-71.505,45.008151],[-71.530091,44.999656],[-71.53698,44.994177],[-71.537784,44.984298],[-71.516814,44.947588],[-71.493985,44.911312],[-71.495844,44.90498],[-71.57252,44.810074],[-71.623924,44.755135],[-71.627358,44.747544],[-71.625323,44.729718],[-71.598656,44.698005],[-71.553156,44.626645],[-71.536251,44.587939],[-71.580263,44.506509],[-71.59948,44.486455],[-71.67995,44.427908],[-71.708934,44.411611],[-71.745011,44.401359],[-71.761966,44.407027],[-71.793924,44.399271],[-71.814388,44.381932],[-71.816065,44.366817],[-72.002314,44.324871],[-72.012173,44.321408],[-72.05888,44.28624],[-72.067774,44.270976],[-72.064285,44.187888],[-72.053021,44.167903],[-72.040082,44.155748],[-72.054675,44.112147],[-72.112813,43.98802],[-72.113078,43.97279],[-72.107042,43.969513],[-72.104421,43.950536],[-72.121002,43.918956],[-72.167224,43.886113],[-72.182203,43.834032],[-72.183743,43.806644],[-72.204792,43.771926],[-72.232713,43.748286],[-72.264245,43.734158],[-72.27118,43.734138],[-72.302867,43.702718],[-72.32966,43.634648],[-72.334745,43.614519],[-72.32962,43.600201],[-72.395825,43.52056],[-72.387642,43.502481],[-72.387852,43.471567],[-72.405253,43.389992],[-72.403949,43.358098],[-72.39715,43.316515],[-72.439407,43.211322],[-72.4521,43.161414],[-72.441904,43.136615],[-72.433097,43.120021],[-72.432661,43.114077],[-72.443762,43.006245],[-72.556214,42.86695],[-72.555693,42.85638],[-72.542784,42.808482],[-72.509506,42.781183],[-72.491122,42.772465],[-72.478453,42.762296],[-72.460195,42.732066],[-72.458519,42.726853],[-72.282968,42.722008],[-72.111068,42.717264],[-71.928811,42.712234],[-71.636214,42.704888],[-71.54252,42.702726],[-71.294205,42.69699],[-71.245504,42.742589],[-71.208302,42.743314],[-71.181803,42.73759],[-71.186104,42.790689],[-71.165603,42.808689],[-71.149703,42.815489],[-71.037901,42.854089],[-70.996901,42.864589],[-70.931699,42.884189],[-70.902768,42.88653],[-70.886136,42.88261],[-70.848625,42.860939],[-70.817296,42.87229],[-70.816321,42.884487],[-70.810069,42.909549],[-70.795596,42.93629],[-70.759975,42.988592],[-70.74457,43.00009],[-70.718936,43.03235],[-70.703936,43.059621]]]}},{"type":"Feature","properties":{"NAME":"New York"},"geometry":{"type":"MultiPolygon","coordinates":[[[[-74.144428,40.53516],[-74.137241,40.530076],[-74.121672,40.542691],[-74.111471,40.546908],[-74.090797,40.566463],[-74.068184,40.584102],[-74.053125,40.603678],[-74.067598,40.623865],[-74.0697,40.641216],[-74.075884,40.648101],[-74.086485,40.648601],[-74.120186,40.642201],[-74.152973,40.638886],[-74.180191,40.645521],[-74.1894,40.642121],[-74.20058,40.631448],[-74.201812,40.619507],[-74.196096,40.616169],[-74.195407,40.601806],[-74.204054,40.589336],[-74.210887,40.560902],[-74.216997,40.554991],[-74.229002,40.555041],[-74.247808,40.543396],[-74.241732,40.531273],[-74.242888,40.520903],[-74.252702,40.513895],[-74.254588,40.502303],[-74.246688,40.496103],[-74.23324,40.501299],[-74.219787,40.502603],[-74.210474,40.509448],[-74.199923,40.511729],[-74.182157,40.520634],[-74.177986,40.519603],[-74.144428,40.53516]]],[[[-72.132225,41.104387],[-72.142929,41.097811],[-72.139233,41.092451],[-72.12056,41.093171],[-72.103152,41.086484],[-72.097136,41.075844],[-72.0972,41.054884],[-72.086975,41.058292],[-72.081167,41.09394],[-72.084207,41.101524],[-72.126704,41.115139],[-72.132225,41.104387]]],[[[-71.943563,41.286675],[-71.980061,41.280291],[-71.991117,41.281331],[-72.006872,41.27348],[-72.018926,41.274114],[-72.034958,41.255458],[-72.036846,41.249794],[-72.002461,41.252867],[-71.978926,41.265002],[-71.935259,41.280579],[-71.943563,41.286675]]],[[[-73.264957,42.74594],[-73.276421,42.746019],[-73.290944,42.80192],[-73.285388,42.834093],[-73.278673,42.83341],[-73.274466,42.940361],[-73.269472,43.030686],[-73.259159,43.216848],[-73.253084,43.354714],[-73.247061,43.514919],[-73.242042,43.534925],[-73.302552,43.625708],[-73.306234,43.628018],[-73.366537,43.623462],[-73.375594,43.61335],[-73.400295,43.568889],[-73.428636,43.583994],[-73.431229,43.588285],[-73.421606,43.646577],[-73.403517,43.685032],[-73.370724,43.735571],[-73.350431,43.771438],[-73.357547,43.785933],[-73.379279,43.808391],[-73.388389,43.832404],[-73.397256,43.905668],[-73.407742,43.929887],[-73.405525,43.948813],[-73.405999,44.016229],[-73.410776,44.026944],[-73.43688,44.042578],[-73.437429,44.046861],[-73.429239,44.079414],[-73.390583,44.190886],[-73.350806,44.225943],[-73.324681,44.243614],[-73.315016,44.388513],[-73.296031,44.428339],[-73.293613,44.438903],[-73.299885,44.476652],[-73.306707,44.500334],[-73.33863,44.546844],[-73.356788,44.557918],[-73.374389,44.575455],[-73.390231,44.618353],[-73.365326,44.703294],[-73.339958,44.778893],[-73.369647,44.829136],[-73.350188,44.994304],[-73.343124,45.01084],[-73.624588,45.003954],[-73.874597,45.001223],[-74.146814,44.9915],[-74.291307,44.992058],[-74.702018,45.003322],[-74.801625,45.014571],[-74.826578,45.01585],[-74.972463,44.983402],[-74.992756,44.977449],[-74.99927,44.971638],[-75.005155,44.958402],[-75.027125,44.946568],[-75.064826,44.929449],[-75.139868,44.896676],[-75.189313,44.883037],[-75.216486,44.877478],[-75.283136,44.849156],[-75.30763,44.836813],[-75.301975,44.826637],[-75.333744,44.806378],[-75.433124,44.750062],[-75.491201,44.712947],[-75.696586,44.567583],[-75.765495,44.516285],[-75.807778,44.471644],[-75.82083,44.432244],[-75.871496,44.394839],[-75.912985,44.368084],[-75.94954,44.349129],[-75.970185,44.342835],[-75.978281,44.34688],[-76.000998,44.347534],[-76.045228,44.331724],[-76.118136,44.29485],[-76.164265,44.239603],[-76.191328,44.221244],[-76.206777,44.214543],[-76.245487,44.203669],[-76.286547,44.203773],[-76.312647,44.199044],[-76.355679,44.133258],[-76.366972,44.100409],[-76.360798,44.087644],[-76.360306,44.070907],[-76.304207,44.059445],[-76.296986,44.045455],[-76.300222,44.022762],[-76.296755,44.013307],[-76.281928,44.009177],[-76.266733,43.995578],[-76.268706,43.980846],[-76.258306,43.976118],[-76.244439,43.975803],[-76.22805,43.982737],[-76.184874,43.971128],[-76.169802,43.962202],[-76.146072,43.964705],[-76.134296,43.954726],[-76.133697,43.940356],[-76.125023,43.912773],[-76.127285,43.897889],[-76.145506,43.888681],[-76.158249,43.887542],[-76.180604,43.877529],[-76.202257,43.864898],[-76.219313,43.86682],[-76.227485,43.875061],[-76.243384,43.877975],[-76.261584,43.873278],[-76.28272,43.858601],[-76.283307,43.843923],[-76.266977,43.838046],[-76.250135,43.825713],[-76.229268,43.804135],[-76.213205,43.753513],[-76.205436,43.718751],[-76.196596,43.649761],[-76.199138,43.600454],[-76.203473,43.574978],[-76.217958,43.545156],[-76.228701,43.532987],[-76.235834,43.529256],[-76.259858,43.524728],[-76.297103,43.51287],[-76.330911,43.511978],[-76.345492,43.513437],[-76.368849,43.525822],[-76.410636,43.523159],[-76.417581,43.521285],[-76.437473,43.509213],[-76.472498,43.492781],[-76.486962,43.47535],[-76.506858,43.469127],[-76.515882,43.471136],[-76.53181,43.460299],[-76.562826,43.448537],[-76.607093,43.423374],[-76.630774,43.413356],[-76.642672,43.401241],[-76.669624,43.366526],[-76.684856,43.352691],[-76.69836,43.344436],[-76.731039,43.343421],[-76.747067,43.331477],[-76.769025,43.318452],[-76.794708,43.309632],[-76.841675,43.305399],[-76.854976,43.298443],[-76.877397,43.292926],[-76.904288,43.291816],[-76.922351,43.285006],[-76.952174,43.270692],[-76.958402,43.270005],[-76.988445,43.2745],[-76.999691,43.271456],[-77.033875,43.271218],[-77.067295,43.280937],[-77.111866,43.287945],[-77.130429,43.285635],[-77.143416,43.287561],[-77.173088,43.281509],[-77.214058,43.284114],[-77.264177,43.277363],[-77.303979,43.27815],[-77.314619,43.28103],[-77.341092,43.280661],[-77.391015,43.276363],[-77.414516,43.269263],[-77.436831,43.265701],[-77.476642,43.254522],[-77.50092,43.250363],[-77.534184,43.234569],[-77.551022,43.235763],[-77.577223,43.243263],[-77.628315,43.271303],[-77.653759,43.279484],[-77.701429,43.308261],[-77.714129,43.323561],[-77.73063,43.330161],[-77.756931,43.337361],[-77.760231,43.341161],[-77.785132,43.339261],[-77.816533,43.34356],[-77.875335,43.34966],[-77.904836,43.35696],[-77.922736,43.35696],[-77.976438,43.369159],[-77.994838,43.365259],[-78.023609,43.366575],[-78.104509,43.375628],[-78.145195,43.37551],[-78.233609,43.36907],[-78.250641,43.370866],[-78.358711,43.373988],[-78.370221,43.376505],[-78.473099,43.370812],[-78.488857,43.374763],[-78.547395,43.369541],[-78.634346,43.357624],[-78.696856,43.341255],[-78.747158,43.334555],[-78.777759,43.327055],[-78.834061,43.317555],[-78.930764,43.293254],[-78.971866,43.281254],[-79.019848,43.273686],[-79.070469,43.262454],[-79.058399,43.238924],[-79.042366,43.143655],[-79.044066,43.138055],[-79.056767,43.126855],[-79.066269,43.09097],[-79.058399,43.075231],[-79.028653,43.069474],[-79.019964,42.994756],[-79.011563,42.985256],[-78.972524,42.966804],[-78.93236,42.955857],[-78.918859,42.946857],[-78.909159,42.933257],[-78.905659,42.923357],[-78.905758,42.899957],[-78.912458,42.886557],[-78.891655,42.884845],[-78.882557,42.867258],[-78.872227,42.853306],[-78.865592,42.852358],[-78.859456,42.841358],[-78.865656,42.826758],[-78.859356,42.800658],[-78.851355,42.791758],[-78.853455,42.783958],[-78.868556,42.770258],[-78.918157,42.737258],[-78.944158,42.731958],[-78.991159,42.705358],[-79.01886,42.701558],[-79.04886,42.689158],[-79.062261,42.668358],[-79.06376,42.644758],[-79.078761,42.640058],[-79.111361,42.613358],[-79.121921,42.594234],[-79.12963,42.589824],[-79.138569,42.564462],[-79.148723,42.553672],[-79.193232,42.545881],[-79.223195,42.536087],[-79.242889,42.531757],[-79.264624,42.523159],[-79.283364,42.511228],[-79.31774,42.499884],[-79.331483,42.489076],[-79.351989,42.48892],[-79.381943,42.466491],[-79.405458,42.453281],[-79.429119,42.42838],[-79.453533,42.411157],[-79.474794,42.404291],[-79.510999,42.382373],[-79.546262,42.363417],[-79.593992,42.341641],[-79.645358,42.315631],[-79.717825,42.284711],[-79.761951,42.26986],[-79.761759,42.162675],[-79.762122,42.131246],[-79.761374,41.999067],[-79.625287,41.999003],[-79.538445,41.998527],[-79.061265,41.999259],[-78.874759,41.997559],[-78.59665,41.999877],[-78.308128,41.999415],[-78.12473,42.000452],[-78.030963,41.999392],[-77.83203,41.998524],[-77.749931,41.998782],[-77.505308,42.00007],[-77.124693,41.999395],[-76.920784,42.001774],[-76.835079,42.001773],[-76.558118,42.000155],[-76.462155,41.998934],[-76.343722,41.998346],[-76.145519,41.998913],[-75.98025,41.999035],[-75.483738,41.999244],[-75.359579,41.999445],[-75.341868,41.993262],[-75.292589,41.953897],[-75.279094,41.938917],[-75.263005,41.885109],[-75.146446,41.850899],[-75.140241,41.852078],[-75.114399,41.843583],[-75.090799,41.811991],[-75.053431,41.752538],[-75.048199,41.632011],[-75.053077,41.618552],[-75.04049,41.569688],[-74.984226,41.506299],[-74.93976,41.483371],[-74.912517,41.475605],[-74.891948,41.448853],[-74.876721,41.440338],[-74.799165,41.430451],[-74.752562,41.426518],[-74.691129,41.367324],[-74.694914,41.357423],[-74.457584,41.248225],[-74.392098,41.215594],[-74.234473,41.142883],[-74.096786,41.083796],[-73.90268,40.997297],[-73.893979,40.997197],[-73.917905,40.917577],[-73.933406,40.882078],[-74.013784,40.756601],[-74.024543,40.709436],[-74.0168,40.701794],[-74.024827,40.687007],[-74.020467,40.67877],[-74.018272,40.659019],[-74.032066,40.646479],[-74.042412,40.624847],[-74.03959,40.612934],[-74.032856,40.604421],[-74.010926,40.600789],[-74.001591,40.590684],[-74.012996,40.578169],[-74.002056,40.570623],[-73.991346,40.57035],[-73.95005,40.573363],[-73.932729,40.560266],[-73.934512,40.545175],[-73.878906,40.560888],[-73.834408,40.577201],[-73.806834,40.584619],[-73.774928,40.590759],[-73.753349,40.59056],[-73.754776,40.584404],[-73.646674,40.582804],[-73.610873,40.587703],[-73.583773,40.586703],[-73.562372,40.583703],[-73.450369,40.603501],[-73.391967,40.617501],[-73.351465,40.6305],[-73.319257,40.635795],[-73.306396,40.620756],[-73.262106,40.621476],[-73.20844,40.630884],[-73.054963,40.666371],[-73.012545,40.679651],[-72.923214,40.713282],[-72.863164,40.732962],[-72.768152,40.761587],[-72.745208,40.767091],[-72.573441,40.813251],[-72.469996,40.84274],[-72.39585,40.86666],[-72.114448,40.972085],[-72.029357,40.999909],[-71.935689,41.034182],[-71.903736,41.040166],[-71.87391,41.052278],[-71.856214,41.070598],[-71.869558,41.075046],[-71.889543,41.075701],[-71.899256,41.080837],[-71.919385,41.080517],[-71.93825,41.077413],[-71.959595,41.071237],[-71.961078,41.054277],[-71.96704,41.047772],[-71.99926,41.039669],[-72.015013,41.028348],[-72.035792,41.020759],[-72.051928,41.020506],[-72.049526,41.009697],[-72.076175,41.009093],[-72.083039,40.996453],[-72.095456,40.991349],[-72.109008,40.994084],[-72.116368,40.999796],[-72.137409,41.023908],[-72.137297,41.039684],[-72.153857,41.051859],[-72.162898,41.053187],[-72.174882,41.046147],[-72.17949,41.038435],[-72.190563,41.032579],[-72.201859,41.032275],[-72.217476,41.040611],[-72.241252,41.04477],[-72.260515,41.042065],[-72.273657,41.051533],[-72.283093,41.067874],[-72.276709,41.076722],[-72.280373,41.080402],[-72.297718,41.081042],[-72.317238,41.088659],[-72.335177,41.106917],[-72.335271,41.120274],[-72.32663,41.132162],[-72.318146,41.137134],[-72.306381,41.13784],[-72.300044,41.132059],[-72.300374,41.112274],[-72.265124,41.128482],[-72.253572,41.137138],[-72.237731,41.156434],[-72.245348,41.161217],[-72.2681,41.154146],[-72.278789,41.158722],[-72.291109,41.155874],[-72.322381,41.140664],[-72.356087,41.133635],[-72.397,41.096307],[-72.417945,41.087955],[-72.445242,41.086116],[-72.460778,41.067012],[-72.477306,41.052212],[-72.521548,41.037652],[-72.549853,41.019844],[-72.560974,41.015444],[-72.565406,41.009508],[-72.585327,40.997587],[-72.635374,40.990536],[-72.665018,40.987496],[-72.689341,40.989776],[-72.714425,40.985596],[-72.760031,40.975334],[-72.774104,40.965314],[-72.826057,40.969794],[-72.88825,40.962962],[-72.913834,40.962466],[-72.955163,40.966146],[-72.995931,40.966498],[-73.040445,40.964498],[-73.043701,40.962185],[-73.081582,40.973058],[-73.110368,40.971938],[-73.140785,40.966178],[-73.144673,40.955842],[-73.146242,40.935074],[-73.148994,40.928898],[-73.229285,40.905121],[-73.295059,40.924497],[-73.33136,40.929597],[-73.352761,40.926697],[-73.374462,40.937597],[-73.392862,40.955297],[-73.400862,40.953997],[-73.403462,40.942197],[-73.402963,40.925097],[-73.406074,40.920235],[-73.428836,40.921506],[-73.429863,40.929797],[-73.436664,40.934897],[-73.463708,40.937697],[-73.485365,40.946397],[-73.491765,40.942097],[-73.499941,40.918166],[-73.548068,40.908698],[-73.566169,40.915798],[-73.59517,40.907298],[-73.617571,40.897898],[-73.633771,40.898198],[-73.654372,40.878199],[-73.655872,40.863899],[-73.675573,40.856999],[-73.713674,40.870099],[-73.729575,40.8665],[-73.728275,40.8529],[-73.7544,40.826837],[-73.754032,40.820941],[-73.768301,40.800797],[-73.781369,40.794907],[-73.797332,40.815597],[-73.811889,40.825363],[-73.815574,40.835129],[-73.81281,40.846737],[-73.806914,40.849501],[-73.782174,40.847358],[-73.788786,40.858485],[-73.784803,40.878528],[-73.781338,40.885447],[-73.756776,40.912599],[-73.731775,40.924999],[-73.721739,40.932037],[-73.697974,40.939598],[-73.686473,40.945198],[-73.678073,40.962798],[-73.659972,40.968398],[-73.657336,40.985171],[-73.654671,41.011697],[-73.670472,41.030097],[-73.727775,41.100696],[-73.639672,41.141495],[-73.482709,41.21276],[-73.550961,41.295422],[-73.544728,41.366375],[-73.537673,41.433905],[-73.530067,41.527194],[-73.521457,41.616429],[-73.504944,41.824285],[-73.487314,42.049638],[-73.496879,42.049675],[-73.508142,42.086257],[-73.410647,42.351738],[-73.352527,42.510002],[-73.307004,42.632653],[-73.264957,42.74594]]]]}},{"type":"Feature","properties":{"NAME":"Ohio"},"geometry":{"type":"MultiPolygon","coordinates":[[[[-82.700208,41.61219],[-82.70731,41.619609],[-82.718802,41.619629],[-82.735707,41.603361],[-82.725827,41.595199],[-82.702027,41.585437],[-82.688744,41.585896],[-82.680669,41.594611],[-82.677772,41.617986],[-82.691123,41.611331],[-82.700208,41.61219]]],[[[-82.824731,41.659428],[-82.834092,41.657121],[-82.843602,41.647009],[-82.842099,41.628323],[-82.827011,41.633701],[-82.797493,41.658197],[-82.793069,41.664692],[-82.824731,41.659428]]],[[[-82.803341,41.693837],[-82.812805,41.692002],[-82.826443,41.684774],[-82.813781,41.670594],[-82.805423,41.67192],[-82.801539,41.682577],[-82.782719,41.694003],[-82.786304,41.69714],[-82.803341,41.693837]]],[[[-82.813489,41.723468],[-82.82572,41.72281],[-82.835118,41.708971],[-82.816133,41.706732],[-82.808869,41.708333],[-82.813489,41.723468]]],[[[-82.593673,38.421809],[-82.560664,38.404338],[-82.520178,38.407582],[-82.34064,38.440948],[-82.330335,38.4445],[-82.320223,38.454516],[-82.313935,38.468084],[-82.295571,38.539783],[-82.291271,38.578983],[-82.27427,38.593683],[-82.26207,38.598183],[-82.245969,38.598483],[-82.218967,38.591683],[-82.193824,38.593096],[-82.177267,38.603784],[-82.172066,38.625984],[-82.182467,38.708782],[-82.188268,38.734082],[-82.198882,38.757725],[-82.220449,38.773739],[-82.221566,38.787187],[-82.215759,38.797462],[-82.191172,38.815137],[-82.184428,38.816529],[-82.139279,38.866407],[-82.093165,38.97098],[-82.051563,38.994378],[-82.045663,39.003778],[-82.041563,39.017878],[-82.035963,39.025478],[-82.017562,39.030078],[-82.002261,39.027878],[-81.935619,38.9895],[-81.919783,38.968494],[-81.900595,38.937671],[-81.90091,38.924338],[-81.926671,38.901311],[-81.926967,38.891602],[-81.908645,38.87846],[-81.874857,38.881174],[-81.759995,38.925828],[-81.756131,38.933545],[-81.764253,39.015279],[-81.772854,39.026179],[-81.803355,39.047678],[-81.811655,39.059578],[-81.814155,39.073478],[-81.812355,39.082078],[-81.747253,39.095378],[-81.749853,39.186489],[-81.740061,39.190652],[-81.695724,39.242859],[-81.605816,39.275851],[-81.542346,39.352874],[-81.467744,39.403774],[-81.456143,39.409274],[-81.435642,39.408474],[-81.412706,39.394618],[-81.406689,39.38809],[-81.393794,39.351706],[-81.384556,39.343449],[-81.375961,39.341697],[-81.347567,39.34577],[-81.295373,39.37529],[-81.270716,39.385914],[-81.249088,39.389992],[-81.223581,39.386062],[-81.215617,39.388602],[-81.063587,39.520497],[-81.020055,39.55541],[-80.943782,39.606926],[-80.892208,39.616756],[-80.88036,39.620706],[-80.831871,39.705655],[-80.829764,39.711839],[-80.806179,39.897306],[-80.809619,39.905626],[-80.806018,39.91713],[-80.759455,39.958233],[-80.740126,39.970793],[-80.731504,40.037472],[-80.733104,40.058772],[-80.726504,40.089072],[-80.705482,40.153047],[-80.652098,40.24497],[-80.637198,40.25507],[-80.616696,40.28027],[-80.602895,40.307069],[-80.599895,40.317669],[-80.609313,40.360468],[-80.619196,40.381768],[-80.612295,40.434867],[-80.599194,40.482566],[-80.610259,40.490962],[-80.666917,40.573664],[-80.665892,40.587728],[-80.634355,40.616095],[-80.627171,40.619936],[-80.601494,40.625387],[-80.589041,40.620128],[-80.56072,40.62368],[-80.518991,40.638801],[-80.51902,40.850073],[-80.51979,40.900761],[-80.519091,40.921061],[-80.518928,41.070954],[-80.519144,41.171203],[-80.518693,41.248855],[-80.519345,41.34074],[-80.518993,41.435454],[-80.519339,41.539297],[-80.519357,41.669767],[-80.519294,41.849563],[-80.519425,41.977523],[-80.553836,41.967815],[-80.581882,41.95761],[-80.720816,41.919744],[-80.757945,41.913352],[-80.782052,41.906635],[-80.784682,41.911525],[-80.800794,41.909635],[-80.814943,41.897694],[-80.900342,41.868912],[-80.936244,41.862352],[-81.01049,41.853962],[-81.024525,41.846469],[-81.05192,41.839557],[-81.092716,41.822988],[-81.112885,41.817571],[-81.184368,41.786671],[-81.248672,41.761291],[-81.264224,41.758143],[-81.286925,41.760243],[-81.301626,41.750543],[-81.353229,41.727743],[-81.388632,41.707144],[-81.442645,41.673255],[-81.466038,41.649148],[-81.50044,41.623448],[-81.529742,41.614548],[-81.562844,41.587549],[-81.599747,41.560649],[-81.633652,41.540458],[-81.664851,41.53145],[-81.706864,41.505872],[-81.710953,41.50175],[-81.744755,41.48715],[-81.768856,41.491649],[-81.782258,41.49605],[-81.810758,41.495648],[-81.860262,41.483841],[-81.87736,41.483445],[-81.937862,41.491443],[-81.958463,41.498642],[-81.964912,41.505446],[-81.994565,41.51444],[-82.011966,41.515639],[-82.094169,41.495039],[-82.165373,41.47444],[-82.181598,41.471634],[-82.193375,41.46454],[-82.254678,41.434441],[-82.268479,41.430842],[-82.29158,41.428442],[-82.334182,41.430243],[-82.361784,41.426644],[-82.398086,41.413945],[-82.431315,41.396866],[-82.460599,41.386316],[-82.481214,41.381342],[-82.499099,41.381541],[-82.513827,41.384257],[-82.55808,41.400005],[-82.616952,41.428425],[-82.617745,41.431833],[-82.658302,41.461878],[-82.687921,41.492324],[-82.710013,41.49759],[-82.721914,41.516677],[-82.711632,41.527201],[-82.710935,41.536648],[-82.717878,41.54193],[-82.749907,41.54647],[-82.77201,41.54058],[-82.785496,41.540675],[-82.794324,41.546486],[-82.820207,41.570664],[-82.834101,41.587587],[-82.852957,41.583327],[-82.859531,41.576371],[-82.855197,41.564114],[-82.85677,41.548262],[-82.869422,41.533962],[-82.8882,41.522508],[-82.897728,41.519241],[-82.934369,41.514353],[-82.969642,41.524229],[-82.999916,41.538534],[-83.028072,41.555656],[-83.043079,41.567963],[-83.066593,41.59534],[-83.086036,41.60668],[-83.103928,41.613558],[-83.145887,41.617904],[-83.194524,41.631008],[-83.23166,41.644218],[-83.238191,41.651167],[-83.293928,41.680846],[-83.326825,41.701562],[-83.337977,41.70341],[-83.341817,41.693518],[-83.357073,41.687763],[-83.37573,41.686647],[-83.39263,41.691947],[-83.409531,41.691247],[-83.446032,41.706847],[-83.455626,41.727445],[-83.453832,41.732647],[-83.595235,41.729148],[-83.880539,41.720081],[-84.360419,41.706925],[-84.438067,41.704903],[-84.806082,41.696089],[-84.805812,41.61304],[-84.803919,41.435531],[-84.804133,41.408292],[-84.803492,41.252562],[-84.803374,41.089302],[-84.802935,40.922377],[-84.802538,40.765515],[-84.802119,40.728163],[-84.802483,40.528046],[-84.804119,40.352844],[-84.803917,40.310115],[-84.806175,40.197995],[-84.808291,40.129027],[-84.812193,39.92734],[-84.814179,39.814212],[-84.814129,39.726556],[-84.814955,39.567251],[-84.815754,39.477352],[-84.819451,39.305152],[-84.820157,39.10548],[-84.78768,39.115297],[-84.766749,39.138558],[-84.754449,39.146658],[-84.732048,39.144458],[-84.718548,39.137059],[-84.689747,39.104159],[-84.684847,39.100459],[-84.632446,39.07676],[-84.620112,39.073457],[-84.603444,39.073699],[-84.509743,39.09366],[-84.493743,39.10246],[-84.432841,39.094261],[-84.326539,39.027463],[-84.31368,39.016981],[-84.304698,39.006455],[-84.234453,38.893226],[-84.232132,38.880483],[-84.233727,38.853576],[-84.231306,38.830552],[-84.2253,38.817665],[-84.212904,38.805707],[-84.205592,38.802588],[-84.071491,38.770475],[-84.044486,38.770572],[-83.978814,38.787104],[-83.962123,38.787384],[-83.943978,38.783616],[-83.903971,38.76816],[-83.870443,38.761608],[-83.85333,38.752572],[-83.777823,38.674453],[-83.773682,38.661309],[-83.762445,38.652103],[-83.679484,38.630036],[-83.663911,38.62793],[-83.649737,38.632753],[-83.642994,38.643273],[-83.636208,38.670584],[-83.626922,38.679387],[-83.615736,38.684145],[-83.533339,38.702105],[-83.512571,38.701716],[-83.369077,38.659334],[-83.333347,38.641562],[-83.324157,38.633326],[-83.320531,38.622713],[-83.2821,38.602987],[-83.156926,38.620547],[-83.142836,38.625076],[-83.127652,38.642451],[-83.030702,38.72572],[-83.011816,38.730057],[-82.979395,38.725976],[-82.968695,38.728776],[-82.943147,38.74328],[-82.923694,38.750076],[-82.894193,38.756576],[-82.879492,38.751476],[-82.871292,38.739376],[-82.870392,38.722077],[-82.873492,38.710077],[-82.869592,38.678177],[-82.853554,38.610926],[-82.847186,38.595166],[-82.839538,38.586159],[-82.820161,38.572703],[-82.789776,38.559951],[-82.730958,38.559264],[-82.724846,38.5576],[-82.696621,38.542112],[-82.690509,38.536576],[-82.665548,38.505808],[-82.593673,38.421809]]]]}},{"type":"Feature","properties":{"NAME":"Oregon"},"geometry":{"type":"Polygon","coordinates":[[[-116.915989,45.995413],[-117.216731,45.998356],[-117.48013,45.99787],[-117.603163,45.998887],[-117.996911,46.000787],[-118.126197,46.000282],[-118.314982,46.000453],[-118.497027,46.00062],[-118.67787,46.000935],[-118.987129,45.999855],[-119.008558,45.97927],[-119.027056,45.969134],[-119.093221,45.942745],[-119.12612,45.932859],[-119.169496,45.927603],[-119.19553,45.92787],[-119.225745,45.932725],[-119.25715,45.939926],[-119.322509,45.933183],[-119.37613,45.920974],[-119.487829,45.906307],[-119.524632,45.908605],[-119.571584,45.925456],[-119.600549,45.919581],[-119.623393,45.905639],[-119.669877,45.856867],[-119.772927,45.845578],[-119.802655,45.84753],[-120.001148,45.811902],[-120.141352,45.773152],[-120.170453,45.761951],[-120.210754,45.725951],[-120.40396,45.699249],[-120.482362,45.694449],[-120.505863,45.700048],[-120.521964,45.709848],[-120.559465,45.738348],[-120.591166,45.746547],[-120.634968,45.745847],[-120.668869,45.730147],[-120.68937,45.715847],[-120.788872,45.686246],[-120.855674,45.671545],[-120.870042,45.661242],[-120.915876,45.641345],[-120.943977,45.656445],[-121.06437,45.652549],[-121.086675,45.646667],[-121.195233,45.629513],[-121.200367,45.649829],[-121.215779,45.671238],[-121.312198,45.699925],[-121.33777,45.704949],[-121.372574,45.703111],[-121.401739,45.692887],[-121.423592,45.69399],[-121.462849,45.701367],[-121.522392,45.724677],[-121.533106,45.726541],[-121.626185,45.705915],[-121.707358,45.694809],[-121.735104,45.694039],[-121.811304,45.706761],[-121.867167,45.693277],[-121.901855,45.670716],[-121.900858,45.662009],[-121.908267,45.654399],[-121.983038,45.622812],[-122.101675,45.583516],[-122.112356,45.581409],[-122.14075,45.584508],[-122.183695,45.577696],[-122.2017,45.564141],[-122.248993,45.547745],[-122.266701,45.543841],[-122.294901,45.543541],[-122.331502,45.548241],[-122.352802,45.569441],[-122.380302,45.575941],[-122.492259,45.583281],[-122.643907,45.609739],[-122.675008,45.618039],[-122.738109,45.644138],[-122.76381,45.657138],[-122.774511,45.680437],[-122.772511,45.699637],[-122.760108,45.734413],[-122.761451,45.759163],[-122.769532,45.780583],[-122.795605,45.81],[-122.795963,45.825024],[-122.785515,45.850536],[-122.785026,45.867699],[-122.813998,45.960984],[-122.884478,46.06028],[-122.904119,46.083734],[-123.115904,46.185268],[-123.166414,46.188973],[-123.213054,46.172541],[-123.280166,46.144843],[-123.371433,46.146372],[-123.430847,46.181827],[-123.427629,46.229348],[-123.447592,46.249832],[-123.474844,46.267831],[-123.484244,46.269531],[-123.547659,46.259109],[-123.548194,46.248245],[-123.586205,46.228654],[-123.605487,46.2393],[-123.622812,46.23664],[-123.626247,46.226434],[-123.636474,46.214359],[-123.666751,46.218228],[-123.67538,46.212401],[-123.706667,46.199665],[-123.736747,46.200687],[-123.759976,46.2073],[-123.793936,46.196283],[-123.821834,46.190293],[-123.838801,46.192211],[-123.864209,46.189527],[-123.863347,46.18235],[-123.841521,46.169824],[-123.842849,46.160529],[-123.854801,46.157342],[-123.891186,46.164778],[-123.9042,46.169293],[-123.912405,46.17945],[-123.927038,46.191617],[-123.950148,46.204097],[-123.961739,46.207916],[-123.982149,46.209662],[-123.990117,46.21763],[-123.988429,46.224132],[-123.998052,46.235327],[-124.011355,46.236223],[-124.024305,46.229256],[-124.010344,46.223514],[-123.974124,46.168798],[-123.95919,46.141675],[-123.947531,46.116131],[-123.933366,46.071672],[-123.92933,46.041978],[-123.927891,46.009564],[-123.937471,45.977306],[-123.957438,45.974469],[-123.969991,45.969139],[-123.993703,45.946431],[-123.99304,45.938842],[-123.979501,45.930389],[-123.96763,45.907807],[-123.962736,45.869974],[-123.961544,45.837101],[-123.969459,45.782371],[-123.981864,45.768285],[-123.982578,45.761815],[-123.968563,45.757019],[-123.946027,45.733249],[-123.939448,45.708795],[-123.939005,45.661923],[-123.951246,45.585775],[-123.956711,45.571303],[-123.947556,45.564878],[-123.957568,45.510399],[-123.96634,45.493417],[-123.976544,45.489733],[-123.972953,45.467513],[-123.964074,45.449112],[-123.960557,45.430778],[-123.965728,45.386242],[-123.973398,45.354791],[-123.979715,45.347724],[-124.007494,45.33974],[-123.978671,45.338854],[-123.972899,45.33689],[-123.964169,45.317026],[-123.962887,45.280218],[-123.972919,45.216784],[-123.968187,45.201217],[-123.975425,45.145476],[-123.989529,45.094045],[-124.012163,45.076921],[-124.017991,45.049808],[-124.004386,45.046197],[-124.015243,44.982904],[-124.023834,44.949825],[-124.025136,44.928175],[-124.032296,44.900809],[-124.048814,44.850007],[-124.054151,44.838233],[-124.066746,44.831191],[-124.074066,44.798107],[-124.075473,44.771403],[-124.066325,44.762671],[-124.059077,44.737656],[-124.063406,44.703177],[-124.070394,44.683514],[-124.060043,44.669361],[-124.058281,44.658866],[-124.065008,44.632504],[-124.067251,44.60804],[-124.076387,44.531214],[-124.083601,44.501123],[-124.082061,44.478171],[-124.082113,44.441518],[-124.067569,44.428582],[-124.084401,44.415611],[-124.092101,44.370388],[-124.100587,44.331926],[-124.109556,44.314545],[-124.10907,44.303707],[-124.1152,44.286486],[-124.115953,44.274641],[-124.108945,44.265475],[-124.111054,44.235071],[-124.115671,44.206554],[-124.114424,44.198164],[-124.117006,44.171913],[-124.125824,44.12613],[-124.122406,44.104442],[-124.133547,44.035845],[-124.142704,43.958182],[-124.150267,43.91085],[-124.168392,43.808903],[-124.193455,43.706085],[-124.204888,43.673976],[-124.203028,43.667825],[-124.233534,43.55713],[-124.255609,43.502172],[-124.286896,43.436296],[-124.315012,43.388389],[-124.341587,43.351337],[-124.353332,43.342667],[-124.373037,43.338953],[-124.387642,43.325968],[-124.402814,43.305872],[-124.388891,43.290523],[-124.38246,43.270167],[-124.395607,43.223908],[-124.395302,43.211101],[-124.401726,43.184896],[-124.424113,43.126859],[-124.434451,43.115986],[-124.432236,43.097383],[-124.436198,43.071312],[-124.456918,43.000315],[-124.462619,42.99143],[-124.480938,42.951495],[-124.500141,42.917502],[-124.552441,42.840568],[-124.544179,42.822958],[-124.536073,42.814175],[-124.524439,42.789793],[-124.516236,42.753632],[-124.514669,42.736806],[-124.510017,42.734746],[-124.491679,42.741789],[-124.473864,42.732671],[-124.448418,42.689909],[-124.45074,42.675798],[-124.416774,42.661594],[-124.413119,42.657934],[-124.401177,42.627192],[-124.399421,42.618079],[-124.400918,42.597518],[-124.389977,42.574758],[-124.390664,42.566593],[-124.399065,42.539928],[-124.421381,42.491737],[-124.423084,42.478952],[-124.422038,42.461226],[-124.435105,42.440163],[-124.428068,42.420333],[-124.424066,42.377242],[-124.427222,42.33488],[-124.429288,42.331746],[-124.410556,42.307431],[-124.405148,42.278107],[-124.410982,42.250547],[-124.383633,42.22716],[-124.377762,42.218809],[-124.376215,42.196381],[-124.361009,42.180752],[-124.360318,42.162272],[-124.366832,42.15845],[-124.361563,42.143767],[-124.355696,42.141964],[-124.351535,42.129796],[-124.356229,42.114952],[-124.34101,42.092929],[-124.314289,42.067864],[-124.299649,42.051736],[-124.287374,42.046016],[-124.270464,42.045553],[-124.214213,42.005939],[-124.211605,41.99846],[-124.100921,41.996956],[-123.821472,41.995473],[-123.624554,41.999837],[-123.49883,42.000525],[-123.347562,41.999108],[-123.230764,42.003845],[-123.154908,42.008036],[-123.045254,42.003049],[-123.001152,42.003],[-122.634739,42.004858],[-122.501135,42.00846],[-122.378193,42.009518],[-122.289533,42.007764],[-122.160438,42.007637],[-122.001119,42.004017],[-121.689159,42.000584],[-121.580865,41.998668],[-121.434977,41.997022],[-121.334385,41.996655],[-121.154347,41.996352],[-121.035195,41.993323],[-120.879481,41.993781],[-120.692219,41.993677],[-120.286424,41.993058],[-119.999168,41.99454],[-119.986678,41.995842],[-119.790087,41.997544],[-119.360177,41.994384],[-119.324182,41.994278],[-118.777228,41.992671],[-118.197189,41.996995],[-117.026222,42.000252],[-117.026331,42.807015],[-117.026652,43.025128],[-117.026746,43.577526],[-117.026586,43.683001],[-117.026634,43.808104],[-116.996504,43.864714],[-116.982482,43.872799],[-116.961535,43.918388],[-116.935301,43.988616],[-116.931719,44.102474],[-116.895931,44.154295],[-116.895757,44.171267],[-116.902752,44.179467],[-116.975905,44.242844],[-116.98687,44.245477],[-117.027558,44.248881],[-117.041144,44.243653],[-117.170342,44.25889],[-117.190107,44.273958],[-117.197777,44.295789],[-117.189769,44.336585],[-117.214889,44.466901],[-117.208454,44.485928],[-117.156489,44.528312],[-117.144161,44.545647],[-117.1159,44.623339],[-117.095868,44.664737],[-117.062273,44.727143],[-117.044217,44.74514],[-117.016216,44.755572],[-116.931499,44.792281],[-116.852427,44.887577],[-116.83199,44.933007],[-116.835702,44.940633],[-116.850737,44.958113],[-116.858277,44.978008],[-116.845369,45.017059],[-116.783902,45.079022],[-116.729607,45.142091],[-116.709536,45.203015],[-116.696047,45.254679],[-116.673793,45.321511],[-116.553473,45.499107],[-116.481208,45.580597],[-116.463635,45.602785],[-116.463504,45.615785],[-116.48912,45.65114],[-116.528272,45.681473],[-116.535396,45.691734],[-116.538014,45.714929],[-116.535698,45.734231],[-116.54809,45.752364],[-116.59421,45.77908],[-116.633377,45.784681],[-116.789099,45.847749],[-116.857254,45.904159],[-116.866544,45.916958],[-116.875125,45.9422],[-116.915989,45.995413]]]}},{"type":"Feature","properties":{"NAME":"Rhode Island"},"geometry":{"type":"MultiPolygon","coordinates":[[[[-71.383586,41.464782],[-71.380947,41.474561],[-71.360403,41.483121],[-71.363292,41.501952],[-71.359868,41.556308],[-71.36356,41.57086],[-71.370194,41.573963],[-71.379021,41.567772],[-71.384478,41.556736],[-71.392137,41.524468],[-71.391005,41.514578],[-71.378914,41.504948],[-71.386511,41.493071],[-71.395927,41.492215],[-71.40056,41.46094],[-71.390275,41.455043],[-71.383586,41.464782]]],[[[-71.3312,41.580318],[-71.317474,41.583187],[-71.303352,41.606591],[-71.30555,41.622523],[-71.314889,41.630398],[-71.330711,41.632992],[-71.343666,41.6399],[-71.336182,41.647961],[-71.338696,41.658782],[-71.348402,41.663727],[-71.366165,41.66098],[-71.362869,41.651457],[-71.34657,41.632229],[-71.333305,41.629536],[-71.325877,41.623988],[-71.329559,41.609097],[-71.337048,41.594688],[-71.3312,41.580318]]],[[[-71.58955,41.196557],[-71.594994,41.188392],[-71.605565,41.182139],[-71.613133,41.160281],[-71.611706,41.153239],[-71.5937,41.146339],[-71.551953,41.151718],[-71.547051,41.153684],[-71.544446,41.164912],[-71.560969,41.176186],[-71.565752,41.184373],[-71.564119,41.195372],[-71.554067,41.212957],[-71.561093,41.224207],[-71.576661,41.224434],[-71.580228,41.204837],[-71.58955,41.196557]]],[[[-71.85957,41.322399],[-71.862772,41.309791],[-71.857432,41.306318],[-71.833755,41.315631],[-71.773702,41.327977],[-71.72074,41.331567],[-71.68807,41.342823],[-71.624505,41.36087],[-71.555381,41.373316],[-71.526724,41.376636],[-71.483295,41.371722],[-71.474918,41.386104],[-71.455371,41.407962],[-71.455845,41.432986],[-71.433612,41.444995],[-71.427935,41.459529],[-71.430744,41.470636],[-71.418404,41.472652],[-71.421425,41.498629],[-71.414937,41.516303],[-71.417398,41.534536],[-71.421649,41.537892],[-71.442567,41.565075],[-71.447712,41.5804],[-71.40377,41.589321],[-71.409302,41.662643],[-71.425452,41.670785],[-71.444468,41.664409],[-71.449318,41.687401],[-71.418069,41.684208],[-71.390551,41.684096],[-71.38988,41.671903],[-71.37791,41.666646],[-71.372988,41.672575],[-71.365717,41.694947],[-71.365717,41.711615],[-71.350057,41.727835],[-71.342786,41.728506],[-71.31482,41.723808],[-71.305759,41.718662],[-71.291217,41.702666],[-71.293119,41.688347],[-71.302627,41.681747],[-71.306095,41.672575],[-71.303746,41.654788],[-71.290546,41.662395],[-71.287637,41.672463],[-71.280366,41.672575],[-71.26918,41.6549],[-71.267055,41.644945],[-71.25956,41.642595],[-71.24155,41.667205],[-71.237635,41.681635],[-71.240991,41.697744],[-71.224798,41.710498],[-71.261392,41.752301],[-71.327896,41.780501],[-71.339297,41.8065],[-71.339597,41.832],[-71.337597,41.8337],[-71.339298,41.893599],[-71.352699,41.896699],[-71.3766,41.893999],[-71.3816,41.922899],[-71.381401,42.018798],[-71.499905,42.017198],[-71.527606,42.014998],[-71.591104,42.013713],[-71.799242,42.008065],[-71.794161,41.841101],[-71.789678,41.724734],[-71.789356,41.59691],[-71.797683,41.416709],[-71.81839,41.419599],[-71.839649,41.412119],[-71.843472,41.40583],[-71.842131,41.395359],[-71.833443,41.384524],[-71.831613,41.370899],[-71.83124,41.344645],[-71.839782,41.33469],[-71.85957,41.322399]]],[[[-71.12057,41.497448],[-71.134484,41.641198],[-71.134688,41.660502],[-71.17609,41.668102],[-71.17599,41.671402],[-71.19564,41.67509],[-71.212136,41.641945],[-71.251082,41.63878],[-71.271862,41.623986],[-71.273445,41.60699],[-71.285142,41.577127],[-71.294363,41.571416],[-71.310533,41.54692],[-71.313079,41.534672],[-71.330831,41.518364],[-71.330694,41.507699],[-71.323125,41.503088],[-71.317414,41.488776],[-71.316519,41.47756],[-71.335992,41.469647],[-71.34707,41.47123],[-71.36152,41.464831],[-71.362743,41.460379],[-71.351096,41.450802],[-71.337695,41.448902],[-71.32141,41.4556],[-71.304394,41.454502],[-71.295111,41.48435],[-71.285639,41.487805],[-71.264793,41.488902],[-71.252692,41.485902],[-71.24071,41.474872],[-71.236751,41.483369],[-71.240614,41.500557],[-71.229444,41.521544],[-71.227989,41.528297],[-71.236642,41.535852],[-71.23613,41.574767],[-71.2436,41.587508],[-71.240709,41.619225],[-71.21616,41.62549],[-71.212004,41.62299],[-71.212656,41.610072],[-71.20778,41.60066],[-71.20865,41.571028],[-71.213563,41.545818],[-71.200788,41.514371],[-71.206382,41.499215],[-71.190167,41.484285],[-71.196607,41.464756],[-71.19302,41.457931],[-71.170131,41.463974],[-71.167345,41.471405],[-71.140224,41.485855],[-71.136867,41.493942],[-71.12057,41.497448]]]]}},{"type":"Feature","properties":{"NAME":"South Dakota"},"geometry":{"type":"Polygon","coordinates":[[[-104.057698,44.997431],[-104.055963,44.768236],[-104.05581,44.691343],[-104.055927,44.51773],[-104.054487,44.180381],[-104.05495,43.93809],[-104.055133,43.747105],[-104.054902,43.583852],[-104.054766,43.428914],[-104.053876,43.289801],[-104.053127,43.000585],[-103.813939,43.001378],[-103.576966,43.000746],[-103.404579,43.000737],[-103.132955,43.000784],[-103.000897,43.000474],[-102.792111,42.99998],[-102.487329,42.999559],[-102.082546,42.999356],[-101.875424,42.999298],[-101.625424,42.996238],[-101.230325,42.997899],[-100.96419,42.997886],[-100.887898,42.997881],[-100.553131,42.998721],[-100.472742,42.999288],[-100.349548,42.99874],[-100.198412,42.998542],[-100.126896,42.998711],[-99.918401,42.998057],[-99.699234,42.99788],[-99.471353,42.997967],[-99.195199,42.998107],[-99.135961,42.998301],[-98.899944,42.998122],[-98.665613,42.998536],[-98.49855,42.99856],[-98.490483,42.977948],[-98.467356,42.947556],[-98.447047,42.935117],[-98.325864,42.8865],[-98.204506,42.846845],[-98.165835,42.837011],[-98.056625,42.770781],[-98.035034,42.764205],[-98.017228,42.762411],[-98.000348,42.763256],[-97.950147,42.769619],[-97.936716,42.775754],[-97.908983,42.794909],[-97.888562,42.817251],[-97.879878,42.835395],[-97.875345,42.858724],[-97.84527,42.867734],[-97.828496,42.868797],[-97.814382,42.861119],[-97.774456,42.849774],[-97.686506,42.842435],[-97.531867,42.850105],[-97.42319,42.861168],[-97.328511,42.859501],[-97.257089,42.853854],[-97.218269,42.829561],[-97.190135,42.805076],[-97.13746,42.782313],[-97.05218,42.770187],[-97.026103,42.762625],[-96.961021,42.738075],[-96.920494,42.731432],[-96.906797,42.7338],[-96.813148,42.706397],[-96.724033,42.665971],[-96.712871,42.648136],[-96.707245,42.631258],[-96.711332,42.610399],[-96.708049,42.601594],[-96.625958,42.513576],[-96.611489,42.506088],[-96.48749,42.479846],[-96.475565,42.480036],[-96.443408,42.489495],[-96.466253,42.497702],[-96.481308,42.516556],[-96.477709,42.535595],[-96.476952,42.556079],[-96.516338,42.630435],[-96.542366,42.660736],[-96.575299,42.682665],[-96.601989,42.697429],[-96.610975,42.694751],[-96.630617,42.70588],[-96.639704,42.737071],[-96.632142,42.770863],[-96.577813,42.828102],[-96.563058,42.831051],[-96.549513,42.839143],[-96.54146,42.857682],[-96.510749,42.944397],[-96.509479,42.971122],[-96.513111,43.02788],[-96.466017,43.062235],[-96.439335,43.113916],[-96.436589,43.120842],[-96.475571,43.221054],[-96.485264,43.224183],[-96.557126,43.224192],[-96.584124,43.268101],[-96.586317,43.274319],[-96.56911,43.295535],[-96.551929,43.292974],[-96.530392,43.300034],[-96.525564,43.312467],[-96.521264,43.374978],[-96.524044,43.394762],[-96.53746,43.395246],[-96.557586,43.406792],[-96.594254,43.434153],[-96.60286,43.450907],[-96.600039,43.45708],[-96.58407,43.468856],[-96.587151,43.484697],[-96.598928,43.500457],[-96.453049,43.500415],[-96.45338,43.689637],[-96.453183,43.87865],[-96.453389,43.97806],[-96.452774,44.19678],[-96.452372,44.325991],[-96.451816,44.460402],[-96.451888,44.544058],[-96.451543,44.703135],[-96.45156,44.805569],[-96.452347,44.962734],[-96.452315,45.208986],[-96.453067,45.298115],[-96.454094,45.301546],[-96.489065,45.357071],[-96.521787,45.375645],[-96.617726,45.408092],[-96.680454,45.410499],[-96.692541,45.417338],[-96.732739,45.458737],[-96.745487,45.488712],[-96.76528,45.521414],[-96.784863,45.5413],[-96.857751,45.605962],[-96.844211,45.639583],[-96.835769,45.649648],[-96.745086,45.701576],[-96.711157,45.717561],[-96.672665,45.732336],[-96.652226,45.746809],[-96.583085,45.820024],[-96.576544,45.839945],[-96.568281,45.891203],[-96.569069,45.914785],[-96.564317,45.921074],[-96.56328,45.935238],[-96.701313,45.935807],[-96.998652,45.9357],[-97.019596,45.935382],[-97.318899,45.935054],[-97.481967,45.935138],[-97.784575,45.935327],[-98.008202,45.936096],[-98.18563,45.936185],[-98.724375,45.938685],[-98.904429,45.93952],[-99.092868,45.940184],[-99.257745,45.94006],[-99.490254,45.940362],[-99.58878,45.941104],[-99.750396,45.940935],[-99.965775,45.941822],[-100.170826,45.942514],[-100.430597,45.943638],[-100.627681,45.943642],[-100.935582,45.943757],[-101.101334,45.943841],[-101.271524,45.944209],[-101.557276,45.9441],[-101.72338,45.944187],[-101.973749,45.944456],[-102.176993,45.944622],[-102.32823,45.944806],[-102.550947,45.945015],[-102.65162,45.94545],[-102.704871,45.945072],[-102.920482,45.945038],[-103.047779,45.945335],[-103.284109,45.945152],[-103.55871,45.945131],[-103.668479,45.945242],[-104.045443,45.94531],[-104.043814,45.868385],[-104.041937,45.557915],[-104.041764,45.490789],[-104.040114,45.374214],[-104.040274,45.212891],[-104.040128,44.999987],[-104.057698,44.997431]]]}},{"type":"Feature","properties":{"NAME":"Texas"},"geometry":{"type":"MultiPolygon","coordinates":[[[[-96.83003,28.111842],[-96.84538,28.108881],[-96.857165,28.115559],[-96.864628,28.126296],[-96.874972,28.133236],[-96.879424,28.131402],[-96.886887,28.11713],[-96.889113,28.099454],[-96.888328,28.086622],[-96.890947,28.076802],[-96.906004,28.076147],[-96.927085,28.057292],[-96.92643,28.043413],[-96.932454,28.035426],[-96.946988,28.026522],[-96.952618,28.01644],[-96.962569,28.012381],[-96.967807,28.020041],[-96.978282,28.001709],[-96.986661,27.980759],[-96.977889,27.976439],[-96.985745,27.954048],[-97.016384,27.917255],[-97.013634,27.90678],[-97.043226,27.859119],[-97.056713,27.842294],[-97.132394,27.827301],[-97.126109,27.819707],[-97.098874,27.82285],[-97.092589,27.819183],[-97.098874,27.808447],[-97.103326,27.789068],[-97.127681,27.76],[-97.130823,27.75162],[-97.147321,27.735384],[-97.166176,27.732372],[-97.170628,27.720326],[-97.190007,27.692829],[-97.203089,27.688001],[-97.197601,27.678426],[-97.197339,27.664547],[-97.200743,27.650144],[-97.214099,27.631551],[-97.231383,27.632336],[-97.242643,27.607458],[-97.236882,27.598293],[-97.247619,27.581533],[-97.252071,27.578652],[-97.26176,27.563464],[-97.257832,27.556393],[-97.266474,27.542514],[-97.282972,27.521564],[-97.293709,27.497209],[-97.317277,27.46369],[-97.329847,27.43436],[-97.329585,27.418124],[-97.336132,27.402411],[-97.346607,27.390365],[-97.361796,27.359988],[-97.366771,27.333276],[-97.36232,27.32673],[-97.357606,27.307875],[-97.367033,27.298709],[-97.373318,27.27645],[-97.37489,27.250262],[-97.382222,27.229051],[-97.386674,27.204696],[-97.377508,27.199459],[-97.390078,27.156512],[-97.390602,27.094186],[-97.386412,27.083187],[-97.389816,27.067213],[-97.39034,27.052286],[-97.389554,26.945965],[-97.391649,26.90197],[-97.385626,26.888876],[-97.383531,26.875521],[-97.387459,26.820789],[-97.373056,26.808481],[-97.368343,26.795649],[-97.370438,26.781508],[-97.364646,26.767122],[-97.364153,26.758987],[-97.367557,26.740394],[-97.370961,26.736204],[-97.370438,26.723896],[-97.363105,26.71054],[-97.345822,26.700589],[-97.336394,26.666022],[-97.338489,26.647429],[-97.324872,26.611814],[-97.317015,26.597673],[-97.308635,26.576723],[-97.31073,26.556558],[-97.292399,26.528014],[-97.276425,26.521729],[-97.262546,26.482972],[-97.254166,26.471188],[-97.247619,26.456261],[-97.243167,26.434263],[-97.240286,26.405981],[-97.226931,26.385555],[-97.214885,26.353606],[-97.194458,26.27164],[-97.183983,26.214289],[-97.178746,26.177103],[-97.179532,26.146202],[-97.171781,26.102522],[-97.169842,26.077853],[-97.161462,26.06764],[-97.154271,26.066841],[-97.161471,26.088705],[-97.173265,26.192314],[-97.185844,26.267103],[-97.194644,26.306513],[-97.229844,26.433569],[-97.269392,26.554046],[-97.275119,26.565415],[-97.30069,26.635375],[-97.333028,26.736479],[-97.351413,26.808604],[-97.364726,26.871693],[-97.370731,26.909706],[-97.378362,26.992877],[-97.37913,27.047996],[-97.377001,27.101021],[-97.370941,27.161166],[-97.363401,27.210366],[-97.350398,27.268105],[-97.326523,27.347612],[-97.30447,27.407734],[-97.276091,27.472145],[-97.201866,27.614858],[-97.166682,27.676583],[-97.116277,27.752599],[-97.085395,27.793245],[-97.04598,27.835004],[-97.041799,27.852926],[-97.03166,27.869975],[-97.001441,27.911442],[-96.966996,27.950531],[-96.929053,27.99044],[-96.849624,28.064939],[-96.758141,28.136873],[-96.694666,28.18212],[-96.621534,28.2297],[-96.547774,28.270798],[-96.439099,28.319052],[-96.4137,28.327343],[-96.397846,28.343513],[-96.403206,28.371475],[-96.417217,28.367154],[-96.418919,28.354846],[-96.434108,28.344764],[-96.450998,28.337039],[-96.476269,28.330754],[-96.528906,28.322505],[-96.542131,28.315958],[-96.546975,28.305614],[-96.55326,28.302341],[-96.581019,28.30221],[-96.592934,28.296972],[-96.61048,28.283093],[-96.607992,28.27707],[-96.651856,28.251275],[-96.663116,28.233206],[-96.662462,28.227314],[-96.686816,28.21841],[-96.703314,28.216446],[-96.697422,28.202959],[-96.703838,28.198246],[-96.733037,28.190913],[-96.791958,28.188687],[-96.816443,28.174808],[-96.822859,28.167476],[-96.816836,28.158048],[-96.810944,28.136378],[-96.81042,28.126034],[-96.816574,28.119618],[-96.83003,28.111842]]],[[[-94.485875,33.637867],[-94.490684,33.625586],[-94.524055,33.615765],[-94.52838,33.615995],[-94.660964,33.660322],[-94.735128,33.691267],[-94.746096,33.703016],[-94.760604,33.727054],[-94.822473,33.732716],[-94.8693,33.745871],[-95.039452,33.860621],[-95.062284,33.903618],[-95.067253,33.917351],[-95.129572,33.936718],[-95.219358,33.961567],[-95.231113,33.960361],[-95.252906,33.933648],[-95.2482,33.912327],[-95.249922,33.902024],[-95.260815,33.887653],[-95.287565,33.873617],[-95.339758,33.868752],[-95.407795,33.866308],[-95.445751,33.86885],[-95.544346,33.880111],[-95.552085,33.888422],[-95.549145,33.90795],[-95.559414,33.930179],[-95.567022,33.932697],[-95.599678,33.934247],[-95.757156,33.867293],[-95.763622,33.847954],[-95.82468,33.837726],[-95.949935,33.857452],[-96.097526,33.847544],[-96.14807,33.837799],[-96.156717,33.813324],[-96.1641,33.784261],[-96.170055,33.76917],[-96.181704,33.758504],[-96.1999,33.752117],[-96.220521,33.74739],[-96.229859,33.74832],[-96.304675,33.745901],[-96.36959,33.716809],[-96.423362,33.776365],[-96.448045,33.781031],[-96.500268,33.772583],[-96.612925,33.833939],[-96.615843,33.853393],[-96.611466,33.875278],[-96.622165,33.885977],[-96.65864,33.900081],[-96.672258,33.899595],[-96.67858,33.892786],[-96.68928,33.86166],[-96.700952,33.840748],[-96.712422,33.831633],[-96.761588,33.824406],[-96.85609,33.84749],[-96.866438,33.853149],[-96.88301,33.868019],[-96.895728,33.896414],[-96.899442,33.933728],[-96.907387,33.950025],[-96.922114,33.959579],[-96.97287,33.935698],[-96.985567,33.886522],[-97.00613,33.861884],[-97.047972,33.817931],[-97.092414,33.733214],[-97.107183,33.721119],[-97.121102,33.717174],[-97.13753,33.718664],[-97.151257,33.722608],[-97.172192,33.737545],[-97.204827,33.799908],[-97.204995,33.81887],[-97.194678,33.831192],[-97.18137,33.831375],[-97.166824,33.840395],[-97.166629,33.847311],[-97.180845,33.895204],[-97.185458,33.9007],[-97.210921,33.916064],[-97.226522,33.914642],[-97.310843,33.872461],[-97.372941,33.819454],[-97.426493,33.819398],[-97.444193,33.823773],[-97.453057,33.828536],[-97.462857,33.841772],[-97.451469,33.87093],[-97.450954,33.891398],[-97.458069,33.901635],[-97.486505,33.916994],[-97.50096,33.919643],[-97.519171,33.913638],[-97.545526,33.900396],[-97.555002,33.897282],[-97.587441,33.902479],[-97.597115,33.917868],[-97.588828,33.951882],[-97.609091,33.968093],[-97.65621,33.989488],[-97.671772,33.99137],[-97.69311,33.983699],[-97.700477,33.972246],[-97.733723,33.936392],[-97.785317,33.890701],[-97.834333,33.857671],[-97.865765,33.849393],[-97.877387,33.850236],[-97.966706,33.881949],[-97.977859,33.889929],[-97.953395,33.936445],[-97.94573,33.989839],[-97.983521,34.001559],[-98.019485,33.993804],[-98.041117,33.993456],[-98.08526,34.003259],[-98.088203,34.005481],[-98.106261,34.033696],[-98.16912,34.114171],[-98.200075,34.116783],[-98.293901,34.13302],[-98.300209,34.134579],[-98.325445,34.151025],[-98.364023,34.157109],[-98.383222,34.147806],[-98.398441,34.128456],[-98.400494,34.121778],[-98.475066,34.064269],[-98.504182,34.072371],[-98.553717,34.13366],[-98.577356,34.1491],[-98.599789,34.160571],[-98.637575,34.162284],[-98.652347,34.161029],[-98.665824,34.151617],[-98.700182,34.135995],[-98.76557,34.136376],[-98.858419,34.152732],[-98.920042,34.182908],[-98.966743,34.201185],[-99.060344,34.204761],[-99.119204,34.201747],[-99.157114,34.207414],[-99.19089,34.215251],[-99.211648,34.292232],[-99.2116,34.31397],[-99.209724,34.324935],[-99.211423,34.337897],[-99.261321,34.403499],[-99.356713,34.442144],[-99.398635,34.375832],[-99.407168,34.372605],[-99.44076,34.374123],[-99.453477,34.388756],[-99.499875,34.409608],[-99.515385,34.414333],[-99.574367,34.418281],[-99.58006,34.416653],[-99.616793,34.375391],[-99.663948,34.37368],[-99.69497,34.378333],[-99.767234,34.430502],[-99.793684,34.453894],[-99.864922,34.523018],[-99.874403,34.537095],[-99.884842,34.546953],[-99.923211,34.574552],[-99.94572,34.579273],[-99.954567,34.578195],[-100.000381,34.560509],[-100.000381,34.746461],[-100.000384,35.030385],[-100.000385,35.182702],[-100.000389,35.422364],[-100.000392,35.619115],[-100.000396,35.880948],[-100.000399,36.055677],[-100.000406,36.499702],[-100.181221,36.499633],[-100.334464,36.49942],[-100.522227,36.499291],[-100.648344,36.499463],[-100.85084,36.4997],[-101.045331,36.49954],[-101.085156,36.499244],[-101.623915,36.499528],[-101.826565,36.499654],[-102.032339,36.500066],[-102.162463,36.500326],[-103.002434,36.500397],[-103.041669,36.478514],[-103.041674,36.317534],[-103.040824,36.055231],[-103.041357,35.739274],[-103.041554,35.622487],[-103.042497,35.211862],[-103.04252,35.135596],[-103.042521,34.954101],[-103.042781,34.850243],[-103.042827,34.671188],[-103.043594,34.46266],[-103.043979,34.312764],[-103.043644,34.256903],[-103.043569,34.087947],[-103.043617,34.003633],[-103.045644,33.901537],[-103.050148,33.701971],[-103.051535,33.650487],[-103.05261,33.570599],[-103.056655,33.388438],[-103.057487,33.329477],[-103.060103,33.219225],[-103.064625,32.999899],[-103.064699,32.827531],[-103.064864,32.682647],[-103.064696,32.522193],[-103.064422,32.145006],[-103.064423,32.000518],[-103.326501,32.00037],[-103.722853,32.000221],[-104.024521,32.00001],[-104.531756,32.000117],[-104.643526,32.000443],[-104.918272,32.000496],[-105.153994,32.000497],[-105.429281,32.000577],[-105.886159,32.00197],[-105.998003,32.002328],[-106.18184,32.00205],[-106.205915,32.001762],[-106.411075,32.001334],[-106.599096,32.000731],[-106.614702,31.956],[-106.616136,31.948439],[-106.627808,31.860593],[-106.614637,31.84649],[-106.605245,31.845905],[-106.566844,31.813306],[-106.545344,31.805007],[-106.535843,31.798607],[-106.528543,31.783907],[-106.472514,31.751802],[-106.436743,31.756872],[-106.41794,31.752009],[-106.381039,31.73211],[-106.356938,31.70221],[-106.254062,31.547512],[-106.218538,31.47972],[-106.202851,31.464073],[-106.132782,31.425367],[-106.099393,31.41476],[-106.00693,31.392826],[-105.981027,31.375122],[-105.923131,31.312089],[-105.900315,31.300008],[-105.869353,31.288634],[-105.793719,31.201713],[-105.750519,31.16494],[-105.709491,31.136375],[-105.648834,31.115902],[-105.60333,31.082625],[-105.585323,31.057488],[-105.579756,31.036588],[-105.57765,31.019811],[-105.55679,30.989469],[-105.411833,30.893367],[-105.394627,30.85892],[-105.265479,30.802536],[-105.250028,30.799068],[-105.211234,30.799609],[-105.129328,30.750139],[-105.044407,30.683895],[-104.972071,30.61026],[-104.929778,30.59924],[-104.872808,30.500145],[-104.859521,30.390413],[-104.78102,30.314564],[-104.761634,30.301148],[-104.708916,30.235826],[-104.687296,30.179464],[-104.685793,30.092656],[-104.693592,30.019077],[-104.679877,29.920946],[-104.674932,29.911112],[-104.667301,29.910401],[-104.633275,29.870485],[-104.566055,29.771379],[-104.549117,29.728814],[-104.549773,29.716091],[-104.538569,29.677396],[-104.515512,29.641493],[-104.394351,29.560535],[-104.321603,29.527923],[-104.290728,29.519326],[-104.264155,29.514001],[-104.235847,29.496744],[-104.21341,29.462069],[-104.167506,29.402928],[-104.143692,29.383278],[-104.025488,29.314404],[-103.963076,29.298404],[-103.924976,29.293913],[-103.838303,29.278304],[-103.792005,29.262695],[-103.767814,29.224954],[-103.714867,29.184137],[-103.627067,29.163336],[-103.61007,29.165727],[-103.558679,29.154962],[-103.525471,29.137744],[-103.503236,29.11911],[-103.470518,29.085108],[-103.471037,29.075368],[-103.383508,29.024112],[-103.281903,28.990089],[-103.163865,28.972099],[-103.156646,28.972831],[-103.115328,28.98527],[-103.10443,29.03359],[-102.995688,29.161219],[-102.95089,29.176835],[-102.87802,29.214698],[-102.866846,29.225015],[-102.871347,29.241625],[-102.886308,29.24568],[-102.895886,29.284778],[-102.875813,29.353715],[-102.83332,29.408981],[-102.831938,29.437943],[-102.808692,29.522319],[-102.781807,29.542454],[-102.745494,29.592967],[-102.698347,29.695591],[-102.689738,29.722349],[-102.665194,29.737421],[-102.612879,29.748182],[-102.554915,29.748966],[-102.500741,29.781446],[-102.486819,29.786725],[-102.434063,29.7767],[-102.404422,29.765105],[-102.386677,29.76148],[-102.364647,29.843624],[-102.323389,29.875193],[-102.297331,29.875194],[-102.282247,29.863598],[-102.262466,29.853765],[-102.116076,29.792527],[-102.050044,29.78507],[-102.040539,29.790061],[-101.944913,29.801468],[-101.883655,29.796193],[-101.786353,29.782047],[-101.646418,29.754304],[-101.635128,29.758675],[-101.625958,29.771063],[-101.455007,29.770188],[-101.403926,29.757587],[-101.343743,29.662047],[-101.314135,29.659054],[-101.250383,29.624171],[-101.247319,29.618482],[-101.235275,29.524854],[-101.137503,29.473542],[-101.087149,29.469414],[-101.060151,29.458661],[-101.043364,29.42988],[-101.037642,29.414681],[-100.995607,29.363403],[-100.954042,29.347598],[-100.797671,29.246943],[-100.674656,29.099777],[-100.664065,29.073206],[-100.645894,28.986421],[-100.648104,28.98386],[-100.651512,28.943432],[-100.640092,28.915833],[-100.589854,28.861618],[-100.546804,28.825374],[-100.535438,28.805195],[-100.507613,28.740599],[-100.506701,28.716745],[-100.511998,28.705352],[-100.510055,28.690723],[-100.500354,28.66196],[-100.446659,28.608659],[-100.429856,28.596441],[-100.405058,28.53578],[-100.386963,28.514023],[-100.338518,28.501833],[-100.333814,28.499252],[-100.346986,28.407232],[-100.291391,28.275398],[-100.257788,28.240341],[-100.202448,28.190554],[-100.171323,28.17623],[-100.14414,28.168238],[-100.088143,28.147503],[-100.080868,28.137192],[-100.057049,28.095656],[-99.991447,27.99456],[-99.922046,27.922119],[-99.895828,27.904178],[-99.904385,27.875284],[-99.901486,27.864162],[-99.876174,27.806276],[-99.843463,27.77456],[-99.666175,27.638324],[-99.627123,27.638412],[-99.623478,27.644136],[-99.600619,27.641314],[-99.541644,27.605772],[-99.519381,27.573569],[-99.480219,27.485796],[-99.487704,27.409924],[-99.492831,27.390491],[-99.50696,27.35642],[-99.537771,27.316073],[-99.529654,27.306051],[-99.494678,27.277595],[-99.47088,27.265444],[-99.463309,27.268437],[-99.452391,27.264046],[-99.441549,27.24992],[-99.426348,27.176262],[-99.429879,27.094323],[-99.452316,27.062669],[-99.446524,27.023008],[-99.379149,26.93449],[-99.321819,26.906846],[-99.268613,26.843213],[-99.242444,26.788262],[-99.208951,26.689489],[-99.167996,26.557799],[-99.105719,26.43872],[-99.047575,26.406922],[-98.861354,26.36599],[-98.822373,26.370902],[-98.807348,26.369421],[-98.751164,26.331307],[-98.705676,26.27748],[-98.6329,26.250348],[-98.623335,26.259592],[-98.58581,26.257403],[-98.466167,26.223245],[-98.438822,26.212022],[-98.386694,26.157872],[-98.264514,26.085507],[-98.241664,26.074544],[-98.044517,26.043746],[-98.011883,26.056608],[-98.008307,26.061147],[-97.888699,26.064931],[-97.671568,26.033955],[-97.668099,26.022522],[-97.582565,25.937857],[-97.511161,25.887458],[-97.496861,25.880058],[-97.408357,25.856459],[-97.366723,25.885066],[-97.367045,25.903021],[-97.362345,25.915724],[-97.348275,25.931143],[-97.271382,25.951832],[-97.228025,25.958936],[-97.172633,25.962883],[-97.145567,25.971132],[-97.151922,26.017653],[-97.15321,26.038906],[-97.152009,26.062108],[-97.164982,26.063876],[-97.18273,26.053126],[-97.178659,26.045492],[-97.172043,26.044729],[-97.162628,26.023482],[-97.162755,26.014576],[-97.17446,26.000072],[-97.195834,25.993074],[-97.208557,25.991802],[-97.219244,25.996128],[-97.226114,26.024372],[-97.214918,26.030734],[-97.204995,26.030225],[-97.195071,26.04193],[-97.199651,26.077044],[-97.208048,26.079589],[-97.24698,26.080352],[-97.270898,26.086459],[-97.279804,26.092057],[-97.295072,26.108342],[-97.294054,26.11394],[-97.283112,26.117757],[-97.28536,26.128378],[-97.296598,26.142439],[-97.306776,26.159487],[-97.296089,26.182388],[-97.296598,26.200709],[-97.304486,26.20249],[-97.32128,26.228699],[-97.32128,26.236078],[-97.308049,26.249055],[-97.307031,26.253126],[-97.311866,26.273737],[-97.322807,26.271956],[-97.331967,26.265595],[-97.343927,26.267376],[-97.347489,26.292821],[-97.34698,26.311396],[-97.352833,26.318521],[-97.336802,26.331753],[-97.330441,26.350582],[-97.343418,26.359234],[-97.358176,26.356435],[-97.369372,26.348547],[-97.372171,26.339895],[-97.387947,26.330481],[-97.392019,26.339386],[-97.388965,26.36585],[-97.374461,26.380862],[-97.369627,26.394603],[-97.377769,26.409107],[-97.395072,26.417249],[-97.398126,26.410888],[-97.406014,26.409107],[-97.4195,26.413178],[-97.42179,26.417249],[-97.412884,26.433026],[-97.411612,26.447275],[-97.41721,26.44982],[-97.425861,26.446003],[-97.437566,26.44982],[-97.441383,26.455418],[-97.441383,26.466614],[-97.43553,26.470176],[-97.42637,26.484425],[-97.430696,26.494603],[-97.430696,26.506563],[-97.422299,26.520303],[-97.416955,26.553637],[-97.428151,26.572466],[-97.445708,26.609362],[-97.444945,26.633535],[-97.467337,26.710126],[-97.468609,26.740915],[-97.471663,26.758727],[-97.478024,26.7572],[-97.484385,26.763562],[-97.509831,26.803511],[-97.537566,26.824885],[-97.552579,26.827938],[-97.563266,26.842188],[-97.558432,26.864325],[-97.552325,26.867633],[-97.552325,26.888499],[-97.540111,26.900967],[-97.540874,26.90631],[-97.555378,26.93888],[-97.549526,26.965344],[-97.551053,26.980865],[-97.555378,26.99028],[-97.549271,26.995878],[-97.536803,26.999695],[-97.484131,27.000458],[-97.478533,26.999186],[-97.473444,27.02285],[-97.477515,27.03252],[-97.486676,27.03481],[-97.48693,27.057711],[-97.477515,27.066108],[-97.493291,27.078067],[-97.495836,27.094098],[-97.49151,27.101222],[-97.480569,27.102494],[-97.47548,27.098423],[-97.461739,27.095624],[-97.45665,27.099695],[-97.452324,27.115217],[-97.443673,27.116235],[-97.444945,27.144734],[-97.434767,27.202241],[-97.422299,27.257712],[-97.42408,27.264073],[-97.450289,27.262546],[-97.467083,27.25364],[-97.485149,27.250841],[-97.500162,27.24448],[-97.509831,27.23532],[-97.520009,27.231248],[-97.54291,27.229213],[-97.561231,27.232775],[-97.573953,27.238882],[-97.597363,27.242444],[-97.628916,27.242953],[-97.639094,27.253131],[-97.640111,27.270943],[-97.636549,27.282139],[-97.621791,27.287228],[-97.609068,27.285193],[-97.584132,27.30962],[-97.5709,27.315727],[-97.53833,27.335574],[-97.520518,27.352877],[-97.514411,27.361529],[-97.501688,27.366618],[-97.48693,27.358984],[-97.483877,27.351351],[-97.483877,27.338628],[-97.499144,27.327941],[-97.502706,27.322343],[-97.498126,27.308602],[-97.504742,27.30504],[-97.517465,27.30504],[-97.526625,27.291808],[-97.544437,27.284175],[-97.532223,27.278577],[-97.508304,27.275014],[-97.482859,27.297915],[-97.450798,27.313691],[-97.430441,27.313691],[-97.413138,27.321325],[-97.404996,27.329977],[-97.399398,27.344735],[-97.37955,27.390028],[-97.372935,27.401224],[-97.369881,27.41242],[-97.371917,27.425142],[-97.36581,27.450588],[-97.359194,27.458221],[-97.350543,27.478578],[-97.347489,27.503005],[-97.343418,27.517764],[-97.336802,27.527433],[-97.321535,27.571199],[-97.302196,27.585957],[-97.294054,27.5941],[-97.298634,27.604787],[-97.296598,27.613947],[-97.266064,27.678579],[-97.259957,27.679597],[-97.253955,27.696696],[-97.316446,27.712676],[-97.34698,27.725398],[-97.368355,27.741683],[-97.386166,27.76662],[-97.393291,27.782905],[-97.391764,27.813948],[-97.379042,27.837867],[-97.360212,27.85059],[-97.354614,27.849572],[-97.325097,27.867893],[-97.295072,27.878071],[-97.273698,27.881633],[-97.250797,27.876035],[-97.242654,27.864839],[-97.241127,27.857714],[-97.228388,27.843661],[-97.225176,27.825723],[-97.209575,27.822091],[-97.187183,27.824126],[-97.184639,27.831251],[-97.155122,27.880615],[-97.144435,27.894356],[-97.135783,27.899445],[-97.129168,27.919801],[-97.121534,27.923364],[-97.075732,27.986977],[-97.061992,27.996138],[-97.04876,28.022092],[-97.030948,28.033288],[-97.025859,28.041939],[-97.031457,28.053644],[-97.035528,28.074],[-97.035528,28.084688],[-97.022806,28.107588],[-97.028913,28.117258],[-97.027386,28.124382],[-97.007539,28.136087],[-97.000414,28.137614],[-96.962755,28.123365],[-96.934765,28.123873],[-96.910337,28.147283],[-96.898123,28.152881],[-96.872678,28.176291],[-96.842143,28.193594],[-96.800413,28.224128],[-96.787181,28.250083],[-96.787181,28.255681],[-96.806011,28.282144],[-96.809573,28.290287],[-96.806011,28.296902],[-96.791761,28.31217],[-96.790744,28.323874],[-96.794306,28.34932],[-96.794815,28.364587],[-96.790235,28.383926],[-96.775985,28.405809],[-96.762245,28.411916],[-96.749013,28.408862],[-96.72255,28.408862],[-96.710336,28.406827],[-96.705756,28.400211],[-96.700158,28.369676],[-96.705247,28.348811],[-96.698122,28.342704],[-96.688453,28.347284],[-96.672677,28.335579],[-96.650794,28.346775],[-96.600412,28.354409],[-96.570386,28.368658],[-96.559699,28.377819],[-96.520513,28.394104],[-96.504737,28.397666],[-96.481836,28.407844],[-96.46148,28.421585],[-96.403973,28.44245],[-96.402446,28.449066],[-96.419749,28.467387],[-96.450284,28.490796],[-96.505755,28.525911],[-96.514406,28.535071],[-96.52204,28.55441],[-96.561226,28.570695],[-96.565297,28.5824],[-96.573949,28.584436],[-96.608045,28.583418],[-96.611099,28.585962],[-96.622804,28.622095],[-96.61059,28.636344],[-96.615679,28.644487],[-96.634,28.654665],[-96.635018,28.668914],[-96.657918,28.687744],[-96.664534,28.696904],[-96.648758,28.709627],[-96.593796,28.725403],[-96.584127,28.722859],[-96.57802,28.704538],[-96.561226,28.696395],[-96.55919,28.687235],[-96.572931,28.667897],[-96.563262,28.644487],[-96.54545,28.645505],[-96.506264,28.63838],[-96.499648,28.635835],[-96.497612,28.625148],[-96.510844,28.61497],[-96.490488,28.610899],[-96.480309,28.596649],[-96.482854,28.580364],[-96.487943,28.569677],[-96.473694,28.57324],[-96.376492,28.620059],[-96.373439,28.626675],[-96.328655,28.640924],[-96.303718,28.644996],[-96.304227,28.671459],[-96.287942,28.683164],[-96.268604,28.688762],[-96.256899,28.68469],[-96.231453,28.696395],[-96.202446,28.700976],[-96.19125,28.69436],[-96.192267,28.687744],[-96.214659,28.665352],[-96.208552,28.662298],[-96.230944,28.641433],[-96.212624,28.622604],[-96.21415,28.613443],[-96.233998,28.601738],[-96.228909,28.580873],[-96.221784,28.580364],[-96.198374,28.58698],[-96.187178,28.593596],[-96.148501,28.611408],[-96.099137,28.624639],[-96.072165,28.635326],[-96.047737,28.649067],[-96.033488,28.652629],[-96.006516,28.648049],[-96.002954,28.656192],[-95.996338,28.658736],[-95.978526,28.650594],[-95.983106,28.641942],[-95.985651,28.621077],[-95.982088,28.614461],[-95.98616,28.606319],[-96.007534,28.599703],[-96.032979,28.589016],[-96.046211,28.58698],[-96.104735,28.559499],[-96.145448,28.544741],[-96.21505,28.509679],[-96.223825,28.495067],[-96.268341,28.477992],[-96.335119,28.437795],[-96.374138,28.404275],[-96.381864,28.393276],[-96.378616,28.383909],[-96.370717,28.387667],[-96.371117,28.397661],[-96.341617,28.417334],[-96.32156,28.425148],[-96.303212,28.441871],[-96.270391,28.46193],[-96.244751,28.475055],[-96.220376,28.491966],[-96.194412,28.502224],[-96.077868,28.556626],[-96.000682,28.588238],[-95.884026,28.633098],[-95.812504,28.664942],[-95.568136,28.789998],[-95.486769,28.836287],[-95.439594,28.859022],[-95.416174,28.859482],[-95.38239,28.866348],[-95.376979,28.87616],[-95.353451,28.898145],[-95.309704,28.928262],[-95.297147,28.934073],[-95.272266,28.961546],[-95.238924,28.988644],[-95.191391,29.02309],[-95.125134,29.067321],[-95.122525,29.074],[-95.110484,29.088224],[-95.081773,29.111222],[-95.026219,29.148064],[-94.803695,29.279237],[-94.786095,29.290737],[-94.769695,29.304936],[-94.731082,29.331833],[-94.73132,29.338066],[-94.745529,29.334235],[-94.777064,29.336811],[-94.784895,29.335535],[-94.810696,29.353435],[-94.822307,29.344254],[-94.822547,29.321882],[-94.824953,29.306005],[-94.84973,29.297345],[-94.875952,29.293015],[-94.886536,29.297826],[-94.893994,29.30817],[-94.894234,29.338],[-94.886536,29.366386],[-94.8873,29.415132],[-94.8908,29.433432],[-94.919401,29.448031],[-94.930861,29.450504],[-94.925914,29.469047],[-94.913385,29.487254],[-94.909465,29.496838],[-94.958443,29.505013],[-94.981916,29.511141],[-94.999581,29.521093],[-95.015165,29.539989],[-95.018253,29.554885],[-95.00767,29.574257],[-94.988993,29.591155],[-94.982706,29.601344],[-94.988871,29.610095],[-95.013499,29.629194],[-95.015636,29.639457],[-95.005398,29.659366],[-94.972666,29.68487],[-94.965963,29.70033],[-94.942681,29.697778],[-94.936089,29.692704],[-94.934167,29.678682],[-94.921318,29.658178],[-94.915413,29.656614],[-94.893107,29.661336],[-94.872551,29.67125],[-94.867438,29.678768],[-94.865007,29.695337],[-94.851108,29.721373],[-94.816085,29.75671],[-94.792238,29.767433],[-94.771512,29.773889],[-94.740919,29.787081],[-94.735271,29.785433],[-94.724616,29.774766],[-94.695317,29.723052],[-94.692434,29.70361],[-94.693154,29.694453],[-94.708741,29.625226],[-94.734626,29.584046],[-94.755237,29.562782],[-94.771053,29.548439],[-94.790605,29.548401],[-94.780938,29.531093],[-94.768676,29.525659],[-94.740699,29.525858],[-94.718276,29.533547],[-94.691625,29.537787],[-94.62589,29.552808],[-94.593518,29.561319],[-94.570006,29.572232],[-94.553988,29.573882],[-94.546385,29.572048],[-94.526336,29.552634],[-94.523743,29.545987],[-94.503429,29.54325],[-94.495025,29.525031],[-94.511045,29.51965],[-94.532348,29.5178],[-94.55399,29.529559],[-94.566674,29.531988],[-94.580274,29.525295],[-94.59544,29.507669],[-94.594211,29.492127],[-94.608557,29.483345],[-94.628217,29.475986],[-94.645948,29.473769],[-94.656737,29.478033],[-94.6724,29.476843],[-94.686386,29.466509],[-94.706365,29.436805],[-94.723818,29.426536],[-94.7541,29.401],[-94.766848,29.393489],[-94.783131,29.375642],[-94.778691,29.361483],[-94.761491,29.361883],[-94.744834,29.369158],[-94.731047,29.369141],[-94.723959,29.383268],[-94.708473,29.403049],[-94.694158,29.415632],[-94.670389,29.43078],[-94.631084,29.451464],[-94.594853,29.467903],[-94.500807,29.505367],[-94.354163,29.561459],[-94.132577,29.646217],[-94.056506,29.671163],[-94.001406,29.681486],[-93.931,29.679612],[-93.88999,29.674013],[-93.866981,29.673085],[-93.852868,29.675885],[-93.837971,29.690619],[-93.892246,29.765241],[-93.89847,29.771577],[-93.890679,29.843159],[-93.789431,29.987812],[-93.75663,30.014163],[-93.752038,30.016403],[-93.721589,30.051939],[-93.712101,30.067346],[-93.695684,30.135729],[-93.695252,30.1476],[-93.712008,30.194304],[-93.720575,30.295961],[-93.735896,30.29944],[-93.765822,30.333318],[-93.757654,30.390423],[-93.751437,30.396288],[-93.702665,30.429947],[-93.697828,30.443838],[-93.710117,30.5064],[-93.740045,30.538765],[-93.727844,30.57407],[-93.578395,30.802047],[-93.563292,30.818503],[-93.558617,30.869424],[-93.530936,30.924534],[-93.540354,31.008135],[-93.527644,31.074509],[-93.531744,31.180817],[-93.535097,31.185614],[-93.552649,31.185575],[-93.579215,31.167422],[-93.588503,31.165581],[-93.598828,31.174679],[-93.602315,31.181742],[-93.607243,31.204806],[-93.608158,31.227835],[-93.614402,31.260869],[-93.620829,31.271299],[-93.644407,31.27711],[-93.671676,31.299586],[-93.640805,31.372546],[-93.670182,31.387184],[-93.695866,31.409392],[-93.729613,31.487922],[-93.798087,31.534044],[-93.818582,31.554826],[-93.834924,31.586211],[-93.82629,31.614903],[-93.817059,31.671694],[-93.812477,31.715246],[-93.840029,31.800596],[-93.889193,31.856819],[-93.92029,31.888651],[-93.932135,31.893672],[-93.975377,31.92366],[-94.01563,31.979856],[-94.04272,31.999265],[-94.042337,32.119914],[-94.042733,32.269696],[-94.042739,32.363559],[-94.043089,32.486561],[-94.04278,32.643466],[-94.043147,32.69303],[-94.042785,32.871486],[-94.043092,32.910021],[-94.042964,33.019219],[-94.043185,33.143476],[-94.04273,33.241823],[-94.043128,33.358757],[-94.042887,33.420225],[-94.04345,33.552253],[-94.066846,33.568909],[-94.085243,33.575546],[-94.181805,33.593217],[-94.252656,33.586144],[-94.257801,33.582508],[-94.355945,33.54318],[-94.409329,33.568265],[-94.464336,33.598819],[-94.470963,33.60594],[-94.485875,33.637867]]]]}}]}